CD_ORDER,CD_MISSION,NM_PRIORITY,TP_MISSION,DSC_MISSION,UDC,OID_STACKED_UDC,OID_FORKLIFT,FROM_X,FROM_Y,FROM_Z,AREA_FROM,TP_AREA_FROM,DSC_AREA_FROM,BEAM_FROM,AREA_TO,TP_AREA_TO,DSC_AREA_TO,BEAM_TO,TO_X,TO_Y,TO_Z,DT_INSERT,DT_START,DT_UPDATE,DIFF,OID_ORDER_R_BEAM,OID_ORDER,OID_ORDER_R,OID_ARTICLE,OID_BATCH,QTY_TO_PICK,NM_ENTIRE,NM_TOTAL,CD_ARTICLE,DSC_ARTICLE,WEIGHT,HEIGHT,TP_UDC,DT_READY_TO_GO,DIFF_READY_TO_GO,DISTANCE
2562123490,"3,915,349",5,15,CARICO DA MAG AUTO,1,"3,806,820",64,246,426,0,MA-RUL-PIC,OUT_AUTO,RULLIERA PICKING MAGAUTO,-,0,STOCK,0,-,1,230,5,10/11/2022 9:58,10/11/2022 10:04,10/11/2022 10:07,3,"1,386,216","1,309,257",0,0,0,0,1,1,752190,RAWTECH RAW-MUD NAT 80X80 RET,30,220,1,10/11/2022 10:06,1,367
2562123426,"3,915,352",5,15,CARICO DA MAG AUTO,1,"3,806,827",64,246,426,0,MA-RUL-PIC,OUT_AUTO,RULLIERA PICKING MAGAUTO,-,0,STOCK,0,-,1,230,5,10/11/2022 9:59,10/11/2022 10:07,10/11/2022 10:10,2,"1,386,217","1,309,180",0,0,0,0,1,1,742717,LA ROCHE MUD STRUT.B.DRITTI 40X80 RETT,22,240,1,10/11/2022 10:08,1,367
2562123754,"3,914,009",6,94,POSIZIONAMENTO DA PREBOX A BDP,1,"3,806,852",65,390,393,0,0,STOCK,0,-,M3-CL-04,S_CANT,Cantilever M3,-,353,417,957,9/11/2022 18:48,10/11/2022 10:22,10/11/2022 10:23,1,"1,385,973","1,309,550",0,0,0,0,1,1,,,,,,10/11/2022 10:22,0,57
2562123516,"3,915,473",5,15,CARICO DA MAG AUTO,1,"3,806,911",64,246,426,0,MA-RUL-PIC,OUT_AUTO,RULLIERA PICKING MAGAUTO,-,0,STOCK,0,-,1,230,2,10/11/2022 11:02,10/11/2022 11:03,10/11/2022 11:05,2,"1,386,252","1,309,288",0,0,0,0,1,1,755720,MATIÈRES DE REX GRIS 60X120 RET,31,220,1,10/11/2022 11:04,1,367
2562123558,"3,914,029",6,94,POSIZIONAMENTO DA PREBOX A BDP,1,"3,807,428",65,110,185,0,PRE-BOX-11,PRE_BOX,AREA PRE-BOX PLANT2,3,M3-CL-07,S_CANT,Cantilever M3,-,360,429,947,9/11/2022 18:49,10/11/2022 14:43,10/11/2022 15:21,38,"1,385,998","1,309,328",0,0,0,0,1,1,,,,,,10/11/2022 15:19,35,401
2562124073,"3,916,152",6,60,POSIZIONAMENTO INTERI,1,"3,807,456",63,332,456,0,M3-42B-01,STOCK,PIAZZALE LATO NORD,1,M3-BO-241,S_CA,BOX PRONTI CAMION,13,343,430,0,10/11/2022 15:25,10/11/2022 15:26,10/11/2022 15:29,3,"1,385,920","1,309,891","40,289,259","2,104,644","437,059",0,4,4,769817,REVES DE REX BLEU GLOSSY 60X120 RETT,"1,901",,1,10/11/2022 15:28,2,37
2562124073,"3,916,162",6,60,POSIZIONAMENTO INTERI,1,"3,807,469",63,332,456,0,M3-42B-01,STOCK,PIAZZALE LATO NORD,1,M3-BO-241,S_CA,BOX PRONTI CAMION,13,343,430,0,10/11/2022 15:28,10/11/2022 15:29,10/11/2022 15:32,3,"1,385,920","1,309,891","40,289,259","2,104,644","437,059",0,4,4,769817,REVES DE REX BLEU GLOSSY 60X120 RETT,"1,901",,1,10/11/2022 15:31,1,37
2562124073,"3,916,174",6,60,POSIZIONAMENTO INTERI,1,"3,807,476",63,332,456,0,M3-42B-01,STOCK,PIAZZALE LATO NORD,1,M3-BO-241,S_CA,BOX PRONTI CAMION,13,343,430,0,10/11/2022 15:31,10/11/2022 15:32,10/11/2022 15:35,3,"1,385,920","1,309,891","40,289,259","2,104,644","437,059",0,4,4,769817,REVES DE REX BLEU GLOSSY 60X120 RETT,"1,901",,1,10/11/2022 15:33,1,37
2562124073,"3,913,785",6,60,POSIZIONAMENTO INTERI,1,"3,807,488",63,190,308,0,M0-C68-02,STOCK,PIAZZALE NUOVO,28,M3-BO-241,S_CA,BOX PRONTI CAMION,13,343,430,0,9/11/2022 17:33,10/11/2022 15:35,10/11/2022 15:41,6,"1,385,919","1,309,891","40,289,261","1,735,640","456,605",0,1,1,766330,BIJOUX CALAC ALTISSIMO GLOSSY 60X120 RET,"1,850",,1,10/11/2022 15:38,3,206
2562124073,"3,913,786",6,60,POSIZIONAMENTO INTERI,1,"3,807,509",63,139,308,0,M0-D28-02,STOCK,PIAZZALE NUOVO,28,M3-BO-241,S_CA,BOX PRONTI CAMION,13,343,430,0,9/11/2022 17:33,10/11/2022 15:41,10/11/2022 15:50,9,"1,385,918","1,309,891","40,289,262","1,735,500","436,307",0,1,1,766332,BIJOUX OMBRE CARAVAGE GLOSSY 60X120 RETT,"1,850",,1,10/11/2022 15:48,6,250
2562124073,"3,913,784",6,60,POSIZIONAMENTO INTERI,1,"3,807,525",63,275,331,0,M0-B68-02,STOCK,PIAZZALE NUOVO,14,M3-BO-241,S_CA,BOX PRONTI CAMION,13,343,430,0,9/11/2022 17:33,10/11/2022 15:50,10/11/2022 15:59,8,"1,385,921","1,309,891","40,289,260","2,104,704","462,551",0,3,3,769819,REVES DE REX CHOCO GLOSSY 60X120 RETT,"1,706",,1,10/11/2022 15:54,3,0
2562124073,"3,916,229",6,60,POSIZIONAMENTO INTERI,1,"3,807,576",63,275,331,0,M0-B68-02,STOCK,PIAZZALE NUOVO,14,M3-BO-241,S_CA,BOX PRONTI CAMION,13,343,430,0,10/11/2022 15:54,10/11/2022 15:59,10/11/2022 16:29,30,"1,385,921","1,309,891","40,289,260","2,104,704","462,551",0,3,3,769819,REVES DE REX CHOCO GLOSSY 60X120 RETT,"1,706",,1,10/11/2022 16:27,28,0
2562123868,"3,913,779",6,60,POSIZIONAMENTO INTERI,1,"3,807,572",64,104,275,0,M0-D70-03,STOCK,PIAZZALE NUOVO,8,0,STOCK,0,-,1,230,1,9/11/2022 17:32,10/11/2022 16:21,10/11/2022 16:32,11,"1,385,916","1,309,667","40,288,891","1,837,550","341,660",0,1,1,768299,SENSI IVORY FOSSIL R+PTV 60X120 RET,"2,004",,1,10/11/2022 16:25,4,147
2562124073,"3,916,302",6,60,POSIZIONAMENTO INTERI,1,"3,807,587",63,275,331,0,M0-B68-02,STOCK,PIAZZALE NUOVO,14,M3-BO-241,S_CA,BOX PRONTI CAMION,13,343,430,0,10/11/2022 16:27,10/11/2022 16:29,10/11/2022 16:34,5,"1,385,921","1,309,891","40,289,260","2,104,704","462,551",0,3,3,769819,REVES DE REX CHOCO GLOSSY 60X120 RETT,"1,706",,1,10/11/2022 16:31,2,0
2562123799,"3,913,790",6,60,POSIZIONAMENTO INTERI,2,"3,807,661",64,293,275,0,M0-B50-03,STOCK,PIAZZALE NUOVO,8,M3-BO-460,S_CA,BOX PRONTI CAMION,12,397,420,0,9/11/2022 17:33,10/11/2022 16:57,10/11/2022 17:06,10,"1,385,922","1,309,590","40,288,730","908,714","430,227",0,7,7,753924,RAWTECH RAW-DUST STRUTTURATO 60X60 RET,"2,786",,1,10/11/2022 17:03,6,222
2562123799,"3,916,420",6,60,POSIZIONAMENTO INTERI,2,"3,807,673",64,293,275,0,M0-B50-03,STOCK,PIAZZALE NUOVO,8,M3-BO-460,S_CA,BOX PRONTI CAMION,12,397,420,0,10/11/2022 17:03,10/11/2022 17:06,10/11/2022 17:13,7,"1,385,922","1,309,590","40,288,730","908,714","430,227",0,7,7,753924,RAWTECH RAW-DUST STRUTTURATO 60X60 RET,"2,786",,1,10/11/2022 17:08,2,222
2562123799,"3,916,431",6,60,POSIZIONAMENTO INTERI,2,"3,807,682",64,293,275,0,M0-B50-03,STOCK,PIAZZALE NUOVO,8,M3-BO-460,S_CA,BOX PRONTI CAMION,12,397,420,0,10/11/2022 17:08,10/11/2022 17:13,10/11/2022 17:18,5,"1,385,922","1,309,590","40,288,730","908,714","430,227",0,7,7,753924,RAWTECH RAW-DUST STRUTTURATO 60X60 RET,"2,786",,1,10/11/2022 17:15,2,222
2562123799,"3,916,443",6,60,POSIZIONAMENTO INTERI,1,"3,807,691",64,293,275,0,M0-B50-03,STOCK,PIAZZALE NUOVO,8,M3-BO-460,S_CA,BOX PRONTI CAMION,12,397,420,0,10/11/2022 17:15,10/11/2022 17:18,10/11/2022 17:23,5,"1,385,922","1,309,590","40,288,730","908,714","430,227",0,7,7,753924,RAWTECH RAW-DUST STRUTTURATO 60X60 RET,"2,786",,1,10/11/2022 17:20,2,222
2562123667,"3,914,004",6,94,POSIZIONAMENTO DA PREBOX A BDP,1,"3,807,743",65,197,225,0,PRE-BOX-AA,PRE_BOX,AREA PRE-BOX PLANT2,11,M3-CL-01,S_CANT,Cantilever M3,-,362,402,47,9/11/2022 18:48,10/11/2022 17:34,10/11/2022 17:43,9,"1,385,968","1,309,459",0,0,0,0,1,1,,,,,,10/11/2022 17:41,7,319
2562123201,"3,914,167",5,15,CARICO DA MAG AUTO,1,"3,806,062",64,246,426,0,MA-RUL-PIC,OUT_AUTO,RULLIERA PICKING MAGAUTO,-,0,STOCK,0,-,1,230,5,9/11/2022 19:51,10/11/2022 5:01,10/11/2022 5:03,2,"1,386,033","1,308,917",0,0,0,0,1,1,738961,INDUSTRIAL IVORY BOCCIAR.20MM 60x60 RET,836,800,1,10/11/2022 5:02,0,367
2562123690,"3,912,476",6,94,POSIZIONAMENTO DA PREBOX A BDP,1,"3,806,083",86,390,393,0,0,STOCK,0,-,M3-CL-05,S_CANT,Cantilever M3,-,368,420,3797,9/11/2022 10:14,10/11/2022 5:16,10/11/2022 5:18,2,"1,385,549","1,309,481",0,0,0,0,1,1,,,,,,10/11/2022 5:16,0,75
2562123880,"3,912,848",6,94,POSIZIONAMENTO DA PREBOX A BDP,1,"3,806,087",86,394,402,0,0,STOCK,0,-,M3-CL-03,S_CANT,Cantilever M3,-,367,411,1477,9/11/2022 12:10,10/11/2022 5:18,10/11/2022 5:20,2,"1,385,662","1,309,679",0,0,0,0,1,1,,,,,,10/11/2022 5:19,1,40
2562123701,"3,914,007",6,94,POSIZIONAMENTO DA PREBOX A BDP,1,"3,806,114",40,110,193,0,PRE-BOX-09,PRE_BOX,AREA PRE-BOX PLANT2,3,M3-CL-01,S_CANT,Cantilever M3,-,365,402,47,9/11/2022 18:48,10/11/2022 5:20,10/11/2022 5:28,8,"1,385,969","1,309,485",0,0,0,0,1,1,,,,,,10/11/2022 5:26,5,388
2562123947,"3,914,018",6,94,POSIZIONAMENTO DA PREBOX A BDP,1,"3,806,095",86,389,394,0,0,STOCK,0,-,M3-CL-05,S_CANT,Cantilever M3,-,354,421,942,9/11/2022 18:49,10/11/2022 5:20,10/11/2022 5:22,2,"1,385,988","1,309,745",0,0,0,0,1,1,,,,,,10/11/2022 5:21,1,91
2562123710,"3,912,478",6,94,POSIZIONAMENTO DA PREBOX A BDP,1,"3,806,107",86,129,186,0,PRE-BO-10A,PRE_BOX,AREA PRE-BOX PLANT2,4,M3-CL-05,S_CANT,Cantilever M3,-,353,421,37,9/11/2022 10:14,10/11/2022 5:22,10/11/2022 5:27,5,"1,385,548","1,309,521",0,0,0,0,1,1,,,,,,10/11/2022 5:24,2,348
2562124004,"3,914,037",6,94,POSIZIONAMENTO DA PREBOX A BDP,1,"3,806,123",65,132,225,0,PRE-BOX-1A,PRE_BOX,AREA PRE-BOX PLANT2,6,M3-CL-03,S_CANT,Cantilever M3,-,384,411,2592,9/11/2022 18:50,10/11/2022 5:22,10/11/2022 5:30,8,"1,385,992","1,309,803",0,0,0,0,1,1,,,,,,10/11/2022 5:29,7,411
2562123466,"3,914,667",5,15,CARICO DA MAG AUTO,1,"3,806,104",64,246,426,0,MA-RUL-PIC,OUT_AUTO,RULLIERA PICKING MAGAUTO,-,0,STOCK,0,-,1,230,2,10/11/2022 5:22,10/11/2022 5:22,10/11/2022 5:25,3,"1,386,048","1,309,226",0,0,0,0,1,1,755611,PLANCHES DE REX NOISETTE 20X120 RET,439,480,1,10/11/2022 5:24,1,367
2562124108,"3,913,781",8,60,POSIZIONAMENTO INTERI,1,"3,806,120",95,168,322,0,M0-C88-03,STOCK,PIAZZALE NUOVO,18,0,STOCK,0,-,1,230,5,9/11/2022 17:32,10/11/2022 5:25,10/11/2022 5:33,7,"1,385,917","1,309,902","40,289,273","1,837,545","462,409",0,1,1,768293,SENSI WHITE FOSSIL 60X120 RET,"1,706",,1,10/11/2022 5:28,3,261
2562123759,"3,914,028",6,94,POSIZIONAMENTO DA PREBOX A BDP,1,"3,806,124",86,126,201,0,PRE-BOX-6A,PRE_BOX,AREA PRE-BOX PLANT2,5,M3-CL-04,S_CANT,Cantilever M3,-,385,416,2612,9/11/2022 18:49,10/11/2022 5:27,10/11/2022 5:32,5,"1,385,994","1,309,851",0,0,0,0,1,1,,,,,,10/11/2022 5:30,2,424
2562123704,"3,914,005",6,94,POSIZIONAMENTO DA PREBOX A BDP,1,"3,806,137",40,214,225,0,PRE-BOX-AA,PRE_BOX,AREA PRE-BOX PLANT2,16,M3-CL-03,S_CANT,Cantilever M3,-,353,412,952,9/11/2022 18:48,10/11/2022 5:28,10/11/2022 5:36,8,"1,385,971","1,309,486",0,0,0,0,1,1,,,,,,10/11/2022 5:34,6,0
2562123195,"3,914,710",5,15,CARICO DA MAG AUTO,1,"3,806,121",64,246,426,0,MA-RUL-PIC,OUT_AUTO,RULLIERA PICKING MAGAUTO,-,0,STOCK,0,-,1,230,2,10/11/2022 5:28,10/11/2022 5:28,10/11/2022 5:30,2,"1,386,049","1,308,912",0,0,0,0,1,1,768359,SENSI WHITE FOSSIL 80x80 RETT,27,300,1,10/11/2022 5:29,0,367
2562123215,"3,914,714",5,15,CARICO DA MAG AUTO,1,"3,806,129",64,246,426,0,MA-RUL-PIC,OUT_AUTO,RULLIERA PICKING MAGAUTO,-,0,STOCK,0,-,1,230,2,10/11/2022 5:30,10/11/2022 5:30,10/11/2022 5:32,2,"1,386,050","1,308,946",0,0,0,0,1,1,761219,STONTECH 4.0 STONE_02 CANNETE' 60x120RET,317,440,1,10/11/2022 5:31,1,367
2562123939,"3,914,021",6,94,POSIZIONAMENTO DA PREBOX A BDP,1,"3,806,131",65,390,394,0,0,STOCK,0,-,M3-CL-08,S_CANT,Cantilever M3,-,385,432,2032,9/11/2022 18:49,10/11/2022 5:30,10/11/2022 5:32,2,"1,385,982","1,309,737",0,0,0,0,1,1,,,,,,10/11/2022 5:31,1,43
2562123747,"3,912,858",6,94,POSIZIONAMENTO DA PREBOX A BDP,1,"3,806,165",86,133,184,0,PRE-BO-11A,PRE_BOX,AREA PRE-BOX PLANT2,6,M3-CL-05,S_CANT,Cantilever M3,-,355,421,3797,9/11/2022 12:10,10/11/2022 5:32,10/11/2022 5:43,11,"1,385,681","1,309,541",0,0,0,0,1,1,,,,,,10/11/2022 5:42,10,0
2562123771,"3,912,849",6,94,POSIZIONAMENTO DA PREBOX A BDP,1,"3,806,134",65,390,394,0,0,STOCK,0,-,M3-CL-04,S_CANT,Cantilever M3,-,368,417,3202,9/11/2022 12:10,10/11/2022 5:32,10/11/2022 5:34,2,"1,385,670","1,309,567",0,0,0,0,1,1,,,,,,10/11/2022 5:33,1,37
2562123866,"3,914,717",8,60,POSIZIONAMENTO INTERI,1,"3,806,138",45,276,853,0,M1-CD-01,STOCK,MAGAZZINO COPERTO,3,M1-BO-181,S_CO,BOX PRONTI CONTAINER,3,215,723,0,10/11/2022 5:30,10/11/2022 5:33,10/11/2022 5:36,3,"1,386,020","1,309,665","40,288,890","1,728,442","463,085",0,7,7,765404,ONYX&MORE GOLDEN ONYX SAT.80X180 RET,"2,373",,4,10/11/2022 5:34,1,285
2562121502,"3,914,716",8,60,POSIZIONAMENTO INTERI,1,"3,806,146",92,322,349,0,M0-B08-03,STOCK,PIAZZALE NUOVO,36,M3-BO-500,S_CA,BOX PRONTI CAMION,4,407,431,0,10/11/2022 5:30,10/11/2022 5:33,10/11/2022 5:39,6,"1,385,276","1,307,058","40,284,773","1,741,020","230,878",0,19,19,766594,B&W_MARBLE PEBBLE HIGH-GLOSSY 30X60 RET,"5,806",,1,10/11/2022 5:36,3,140
2562123943,"3,914,025",6,94,POSIZIONAMENTO DA PREBOX A BDP,1,"3,806,142",65,389,393,0,0,STOCK,0,-,M3-CL-05,S_CANT,Cantilever M3,-,357,420,942,9/11/2022 18:49,10/11/2022 5:34,10/11/2022 5:36,2,"1,385,986","1,309,741",0,0,0,0,1,1,,,,,,10/11/2022 5:35,1,80
2562123513,"3,914,724",5,15,CARICO DA MAG AUTO,1,"3,806,145",64,246,426,0,MA-RUL-PIC,OUT_AUTO,RULLIERA PICKING MAGAUTO,-,0,STOCK,0,-,1,230,2,10/11/2022 5:35,10/11/2022 5:35,10/11/2022 5:37,2,"1,386,051","1,309,282",0,0,0,0,1,1,767799,CRAYONS CERIM MILK NAT 6MM 60X120R,219,440,1,10/11/2022 5:36,0,367
2562124007,"3,914,036",6,94,POSIZIONAMENTO DA PREBOX A BDP,1,"3,806,188",40,114,188,0,PRE-BOX-10,PRE_BOX,AREA PRE-BOX PLANT2,1,M3-CL-06,S_CANT,Cantilever M3,-,366,425,962,9/11/2022 18:50,10/11/2022 5:36,10/11/2022 5:53,17,"1,385,995","1,309,855",0,0,0,0,1,1,,,,,,10/11/2022 5:49,13,394
2562123905,"3,914,016",6,94,POSIZIONAMENTO DA PREBOX A BDP,1,"3,806,172",65,165,217,0,PRE-BOX-3B,PRE_BOX,AREA PRE-BOX PLANT2,1,M3-CL-04,S_CANT,Cantilever M3,-,373,416,52,9/11/2022 18:49,10/11/2022 5:36,10/11/2022 5:44,8,"1,385,979","1,309,708",0,0,0,0,1,1,,,,,,10/11/2022 5:43,8,359
2562123866,"3,914,721",8,60,POSIZIONAMENTO INTERI,2,"3,806,151",45,276,853,0,M1-CD-01,STOCK,MAGAZZINO COPERTO,3,M1-BO-181,S_CO,BOX PRONTI CONTAINER,3,215,723,0,10/11/2022 5:34,10/11/2022 5:36,10/11/2022 5:39,3,"1,386,020","1,309,665","40,288,890","1,728,442","463,085",0,7,7,765404,ONYX&MORE GOLDEN ONYX SAT.80X180 RET,"2,373",,4,10/11/2022 5:37,1,285
2562123189,"3,914,729",5,15,CARICO DA MAG AUTO,1,"3,806,155",64,246,426,0,MA-RUL-PIC,OUT_AUTO,RULLIERA PICKING MAGAUTO,-,0,STOCK,0,-,1,230,5,10/11/2022 5:36,10/11/2022 5:37,10/11/2022 5:40,3,"1,386,052","1,308,906",0,0,0,0,1,1,742721,WOODEN ALMOND 20X120 STRUTT,31,240,1,10/11/2022 5:38,1,367
2562123866,"3,914,734",8,60,POSIZIONAMENTO INTERI,2,"3,806,161",45,276,853,0,M1-CD-01,STOCK,MAGAZZINO COPERTO,3,M1-BO-181,S_CO,BOX PRONTI CONTAINER,3,215,723,0,10/11/2022 5:37,10/11/2022 5:39,10/11/2022 5:43,4,"1,386,020","1,309,665","40,288,890","1,728,442","463,085",0,7,7,765404,ONYX&MORE GOLDEN ONYX SAT.80X180 RET,"2,373",,4,10/11/2022 5:41,2,285
2562121502,"3,914,728",8,60,POSIZIONAMENTO INTERI,1,"3,806,167",92,322,349,0,M0-B08-03,STOCK,PIAZZALE NUOVO,36,M3-BO-500,S_CA,BOX PRONTI CAMION,4,407,431,0,10/11/2022 5:36,10/11/2022 5:39,10/11/2022 5:47,8,"1,385,276","1,307,058","40,284,773","1,741,020","230,878",0,19,19,766594,B&W_MARBLE PEBBLE HIGH-GLOSSY 30X60 RET,"5,806",,1,10/11/2022 5:42,3,140
2562123221,"3,914,739",5,15,CARICO DA MAG AUTO,1,"3,806,162",64,246,426,0,MA-RUL-PIC,OUT_AUTO,RULLIERA PICKING MAGAUTO,-,0,STOCK,0,-,1,230,2,10/11/2022 5:39,10/11/2022 5:40,10/11/2022 5:42,2,"1,386,053","1,308,953",0,0,0,0,1,1,745544,"INDUSTRIAL SAGE BATTISCOPA SOFT 4,6x60",50,280,1,10/11/2022 5:41,1,367
2562122996,"3,914,652",0,63,POSIZIONAMENTO DA PICK_CLD A BOX,1,"3,806,173",45,241,745,0,M1-PIK-F12,PICK_CLD,PICKING MANUALE M1,1,M1-BO-182,S_CA,BOX PRONTI CAMION,1,210,724,0,10/11/2022 5:14,10/11/2022 5:43,10/11/2022 5:45,2,"1,386,043","1,308,677",0,0,0,0,1,1,741845,STONES 2.0 CALACATTA SMOOTH 80X180 RETT.,403,315,4,10/11/2022 5:44,1,46
2562123620,"3,914,748",5,15,CARICO DA MAG AUTO,1,"3,806,169",64,246,426,0,MA-RUL-PIC,OUT_AUTO,RULLIERA PICKING MAGAUTO,-,0,STOCK,0,-,1,230,5,10/11/2022 5:43,10/11/2022 5:43,10/11/2022 5:44,2,"1,386,054","1,309,404",0,0,0,0,1,1,775046,HERITAGE LUXE AQUA COMF.9MM 60X120 RET,28,300,1,10/11/2022 5:43,0,367
2562123250,"3,914,750",5,15,CARICO DA MAG AUTO,1,"3,806,178",64,246,426,0,MA-RUL-PIC,OUT_AUTO,RULLIERA PICKING MAGAUTO,-,0,STOCK,0,-,1,230,5,10/11/2022 5:44,10/11/2022 5:44,10/11/2022 5:47,3,"1,386,055","1,308,989",0,0,0,0,1,1,775141,NATURE MOOD PLANK 04 STRUC 9MM 30X120RE,86,300,1,10/11/2022 5:46,1,367
2562123752,"3,912,841",6,94,POSIZIONAMENTO DA PREBOX A BDP,1,"3,806,175",86,390,393,0,0,STOCK,0,-,M3-CL-05,S_CANT,Cantilever M3,-,380,419,37,9/11/2022 12:10,10/11/2022 5:44,10/11/2022 5:45,2,"1,385,664","1,309,548",0,0,0,0,1,1,,,,,,10/11/2022 5:44,1,31
2562123325,"3,911,929",6,94,POSIZIONAMENTO DA PREBOX A BDP,1,"3,806,177",65,394,401,0,0,STOCK,0,-,M3-CL-05,S_CANT,Cantilever M3,-,359,420,3192,9/11/2022 6:40,10/11/2022 5:44,10/11/2022 5:46,2,"1,385,362","1,309,087",0,0,0,0,1,1,,,,,,10/11/2022 5:45,1,90
2562123678,"3,912,481",6,94,POSIZIONAMENTO DA PREBOX A BDP,1,"3,806,179",86,390,393,0,0,STOCK,0,-,M3-CL-05,S_CANT,Cantilever M3,-,358,420,3797,9/11/2022 10:14,10/11/2022 5:45,10/11/2022 5:47,2,"1,385,554","1,309,469",0,0,0,0,1,1,,,,,,10/11/2022 5:46,1,82
2562123390,"3,911,938",6,94,POSIZIONAMENTO DA PREBOX A BDP,1,"3,806,185",65,216,220,0,PRE-BOX-2B,PRE_BOX,AREA PRE-BOX PLANT2,1,M3-CL-05,S_CANT,Cantilever M3,-,354,421,2602,9/11/2022 6:40,10/11/2022 5:46,10/11/2022 5:51,5,"1,385,376","1,309,147",0,0,0,0,1,1,,,,,,10/11/2022 5:48,2,0
2562123875,"3,914,013",6,94,POSIZIONAMENTO DA PREBOX A BDP,1,"3,806,204",86,133,187,0,PRE-BO-10A,PRE_BOX,AREA PRE-BOX PLANT2,1,M3-CL-06,S_CANT,Cantilever M3,-,382,424,52,9/11/2022 18:48,10/11/2022 5:47,10/11/2022 5:56,8,"1,385,976","1,309,675",0,0,0,0,1,1,,,,,,10/11/2022 5:55,7,394
2562121502,"3,914,746",8,60,POSIZIONAMENTO INTERI,1,"3,806,189",92,322,349,0,M0-B08-03,STOCK,PIAZZALE NUOVO,36,M3-BO-500,S_CA,BOX PRONTI CAMION,4,407,431,0,10/11/2022 5:43,10/11/2022 5:47,10/11/2022 5:53,6,"1,385,276","1,307,058","40,284,773","1,741,020","230,878",0,19,19,766594,B&W_MARBLE PEBBLE HIGH-GLOSSY 30X60 RET,"5,806",,1,10/11/2022 5:50,3,140
2562123166,"3,914,760",5,15,CARICO DA MAG AUTO,1,"3,806,186",64,246,426,0,MA-RUL-PIC,OUT_AUTO,RULLIERA PICKING MAGAUTO,-,0,STOCK,0,-,1,230,5,10/11/2022 5:48,10/11/2022 5:48,10/11/2022 5:50,2,"1,386,056","1,308,874",0,0,0,0,1,1,769084,"SENSI BY THUN GREY NAT MOSAICO 0,6X0,6",36,320,1,10/11/2022 5:49,0,367
2562122783,"3,911,902",6,94,POSIZIONAMENTO DA PREBOX A BDP,1,"3,806,199",65,213,220,0,PRE-BOX-2B,PRE_BOX,AREA PRE-BOX PLANT2,2,M3-CL-22,S_CANT,Cantilever M3,-,196,388,2022,9/11/2022 6:35,10/11/2022 5:51,10/11/2022 5:55,4,"1,385,343","1,308,944",0,0,0,0,1,1,,,,,,10/11/2022 5:53,2,179
2562123364,"3,914,672",0,63,POSIZIONAMENTO DA PICK_CLD A BOX,1,"3,806,192",45,236,746,0,M1-PIK-F10,PICK_CLD,PICKING MANUALE M1,1,M1-BO-182,S_CA,BOX PRONTI CAMION,1,210,724,0,10/11/2022 5:23,10/11/2022 5:51,10/11/2022 5:52,2,"1,386,047","1,309,126",0,0,0,0,1,1,774646,NATURE MOOD RAINFOREST COMFORT 80X180RET,132,205,4,10/11/2022 5:52,1,45
2562124147,"3,914,042",6,94,POSIZIONAMENTO DA PREBOX A BDP,1,"3,806,222",40,114,188,0,PRE-BOX-10,PRE_BOX,AREA PRE-BOX PLANT2,1,M3-CL-07,S_CANT,Cantilever M3,-,372,428,947,9/11/2022 18:50,10/11/2022 5:53,10/11/2022 6:02,9,"1,386,004","1,309,957",0,0,0,0,1,1,,,,,,10/11/2022 5:59,7,393
2562121502,"3,914,761",8,60,POSIZIONAMENTO INTERI,1,"3,806,207",92,322,349,0,M0-B08-03,STOCK,PIAZZALE NUOVO,36,M3-BO-500,S_CA,BOX PRONTI CAMION,4,407,431,0,10/11/2022 5:50,10/11/2022 5:53,10/11/2022 5:59,7,"1,385,276","1,307,058","40,284,773","1,741,020","230,878",0,19,19,766594,B&W_MARBLE PEBBLE HIGH-GLOSSY 30X60 RET,"5,806",,1,10/11/2022 5:56,3,140
2562123983,"3,914,770",5,15,CARICO DA MAG AUTO,1,"3,806,206",64,246,426,0,MA-RUL-PIC,OUT_AUTO,RULLIERA PICKING MAGAUTO,-,0,STOCK,0,-,1,230,2,10/11/2022 5:54,10/11/2022 5:54,10/11/2022 5:56,2,"1,386,057","1,309,776",0,0,0,0,1,1,770249,REVES DE REX PERLE MOS 3D MIX 3X3,51,340,7,10/11/2022 5:55,1,367
2562123170,"3,914,668",0,63,POSIZIONAMENTO DA PICK_CLD A BOX,1,"3,806,208",45,239,746,0,M1-PIK-F11,PICK_CLD,PICKING MANUALE M1,1,M3-BO-520,S_CA,BOX PRONTI CAMION,3,410,412,0,10/11/2022 5:22,10/11/2022 5:55,10/11/2022 5:57,2,"1,386,046","1,308,884",0,0,0,0,1,1,770433,LES ORIGINES DE REX OR MAT 80X180 RET,67,178,4,10/11/2022 5:56,1,371
2562123876,"3,912,857",6,94,POSIZIONAMENTO DA PREBOX A BDP,1,"3,806,211",65,390,392,0,0,STOCK,0,-,M3-CL-05,S_CANT,Cantilever M3,-,356,420,3797,9/11/2022 12:10,10/11/2022 5:55,10/11/2022 5:57,2,"1,385,679","1,309,676",0,0,0,0,1,1,,,,,,10/11/2022 5:56,1,93
2562123652,"3,912,470",6,94,POSIZIONAMENTO DA PREBOX A BDP,1,"3,806,219",86,129,202,0,PRE-BOX-6A,PRE_BOX,AREA PRE-BOX PLANT2,3,M3-CL-05,S_CANT,Cantilever M3,-,372,420,37,9/11/2022 10:14,10/11/2022 5:56,10/11/2022 6:02,6,"1,385,545","1,309,440",0,0,0,0,1,1,,,,,,10/11/2022 5:59,3,390
2562123324,"3,914,773",5,15,CARICO DA MAG AUTO,1,"3,806,214",64,246,426,0,MA-RUL-PIC,OUT_AUTO,RULLIERA PICKING MAGAUTO,-,0,STOCK,0,-,1,230,2,10/11/2022 5:55,10/11/2022 5:56,10/11/2022 5:58,2,"1,386,058","1,309,086",0,0,0,0,1,1,752191,RAWTECH RAW-DUST NAT 80X80 RET,27,260,1,10/11/2022 5:57,1,367
2562123632,"3,912,471",6,94,POSIZIONAMENTO DA PREBOX A BDP,1,"3,806,235",65,149,225,0,PRE-BOX-1A,PRE_BOX,AREA PRE-BOX PLANT2,12,M3-CL-04,S_CANT,Cantilever M3,-,359,417,52,9/11/2022 10:14,10/11/2022 5:57,10/11/2022 6:04,7,"1,385,544","1,309,512",0,0,0,0,1,1,,,,,,10/11/2022 6:03,6,376
2562122727,"3,914,781",8,61,POSIZIONAMENTO DA STOCK A PICK_FTR,1,"3,806,224",45,310,825,0,M1-CI-02,STOCK,MAGAZZINO COPERTO,15,M1-PICK-P9,PICK_FTR,PICKING MANUALE M1,1,233,747,0,10/11/2022 5:57,10/11/2022 5:58,10/11/2022 6:09,11,"1,385,743","1,308,398","40,286,953","187,542","235,188",6,0,1,741845,STONES 2.0 CALACATTA SMOOTH 80X180 RETT.,0,425,4,10/11/2022 6:00,2,128
2562123286,"3,914,783",5,15,CARICO DA MAG AUTO,1,"3,806,226",64,246,426,0,MA-RUL-PIC,OUT_AUTO,RULLIERA PICKING MAGAUTO,-,0,STOCK,0,-,1,230,3,10/11/2022 5:59,10/11/2022 5:59,10/11/2022 6:01,2,"1,386,059","1,309,036",0,0,0,0,1,1,755691,PLANCHES DE REX CHOCO DEC 80X80 RET,238,420,1,10/11/2022 6:00,1,367
2562123619,"3,914,790",5,15,CARICO DA MAG AUTO,1,"3,806,231",64,246,426,0,MA-RUL-PIC,OUT_AUTO,RULLIERA PICKING MAGAUTO,-,0,STOCK,0,-,1,230,4,10/11/2022 6:01,10/11/2022 6:01,10/11/2022 6:03,2,"1,386,060","1,309,403",0,0,0,0,1,1,775046,HERITAGE LUXE AQUA COMF.9MM 60X120 RET,499,600,1,10/11/2022 6:02,1,367
2562123696,"3,914,033",6,94,POSIZIONAMENTO DA PREBOX A BDP,1,"3,806,241",86,125,201,0,PRE-BOX-6A,PRE_BOX,AREA PRE-BOX PLANT2,6,M3-CL-04,S_CANT,Cantilever M3,-,382,416,2612,9/11/2022 18:49,10/11/2022 6:02,10/11/2022 6:09,7,"1,385,996","1,309,915",0,0,0,0,1,1,,,,,,10/11/2022 6:05,3,453
2562124035,"3,914,035",6,94,POSIZIONAMENTO DA PREBOX A BDP,1,"3,806,232",40,388,393,0,0,STOCK,0,-,M3-CL-07,S_CANT,Cantilever M3,-,360,429,947,9/11/2022 18:50,10/11/2022 6:02,10/11/2022 6:03,1,"1,385,999","1,309,835",0,0,0,0,1,1,,,,,,10/11/2022 6:02,1,73
2562123457,"3,914,793",5,15,CARICO DA MAG AUTO,1,"3,806,237",64,246,426,0,MA-RUL-PIC,OUT_AUTO,RULLIERA PICKING MAGAUTO,-,0,STOCK,0,-,1,230,2,10/11/2022 6:03,10/11/2022 6:03,10/11/2022 6:05,2,"1,386,061","1,309,212",0,0,0,0,1,1,752207,RAWTECH RAW-DUST NAT 30X60 RET,116,340,1,10/11/2022 6:04,1,367
2562123334,"3,911,928",6,94,POSIZIONAMENTO DA PREBOX A BDP,1,"3,806,240",40,390,394,0,0,STOCK,0,-,M3-CL-05,S_CANT,Cantilever M3,-,362,420,3192,9/11/2022 6:40,10/11/2022 6:03,10/11/2022 6:09,6,"1,385,364","1,309,096",0,0,0,0,1,1,,,,,,10/11/2022 6:05,2,47
2562123657,"3,912,474",6,94,POSIZIONAMENTO DA PREBOX A BDP,1,"3,806,247",65,179,217,0,PRE-BOX-3B,PRE_BOX,AREA PRE-BOX PLANT2,6,M3-CL-04,S_CANT,Cantilever M3,-,356,417,52,9/11/2022 10:14,10/11/2022 6:04,10/11/2022 6:10,5,"1,385,546","1,309,445",0,0,0,0,1,1,,,,,,10/11/2022 6:07,3,350
2562123348,"3,914,795",5,15,CARICO DA MAG AUTO,1,"3,806,244",64,246,426,0,MA-RUL-PIC,OUT_AUTO,RULLIERA PICKING MAGAUTO,-,0,STOCK,0,-,1,230,2,10/11/2022 6:04,10/11/2022 6:05,10/11/2022 6:08,3,"1,386,062","1,309,109",0,0,0,0,1,1,769817,REVES DE REX BLEU GLOSSY 60X120 RETT,32,240,1,10/11/2022 6:07,2,367
2562123286,"3,914,798",5,15,CARICO DA MAG AUTO,1,"3,806,249",64,246,426,0,MA-RUL-PIC,OUT_AUTO,RULLIERA PICKING MAGAUTO,-,0,STOCK,0,-,1,230,2,10/11/2022 6:05,10/11/2022 6:08,10/11/2022 6:10,2,"1,386,063","1,309,036",0,0,0,0,1,1,769816,REVES DE REX PERLE GLOSSY 60X120 RETT,63,260,1,10/11/2022 6:09,1,367
2562123812,"3,914,011",6,94,POSIZIONAMENTO DA PREBOX A BDP,1,"3,806,264",40,103,196,0,PRE-BOX-08,PRE_BOX,AREA PRE-BOX PLANT2,4,M3-CL-04,S_CANT,Cantilever M3,-,357,417,957,9/11/2022 18:48,10/11/2022 6:09,10/11/2022 6:17,8,"1,385,975","1,309,602",0,0,0,0,1,1,,,,,,10/11/2022 6:14,4,423
2562123254,"3,911,921",6,94,POSIZIONAMENTO DA PREBOX A BDP,1,"3,806,273",86,129,199,0,PRE-BOX-7A,PRE_BOX,AREA PRE-BOX PLANT2,4,M3-CL-06,S_CANT,Cantilever M3,-,357,426,52,9/11/2022 6:39,10/11/2022 6:09,10/11/2022 6:18,9,"1,385,356","1,309,000",0,0,0,0,1,1,,,,,,10/11/2022 6:17,8,368
2562123637,"3,914,752",8,61,POSIZIONAMENTO DA STOCK A PICK_FTR,1,"3,806,263",45,291,826,0,M1-CI-02,STOCK,MAGAZZINO COPERTO,6,M1-PIK-P12,PICK_FTR,PICKING MANUALE M1,1,241,747,0,10/11/2022 5:44,10/11/2022 6:09,10/11/2022 6:14,5,"1,385,752","1,309,417","40,288,476","185,905","175,813",5,0,1,737653,SELECTION WHITE OAK 20X180,308,411,4,10/11/2022 6:14,4,100
2562124105,"3,914,038",6,94,POSIZIONAMENTO DA PREBOX A BDP,1,"3,806,260",65,138,225,0,PRE-BOX-1A,PRE_BOX,AREA PRE-BOX PLANT2,8,M3-CL-03,S_CANT,Cantilever M3,-,376,411,2592,9/11/2022 18:50,10/11/2022 6:10,10/11/2022 6:15,6,"1,386,000","1,309,918",0,0,0,0,1,1,,,,,,10/11/2022 6:13,3,404
2562123547,"3,914,801",5,15,CARICO DA MAG AUTO,1,"3,806,251",64,246,426,0,MA-RUL-PIC,OUT_AUTO,RULLIERA PICKING MAGAUTO,-,0,STOCK,0,-,1,230,2,10/11/2022 6:06,10/11/2022 6:10,10/11/2022 6:11,2,"1,386,064","1,309,323",0,0,0,0,1,1,755567,B&W WHITE NATURALE 60X120 RET,28,260,1,10/11/2022 6:10,1,367
2562123388,"3,914,804",5,15,CARICO DA MAG AUTO,1,"3,806,257",64,246,426,0,MA-RUL-PIC,OUT_AUTO,RULLIERA PICKING MAGAUTO,-,0,STOCK,0,-,1,230,5,10/11/2022 6:07,10/11/2022 6:11,10/11/2022 6:13,2,"1,386,065","1,309,145",0,0,0,0,1,1,765265,BUILDTECH 2.0 CE BONE NAT 60X60 RET,128,360,1,10/11/2022 6:12,1,367
2562123556,"3,914,808",5,15,CARICO DA MAG AUTO,1,"3,806,265",64,246,426,0,MA-RUL-PIC,OUT_AUTO,RULLIERA PICKING MAGAUTO,-,0,STOCK,0,-,1,230,4,10/11/2022 6:08,10/11/2022 6:13,10/11/2022 6:15,2,"1,386,066","1,309,334",0,0,0,0,1,1,738816,INDUSTRIAL IVORY NAT 60x120 RET,412,520,1,10/11/2022 6:14,1,367
2562123270,"3,914,763",8,61,POSIZIONAMENTO DA STOCK A PICK_FTR,1,"3,806,270",45,274,832,0,M1-CH-01,STOCK,MAGAZZINO COPERTO,3,M1-PIK-P10,PICK_FTR,PICKING MANUALE M1,1,236,747,0,10/11/2022 5:52,10/11/2022 6:14,10/11/2022 6:17,3,"1,385,782","1,309,019","40,287,887","583,297","191,713",27,0,1,748519,"I CLASSICI DEC.WO.WHITE 26,5X180 RET",0,531,4,10/11/2022 6:16,2,141
2562123501,"3,911,936",6,94,POSIZIONAMENTO DA PREBOX A BDP,1,"3,806,280",65,193,220,0,PRE-BOX-2B,PRE_BOX,AREA PRE-BOX PLANT2,9,M3-CL-05,S_CANT,Cantilever M3,-,354,421,2602,9/11/2022 6:40,10/11/2022 6:15,10/11/2022 6:22,6,"1,385,374","1,309,269",0,0,0,0,1,1,,,,,,10/11/2022 6:18,3,0
2562123052,"3,914,809",5,15,CARICO DA MAG AUTO,1,"3,806,268",64,246,426,0,MA-RUL-PIC,OUT_AUTO,RULLIERA PICKING MAGAUTO,-,0,STOCK,0,-,1,230,5,10/11/2022 6:10,10/11/2022 6:15,10/11/2022 6:18,3,"1,386,067","1,308,742",0,0,0,0,1,1,753298,I CLASSICI CAL.GOLD MATTE 60x60 RET,48,260,7,10/11/2022 6:16,1,367
2562123866,"3,914,777",8,61,POSIZIONAMENTO DA STOCK A PICK_FTR,1,"3,806,277",45,263,854,0,M1-CD-01,STOCK,MAGAZZINO COPERTO,9,M1-PIK-P11,PICK_FTR,PICKING MANUALE M1,1,239,747,0,10/11/2022 5:56,10/11/2022 6:17,10/11/2022 6:19,2,"1,386,019","1,309,665","40,288,890","1,728,442","463,085",13,0,1,765404,ONYX&MORE GOLDEN ONYX SAT.80X180 RET,415,700,4,10/11/2022 6:18,1,149
2562123253,"3,911,917",6,94,POSIZIONAMENTO DA PREBOX A BDP,1,"3,806,279",40,390,393,0,0,STOCK,0,-,M3-CL-06,S_CANT,Cantilever M3,-,355,426,52,9/11/2022 6:39,10/11/2022 6:17,10/11/2022 6:19,2,"1,385,355","1,308,999",0,0,0,0,1,1,,,,,,10/11/2022 6:18,1,88
2562123674,"3,912,477",6,94,POSIZIONAMENTO DA PREBOX A BDP,1,"3,806,292",86,130,184,0,PRE-BO-11A,PRE_BOX,AREA PRE-BOX PLANT2,4,M3-CL-05,S_CANT,Cantilever M3,-,355,421,37,9/11/2022 10:14,10/11/2022 6:18,10/11/2022 6:25,7,"1,385,547","1,309,463",0,0,0,0,1,1,,,,,,10/11/2022 6:24,6,0
2562123180,"3,914,812",5,15,CARICO DA MAG AUTO,1,"3,806,286",64,246,426,0,MA-RUL-PIC,OUT_AUTO,RULLIERA PICKING MAGAUTO,-,0,STOCK,0,-,1,230,5,10/11/2022 6:12,10/11/2022 6:18,10/11/2022 6:21,3,"1,386,068","1,308,891",0,0,0,0,1,1,744410,INDUSTRIAL STEEL 6MM 60X120 RET,94,340,1,10/11/2022 6:20,2,367
2562123523,"3,911,943",6,94,POSIZIONAMENTO DA PREBOX A BDP,1,"3,806,282",40,390,393,0,0,STOCK,0,-,M3-CL-05,S_CANT,Cantilever M3,-,358,420,3797,9/11/2022 6:41,10/11/2022 6:19,10/11/2022 6:22,3,"1,385,379","1,309,371",0,0,0,0,1,1,,,,,,10/11/2022 6:20,1,82
2562123459,"3,914,819",5,15,CARICO DA MAG AUTO,1,"3,806,288",64,246,426,0,MA-RUL-PIC,OUT_AUTO,RULLIERA PICKING MAGAUTO,-,0,STOCK,0,-,1,230,5,10/11/2022 6:13,10/11/2022 6:21,10/11/2022 6:23,2,"1,386,069","1,309,215",0,0,0,0,1,1,742213,LA ROCHE GREY 60X60 RETT,139,340,1,10/11/2022 6:22,1,367
2562123270,"3,914,831",8,61,POSIZIONAMENTO DA STOCK A PICK_FTR,1,"3,806,327",45,285,822,0,M1-CJ-04,STOCK,MAGAZZINO COPERTO,2,M1-PIK-P10,PICK_FTR,PICKING MANUALE M1,1,236,747,0,10/11/2022 6:21,10/11/2022 6:21,10/11/2022 6:40,19,"1,385,784","1,309,019","40,287,886","2,182,018","446,772",6,0,1,770424,REVES DE REX CHOCO GLOSSY 80X180 RET,0,288,4,10/11/2022 6:39,18,101
2562123697,"3,914,030",6,94,POSIZIONAMENTO DA PREBOX A BDP,1,"3,806,293",40,114,193,0,PRE-BOX-09,PRE_BOX,AREA PRE-BOX PLANT2,4,M3-CL-07,S_CANT,Cantilever M3,-,372,428,947,9/11/2022 18:49,10/11/2022 6:22,10/11/2022 6:28,7,"1,385,997","1,309,916",0,0,0,0,1,1,,,,,,10/11/2022 6:25,3,392
2562123752,"3,912,840",6,94,POSIZIONAMENTO DA PREBOX A BDP,1,"3,806,294",65,185,220,0,PRE-BOX-2B,PRE_BOX,AREA PRE-BOX PLANT2,12,M3-CL-03,S_CANT,Cantilever M3,-,378,411,3187,9/11/2022 12:10,10/11/2022 6:22,10/11/2022 6:27,5,"1,385,663","1,309,548",0,0,0,0,1,1,,,,,,10/11/2022 6:25,3,328
2562123333,"3,914,824",5,15,CARICO DA MAG AUTO,1,"3,806,291",64,246,426,0,MA-RUL-PIC,OUT_AUTO,RULLIERA PICKING MAGAUTO,-,0,STOCK,0,-,1,230,5,10/11/2022 6:18,10/11/2022 6:23,10/11/2022 6:25,2,"1,386,071","1,309,095",0,0,0,0,1,1,768293,SENSI WHITE FOSSIL 60X120 RET,119,320,1,10/11/2022 6:24,1,367
2562123644,"3,914,828",5,15,CARICO DA MAG AUTO,1,"3,806,299",64,246,426,0,MA-RUL-PIC,OUT_AUTO,RULLIERA PICKING MAGAUTO,-,0,STOCK,0,-,1,230,4,10/11/2022 6:20,10/11/2022 6:25,10/11/2022 6:27,2,"1,386,076","1,309,424",0,0,0,0,1,1,738838,INDUSTRIAL MOKA SOFT 40x80 RET,264,520,1,10/11/2022 6:26,1,367
2562123776,"3,912,851",6,94,POSIZIONAMENTO DA PREBOX A BDP,1,"3,806,300",86,390,393,0,0,STOCK,0,-,M3-CL-05,S_CANT,Cantilever M3,-,366,420,37,9/11/2022 12:10,10/11/2022 6:25,10/11/2022 6:27,2,"1,385,671","1,309,569",0,0,0,0,1,1,,,,,,10/11/2022 6:26,1,73
2562124147,"3,914,041",6,94,POSIZIONAMENTO DA PREBOX A BDP,1,"3,806,319",65,127,225,0,PRE-BOX-1A,PRE_BOX,AREA PRE-BOX PLANT2,4,M3-CL-04,S_CANT,Cantilever M3,-,362,417,1487,9/11/2022 18:50,10/11/2022 6:27,10/11/2022 6:36,9,"1,386,003","1,309,957",0,0,0,0,1,1,,,,,,10/11/2022 6:35,7,389
2562123940,"3,914,020",6,94,POSIZIONAMENTO DA PREBOX A BDP,1,"3,806,311",86,130,202,0,PRE-BOX-6A,PRE_BOX,AREA PRE-BOX PLANT2,2,M3-CL-06,S_CANT,Cantilever M3,-,355,426,52,9/11/2022 18:49,10/11/2022 6:27,10/11/2022 6:34,6,"1,385,984","1,309,738",0,0,0,0,1,1,,,,,,10/11/2022 6:31,3,349
2562123402,"3,914,836",5,15,CARICO DA MAG AUTO,1,"3,806,305",64,246,426,0,MA-RUL-PIC,OUT_AUTO,RULLIERA PICKING MAGAUTO,-,0,STOCK,0,-,1,230,2,10/11/2022 6:23,10/11/2022 6:27,10/11/2022 6:29,2,"1,386,078","1,309,267",0,0,0,0,1,1,761079,"AIRTECH NEW YORK_L.GREY NAT BS 4,6X60",180,440,1,10/11/2022 6:28,1,367
2562123168,"3,914,003",6,94,POSIZIONAMENTO DA PREBOX A BDP,1,"3,806,322",40,114,193,0,PRE-BOX-09,PRE_BOX,AREA PRE-BOX PLANT2,4,M3-CL-01,S_CANT,Cantilever M3,-,365,402,47,9/11/2022 18:48,10/11/2022 6:28,10/11/2022 6:37,9,"1,385,966","1,308,881",0,0,0,0,1,1,,,,,,10/11/2022 6:36,8,375
2562123659,"3,914,839",5,15,CARICO DA MAG AUTO,1,"3,806,308",64,246,426,0,MA-RUL-PIC,OUT_AUTO,RULLIERA PICKING MAGAUTO,-,0,STOCK,0,-,1,230,5,10/11/2022 6:25,10/11/2022 6:29,10/11/2022 6:30,2,"1,386,079","1,309,449",0,0,0,0,1,1,748508,I CLASSICI DEC.WO.WHITE 20X120 RET,94,320,1,10/11/2022 6:29,1,367
2562123544,"3,914,845",5,15,CARICO DA MAG AUTO,1,"3,806,328",64,246,426,0,MA-RUL-PIC,OUT_AUTO,RULLIERA PICKING MAGAUTO,-,0,STOCK,0,-,1,230,5,10/11/2022 6:27,10/11/2022 6:30,10/11/2022 6:41,10,"1,386,080","1,309,314",0,0,0,0,1,1,755688,PLANCHES DE REX MIEL DEC 80X80 RET,149,320,1,10/11/2022 6:39,9,367
2562123266,"3,911,920",6,94,POSIZIONAMENTO DA PREBOX A BDP,1,"3,806,330",86,132,202,0,PRE-BOX-6A,PRE_BOX,AREA PRE-BOX PLANT2,1,M3-CL-03,S_CANT,Cantilever M3,-,353,412,3807,9/11/2022 6:39,10/11/2022 6:34,10/11/2022 6:43,9,"1,385,357","1,309,014",0,0,0,0,1,1,,,,,,10/11/2022 6:40,6,361
2562123960,"3,914,022",6,94,POSIZIONAMENTO DA PREBOX A BDP,1,"3,806,324",65,390,394,0,0,STOCK,0,-,M3-CL-03,S_CANT,Cantilever M3,-,370,411,3187,9/11/2022 18:49,10/11/2022 6:36,10/11/2022 6:39,3,"1,385,990","1,309,759",0,0,0,0,1,1,,,,,,10/11/2022 6:37,1,32
2562123100,"3,914,002",6,94,POSIZIONAMENTO DA PREBOX A BDP,1,"3,806,326",40,393,402,0,0,STOCK,0,-,M3-CL-01,S_CANT,Cantilever M3,-,365,402,47,9/11/2022 18:48,10/11/2022 6:37,10/11/2022 6:39,1,"1,385,967","1,308,795",0,0,0,0,1,1,,,,,,10/11/2022 6:38,1,32
2562123743,"3,912,839",6,94,POSIZIONAMENTO DA PREBOX A BDP,1,"3,806,341",65,129,225,0,PRE-BOX-1A,PRE_BOX,AREA PRE-BOX PLANT2,5,M3-CL-08,S_CANT,Cantilever M3,-,372,433,2032,9/11/2022 12:10,10/11/2022 6:39,10/11/2022 6:47,8,"1,385,661","1,309,538",0,0,0,0,1,1,,,,,,10/11/2022 6:44,5,377
2562123875,"3,914,012",6,94,POSIZIONAMENTO DA PREBOX A BDP,1,"3,806,393",40,162,225,0,PRE-BOX-AA,PRE_BOX,AREA PRE-BOX PLANT2,1,M3-CL-04,S_CANT,Cantilever M3,-,353,417,957,9/11/2022 18:48,10/11/2022 6:39,10/11/2022 7:10,32,"1,385,977","1,309,675",0,0,0,0,1,1,,,,,,10/11/2022 7:07,29,321
2562122727,"3,914,842",0,63,POSIZIONAMENTO DA PICK_CLD A BOX,1,"3,806,336",45,233,746,0,M1-PICK-F9,PICK_CLD,PICKING MANUALE M1,1,M3-BO-22,S_CO,BOX PRONTI CONTAINER,1,163,390,0,10/11/2022 6:26,10/11/2022 6:41,10/11/2022 6:43,1,"1,386,074","1,308,398",0,0,0,0,1,1,756200,STONES 2.0 AMANI BRONZE MATTE 80X180 RET,668,260,4,10/11/2022 6:42,1,0
2562122770,"3,914,850",5,15,CARICO DA MAG AUTO,1,"3,806,339",64,246,426,0,MA-RUL-PIC,OUT_AUTO,RULLIERA PICKING MAGAUTO,-,0,STOCK,0,-,1,230,5,10/11/2022 6:29,10/11/2022 6:41,10/11/2022 6:44,3,"1,386,081","1,308,437",0,0,0,0,1,1,760241,AIRTECH BERLIN_RED NAT 30X60 RET,43,300,7,10/11/2022 6:43,2,367
2562123741,"3,912,838",6,94,POSIZIONAMENTO DA PREBOX A BDP,1,"3,806,349",86,126,199,0,PRE-BOX-7A,PRE_BOX,AREA PRE-BOX PLANT2,2,M3-CL-03,S_CANT,Cantilever M3,-,353,412,3807,9/11/2022 12:09,10/11/2022 6:43,10/11/2022 6:50,7,"1,385,660","1,309,536",0,0,0,0,1,1,,,,,,10/11/2022 6:47,4,367
2562122733,"3,914,863",5,15,CARICO DA MAG AUTO,1,"3,806,344",64,246,426,0,MA-RUL-PIC,OUT_AUTO,RULLIERA PICKING MAGAUTO,-,0,STOCK,0,-,1,230,1,10/11/2022 6:42,10/11/2022 6:44,10/11/2022 6:46,2,"1,386,082","1,308,406",0,0,0,0,1,1,765967,ONYX&MORE GOLDEN PORPHY STR6MM 60X120 R,313,500,1,10/11/2022 6:45,1,367
2562123315,"3,914,866",5,15,CARICO DA MAG AUTO,1,"3,806,350",64,246,426,0,MA-RUL-PIC,OUT_AUTO,RULLIERA PICKING MAGAUTO,-,0,STOCK,0,-,1,230,3,10/11/2022 6:43,10/11/2022 6:46,10/11/2022 6:48,2,"1,386,083","1,309,073",0,0,0,0,1,1,752196,RAWTECH RAW-WHITE NAT 60X120 RET,32,260,1,10/11/2022 6:47,1,367
2562123755,"3,912,847",6,94,POSIZIONAMENTO DA PREBOX A BDP,1,"3,806,356",65,146,225,0,PRE-BOX-1A,PRE_BOX,AREA PRE-BOX PLANT2,11,M3-CL-03,S_CANT,Cantilever M3,-,370,411,3187,9/11/2022 12:10,10/11/2022 6:47,10/11/2022 6:52,6,"1,385,665","1,309,551",0,0,0,0,1,1,,,,,,10/11/2022 6:50,3,386
2562123408,"3,914,867",5,15,CARICO DA MAG AUTO,1,"3,806,354",64,246,426,0,MA-RUL-PIC,OUT_AUTO,RULLIERA PICKING MAGAUTO,-,0,STOCK,0,-,1,230,2,10/11/2022 6:44,10/11/2022 6:48,10/11/2022 6:50,2,"1,386,084","1,309,164",0,0,0,0,1,1,769818,REVES DE REX NOISETTE GLOSSY 60X120 RETT,285,440,1,10/11/2022 6:49,1,367
2562123953,"3,914,026",6,94,POSIZIONAMENTO DA PREBOX A BDP,1,"3,806,368",86,131,194,0,PRE-BOX-8A,PRE_BOX,AREA PRE-BOX PLANT2,2,M3-CL-03,S_CANT,Cantilever M3,-,353,412,3807,9/11/2022 18:49,10/11/2022 6:50,10/11/2022 6:57,7,"1,385,989","1,309,752",0,0,0,0,1,1,,,,,,10/11/2022 6:54,4,362
2562124108,"3,914,869",5,15,CARICO DA MAG AUTO,1,"3,806,360",64,246,426,0,MA-RUL-PIC,OUT_AUTO,RULLIERA PICKING MAGAUTO,-,0,STOCK,0,-,1,230,4,10/11/2022 6:45,10/11/2022 6:50,10/11/2022 6:52,2,"1,386,086","1,309,902",0,0,0,0,1,1,768293,SENSI WHITE FOSSIL 60X120 RET,398,540,1,10/11/2022 6:51,1,367
2562121699,"3,911,896",6,94,POSIZIONAMENTO DA PREBOX A BDP,1,"3,806,370",65,121,225,0,PRE-BOX-1A,PRE_BOX,AREA PRE-BOX PLANT2,2,M3-CL-03,S_CANT,Cantilever M3,-,356,412,3187,9/11/2022 6:34,10/11/2022 6:52,10/11/2022 6:59,6,"1,385,338","1,307,721",0,0,0,0,1,1,,,,,,10/11/2022 6:56,3,395
2562123411,"3,914,873",5,15,CARICO DA MAG AUTO,1,"3,806,367",64,246,426,0,MA-RUL-PIC,OUT_AUTO,RULLIERA PICKING MAGAUTO,-,0,STOCK,0,-,1,230,2,10/11/2022 6:46,10/11/2022 6:52,10/11/2022 6:55,3,"1,386,087","1,309,167",0,0,0,0,1,1,735634,"VETRO MIX SCURO LUX 4,5 mm",65,460,1,10/11/2022 6:53,1,367
2562123219,"3,914,881",5,15,CARICO DA MAG AUTO,1,"3,806,373",64,246,426,0,MA-RUL-PIC,OUT_AUTO,RULLIERA PICKING MAGAUTO,-,0,STOCK,0,-,1,230,3,10/11/2022 6:51,10/11/2022 6:55,10/11/2022 6:59,4,"1,386,088","1,308,950",0,0,0,0,1,1,761768,ETOILE GRIS MAT 6MM 60X120 RET,125,360,1,10/11/2022 6:58,3,367
2562123637,"3,914,879",0,63,POSIZIONAMENTO DA PICK_CLD A BOX,1,"3,806,371",45,241,745,0,M1-PIK-F12,PICK_CLD,PICKING MANUALE M1,1,M3-BO-520,S_CA,BOX PRONTI CAMION,7,410,420,0,10/11/2022 6:51,10/11/2022 6:56,10/11/2022 6:57,1,"1,386,085","1,309,417",0,0,0,0,1,1,737653,SELECTION WHITE OAK 20X180,171,219,4,10/11/2022 6:56,1,351
2562123551,"3,911,939",6,94,POSIZIONAMENTO DA PREBOX A BDP,1,"3,806,378",86,129,184,0,PRE-BO-11A,PRE_BOX,AREA PRE-BOX PLANT2,3,M3-CL-05,S_CANT,Cantilever M3,-,356,420,3797,9/11/2022 6:40,10/11/2022 6:57,10/11/2022 7:05,8,"1,385,371","1,309,321",0,0,0,0,1,1,,,,,,10/11/2022 7:02,4,0
2562123876,"3,912,856",6,94,POSIZIONAMENTO DA PREBOX A BDP,1,"3,806,380",65,174,217,0,PRE-BOX-3B,PRE_BOX,AREA PRE-BOX PLANT2,4,M3-CL-05,S_CANT,Cantilever M3,-,354,421,2602,9/11/2022 12:10,10/11/2022 6:59,10/11/2022 7:05,6,"1,385,677","1,309,676",0,0,0,0,1,1,,,,,,10/11/2022 7:02,4,0
2562124066,"3,914,890",5,15,CARICO DA MAG AUTO,1,"3,806,375",64,246,426,0,MA-RUL-PIC,OUT_AUTO,RULLIERA PICKING MAGAUTO,-,0,STOCK,0,-,1,230,5,10/11/2022 6:59,10/11/2022 6:59,10/11/2022 7:01,2,"1,386,089","1,309,859",0,0,0,0,1,1,755473,B&W WHITE NATURALE 60X60 RET,361,760,1,10/11/2022 7:00,1,367
2562122603,"3,914,895",5,15,CARICO DA MAG AUTO,1,"3,806,383",64,246,426,0,MA-RUL-PIC,OUT_AUTO,RULLIERA PICKING MAGAUTO,-,0,STOCK,0,-,1,230,5,10/11/2022 7:02,10/11/2022 7:02,10/11/2022 7:05,3,"1,386,090","1,308,258",0,0,0,0,1,1,758037,STUDIOS OF CASAMOOD CHALK 60X60 RET,21,260,1,10/11/2022 7:04,2,367
2562122847,"3,911,905",6,94,POSIZIONAMENTO DA PREBOX A BDP,1,"3,806,402",86,130,191,0,PRE-BOX-9A,PRE_BOX,AREA PRE-BOX PLANT2,4,M3-CL-06,S_CANT,Cantilever M3,-,354,426,52,9/11/2022 6:35,10/11/2022 7:05,10/11/2022 7:12,7,"1,385,348","1,308,942",0,0,0,0,1,1,,,,,,10/11/2022 7:10,4,345
2562124146,"3,914,039",6,94,POSIZIONAMENTO DA PREBOX A BDP,1,"3,806,398",65,185,217,0,PRE-BOX-3B,PRE_BOX,AREA PRE-BOX PLANT2,8,M3-CL-04,S_CANT,Cantilever M3,-,368,417,3202,9/11/2022 18:50,10/11/2022 7:05,10/11/2022 7:11,7,"1,386,005","1,309,956",0,0,0,0,1,1,,,,,,10/11/2022 7:09,4,337
2562123288,"3,914,898",5,15,CARICO DA MAG AUTO,1,"3,806,390",64,246,426,0,MA-RUL-PIC,OUT_AUTO,RULLIERA PICKING MAGAUTO,-,0,STOCK,0,-,1,230,4,10/11/2022 7:04,10/11/2022 7:05,10/11/2022 7:07,2,"1,386,092","1,309,038",0,0,0,0,1,1,766333,BIJOUX BRECHE CAPRAIA GLOSSY 60X120 RETT,524,580,1,10/11/2022 7:06,1,367
2562123565,"3,914,900",5,15,CARICO DA MAG AUTO,1,"3,806,396",64,246,426,0,MA-RUL-PIC,OUT_AUTO,RULLIERA PICKING MAGAUTO,-,0,STOCK,0,-,1,230,3,10/11/2022 7:05,10/11/2022 7:07,10/11/2022 7:09,2,"1,386,095","1,309,336",0,0,0,0,1,1,749614,"NEUTRA 6.0 05QUARZO VETRO LUX A 1,8X1,8",65,340,1,10/11/2022 7:08,1,367
2562123884,"3,914,914",5,15,CARICO DA MAG AUTO,1,"3,806,405",64,246,426,0,MA-RUL-PIC,OUT_AUTO,RULLIERA PICKING MAGAUTO,-,0,STOCK,0,-,1,230,3,10/11/2022 7:07,10/11/2022 7:09,10/11/2022 7:12,3,"1,386,096","1,309,686",0,0,0,0,1,1,765786,BIJOUX SODALITE BLEU GLO 6MM 60X120 R,31,300,1,10/11/2022 7:10,1,367
2562123744,"3,914,010",6,94,POSIZIONAMENTO DA PREBOX A BDP,1,"3,806,424",40,186,225,0,PRE-BOX-AA,PRE_BOX,AREA PRE-BOX PLANT2,8,M3-CL-04,S_CANT,Cantilever M3,-,357,417,957,9/11/2022 18:48,10/11/2022 7:10,10/11/2022 7:18,8,"1,385,972","1,309,545",0,0,0,0,1,1,,,,,,10/11/2022 7:16,5,347
2562123270,"3,914,926",8,61,POSIZIONAMENTO DA STOCK A PICK_FTR,1,"3,806,408",45,271,902,0,M1-K1L-01,STOCK,PIAZZALE LATO SUD,12,M1-PIK-P10,PICK_FTR,PICKING MANUALE M1,1,236,747,0,10/11/2022 7:09,10/11/2022 7:10,10/11/2022 7:13,3,"1,385,783","1,309,019","40,287,887","583,297","191,713",6,0,1,748519,"I CLASSICI DEC.WO.WHITE 26,5X180 RET",0,573,4,10/11/2022 7:11,1,232
2562123359,"3,911,937",6,94,POSIZIONAMENTO DA PREBOX A BDP,1,"3,806,446",65,193,217,0,PRE-BOX-3B,PRE_BOX,AREA PRE-BOX PLANT2,11,M3-CL-05,S_CANT,Cantilever M3,-,357,420,3192,9/11/2022 6:40,10/11/2022 7:11,10/11/2022 7:26,15,"1,385,369","1,309,120",0,0,0,0,1,1,,,,,,10/11/2022 7:23,11,372
2562122821,"3,914,920",5,15,CARICO DA MAG AUTO,1,"3,806,411",64,246,426,0,MA-RUL-PIC,OUT_AUTO,RULLIERA PICKING MAGAUTO,-,0,STOCK,0,-,1,230,3,10/11/2022 7:08,10/11/2022 7:12,10/11/2022 7:14,2,"1,386,099","1,308,484",0,0,0,0,1,1,768292,SENSI WHITE LITHOS 60X120 RET,185,380,1,10/11/2022 7:13,1,367
2562123537,"3,911,946",6,94,POSIZIONAMENTO DA PREBOX A BDP,1,"3,806,431",86,110,170,0,PRE-BOX-14,PRE_BOX,AREA PRE-BOX PLANT2,3,M3-CL-02,S_CANT,Cantilever M3,-,369,408,1497,9/11/2022 6:41,10/11/2022 7:13,10/11/2022 7:20,7,"1,385,381","1,309,306",0,0,0,0,1,1,,,,,,10/11/2022 7:19,6,0
2562123634,"3,914,934",5,15,CARICO DA MAG AUTO,1,"3,806,420",64,246,426,0,MA-RUL-PIC,OUT_AUTO,RULLIERA PICKING MAGAUTO,-,0,STOCK,0,-,1,230,4,10/11/2022 7:12,10/11/2022 7:14,10/11/2022 7:16,2,"1,386,100","1,309,414",0,0,0,0,1,1,768292,SENSI WHITE LITHOS 60X120 RET,401,520,1,10/11/2022 7:15,1,367
2562123329,"3,914,939",5,15,CARICO DA MAG AUTO,1,"3,806,426",64,246,426,0,MA-RUL-PIC,OUT_AUTO,RULLIERA PICKING MAGAUTO,-,0,STOCK,0,-,1,230,4,10/11/2022 7:14,10/11/2022 7:16,10/11/2022 7:18,2,"1,386,101","1,309,090",0,0,0,0,1,1,752188,RAWTECH RAW-WHITE NAT 80X80 RET,463,620,1,10/11/2022 7:17,1,367
2562123296,"3,914,943",5,15,CARICO DA MAG AUTO,1,"3,806,433",64,246,426,0,MA-RUL-PIC,OUT_AUTO,RULLIERA PICKING MAGAUTO,-,0,STOCK,0,-,1,230,4,10/11/2022 7:15,10/11/2022 7:18,10/11/2022 7:20,2,"1,386,102","1,309,049",0,0,0,0,1,1,768360,SENSI WHITE FOSSIL R+PTV 80X80 RETT,357,520,1,10/11/2022 7:19,1,367
2562123505,"3,911,933",6,94,POSIZIONAMENTO DA PREBOX A BDP,1,"3,806,443",40,389,393,0,0,STOCK,0,-,M3-CL-02,S_CANT,Cantilever M3,-,362,408,1497,9/11/2022 6:40,10/11/2022 7:18,10/11/2022 7:23,4,"1,385,375","1,309,274",0,0,0,0,1,1,,,,,,10/11/2022 7:22,3,37
2562123261,"3,911,919",6,94,POSIZIONAMENTO DA PREBOX A BDP,1,"3,806,452",86,104,174,0,PRE-BOX-13,PRE_BOX,AREA PRE-BOX PLANT2,1,M3-CL-02,S_CANT,Cantilever M3,-,362,408,1497,9/11/2022 6:39,10/11/2022 7:20,10/11/2022 7:28,9,"1,385,358","1,309,009",0,0,0,0,1,1,,,,,,10/11/2022 7:25,5,443
2562123329,"3,914,949",5,15,CARICO DA MAG AUTO,1,"3,806,439",64,246,426,0,MA-RUL-PIC,OUT_AUTO,RULLIERA PICKING MAGAUTO,-,0,STOCK,0,-,1,230,4,10/11/2022 7:17,10/11/2022 7:20,10/11/2022 7:22,2,"1,386,103","1,309,090",0,0,0,0,1,1,752188,RAWTECH RAW-WHITE NAT 80X80 RET,327,520,1,10/11/2022 7:21,1,367
2562122994,"3,914,951",5,15,CARICO DA MAG AUTO,1,"3,806,448",64,246,426,0,MA-RUL-PIC,OUT_AUTO,RULLIERA PICKING MAGAUTO,-,0,STOCK,0,-,1,230,2,10/11/2022 7:18,10/11/2022 7:22,10/11/2022 7:24,2,"1,386,105","1,308,673",0,0,0,0,1,1,765484,ONYX&MORE GOLDEN ONYX GLOS 60X60 RET,24,240,1,10/11/2022 7:23,1,367
2562123704,"3,914,006",6,94,POSIZIONAMENTO DA PREBOX A BDP,1,"3,806,459",40,107,193,0,PRE-BOX-09,PRE_BOX,AREA PRE-BOX PLANT2,2,M3-CL-03,S_CANT,Cantilever M3,-,353,412,952,9/11/2022 18:48,10/11/2022 7:23,10/11/2022 7:32,9,"1,385,970","1,309,486",0,0,0,0,1,1,,,,,,10/11/2022 7:27,4,390
2562123270,"3,914,966",0,63,POSIZIONAMENTO DA PICK_CLD A BOX,1,"3,806,494",45,236,746,0,M1-PIK-F10,PICK_CLD,PICKING MANUALE M1,1,M3-BO-520,S_CA,BOX PRONTI CAMION,9,411,424,0,10/11/2022 7:23,10/11/2022 7:24,10/11/2022 7:45,21,"1,386,104","1,309,019",0,0,0,0,1,1,770424,REVES DE REX CHOCO GLOSSY 80X180 RET,"1,507",700,4,10/11/2022 7:45,21,363
2562121502,"3,914,954",5,15,CARICO DA MAG AUTO,1,"3,806,453",64,246,426,0,MA-RUL-PIC,OUT_AUTO,RULLIERA PICKING MAGAUTO,-,0,STOCK,0,-,1,230,2,10/11/2022 7:19,10/11/2022 7:24,10/11/2022 7:26,2,"1,386,106","1,307,058",0,0,0,0,1,1,766594,B&W_MARBLE PEBBLE HIGH-GLOSSY 30X60 RET,218,480,1,10/11/2022 7:25,1,367
2562123940,"3,914,019",6,94,POSIZIONAMENTO DA PREBOX A BDP,1,"3,806,485",65,182,220,0,PRE-BOX-2B,PRE_BOX,AREA PRE-BOX PLANT2,13,M3-CL-08,S_CANT,Cantilever M3,-,370,433,2032,9/11/2022 18:49,10/11/2022 7:26,10/11/2022 7:43,17,"1,385,985","1,309,738",0,0,0,0,1,1,,,,,,10/11/2022 7:40,14,371
2562123288,"3,914,958",5,15,CARICO DA MAG AUTO,1,"3,806,458",64,246,426,0,MA-RUL-PIC,OUT_AUTO,RULLIERA PICKING MAGAUTO,-,0,STOCK,0,-,1,230,2,10/11/2022 7:20,10/11/2022 7:26,10/11/2022 7:28,2,"1,386,107","1,309,038",0,0,0,0,1,1,766333,BIJOUX BRECHE CAPRAIA GLOSSY 60X120 RETT,247,400,1,10/11/2022 7:27,1,367
2562123236,"3,911,915",6,94,POSIZIONAMENTO DA PREBOX A BDP,1,"3,806,475",86,111,174,0,PRE-BOX-13,PRE_BOX,AREA PRE-BOX PLANT2,3,M3-CL-01,S_CANT,Cantilever M3,-,355,403,947,9/11/2022 6:38,10/11/2022 7:28,10/11/2022 7:38,9,"1,385,351","1,308,971",0,0,0,0,1,1,,,,,,10/11/2022 7:37,8,0
2562123564,"3,914,962",5,15,CARICO DA MAG AUTO,1,"3,806,462",64,246,426,0,MA-RUL-PIC,OUT_AUTO,RULLIERA PICKING MAGAUTO,-,0,STOCK,0,-,1,230,3,10/11/2022 7:21,10/11/2022 7:28,10/11/2022 7:30,2,"1,386,108","1,309,335",0,0,0,0,1,1,738816,INDUSTRIAL IVORY NAT 60x120 RET,95,300,1,10/11/2022 7:29,1,367
2562121904,"3,914,970",5,15,CARICO DA MAG AUTO,1,"3,806,465",64,246,426,0,MA-RUL-PIC,OUT_AUTO,RULLIERA PICKING MAGAUTO,-,0,STOCK,0,-,1,230,4,10/11/2022 7:24,10/11/2022 7:30,10/11/2022 7:31,2,"1,386,109","1,309,857",0,0,0,0,1,1,773336,ATMOSPHERES HARMO PAT SMOOTH 60X120 RET,32,260,1,10/11/2022 7:30,1,367
2562123938,"3,914,023",6,94,POSIZIONAMENTO DA PREBOX A BDP,1,"3,806,480",40,193,225,0,PRE-BOX-AA,PRE_BOX,AREA PRE-BOX PLANT2,10,M3-CL-05,S_CANT,Cantilever M3,-,354,421,942,9/11/2022 18:49,10/11/2022 7:32,10/11/2022 7:40,8,"1,385,981","1,309,736",0,0,0,0,1,1,,,,,,10/11/2022 7:38,6,0
2562123445,"3,914,979",5,15,CARICO DA MAG AUTO,1,"3,806,474",64,246,426,0,MA-RUL-PIC,OUT_AUTO,RULLIERA PICKING MAGAUTO,-,0,STOCK,0,-,1,230,3,10/11/2022 7:28,10/11/2022 7:35,10/11/2022 7:37,2,"1,386,112","1,309,200",0,0,0,0,1,1,765237,BUILDTECH 2.0 CE BONE SOFT 60X120 RET,32,260,1,10/11/2022 7:36,1,367
2562122769,"3,914,981",5,15,CARICO DA MAG AUTO,1,"3,806,479",64,246,426,0,MA-RUL-PIC,OUT_AUTO,RULLIERA PICKING MAGAUTO,-,0,STOCK,0,-,1,230,4,10/11/2022 7:29,10/11/2022 7:37,10/11/2022 7:39,2,"1,386,113","1,308,436",0,0,0,0,1,1,760241,AIRTECH BERLIN_RED NAT 30X60 RET,469,620,1,10/11/2022 7:38,0,367
2562123778,"3,912,850",6,94,POSIZIONAMENTO DA PREBOX A BDP,1,"3,806,481",86,389,393,0,0,STOCK,0,-,M3-CL-02,S_CANT,Cantilever M3,-,359,408,72,9/11/2022 12:10,10/11/2022 7:38,10/11/2022 7:40,2,"1,385,673","1,309,571",0,0,0,0,1,1,,,,,,10/11/2022 7:38,1,36
2562123846,"3,912,860",6,94,POSIZIONAMENTO DA PREBOX A BDP,1,"3,806,486",86,389,393,0,0,STOCK,0,-,M3-CL-02,S_CANT,Cantilever M3,-,376,407,3227,9/11/2022 12:11,10/11/2022 7:40,10/11/2022 7:42,2,"1,385,680","1,309,645",0,0,0,0,1,1,,,,,,10/11/2022 7:41,1,18
2562123309,"3,914,990",5,15,CARICO DA MAG AUTO,1,"3,806,487",64,246,426,0,MA-RUL-PIC,OUT_AUTO,RULLIERA PICKING MAGAUTO,-,0,STOCK,0,-,1,230,3,10/11/2022 7:33,10/11/2022 7:41,10/11/2022 7:42,1,"1,386,115","1,309,061",0,0,0,0,1,1,752593,"STORIE CASCINA 6MM 4,6X60 BS",43,240,1,10/11/2022 7:41,0,367
2562123178,"3,911,913",6,94,POSIZIONAMENTO DA PREBOX A BDP,1,"3,806,506",86,117,165,0,PRE-BOX-15,PRE_BOX,AREA PRE-BOX PLANT2,4,M3-CL-01,S_CANT,Cantilever M3,-,362,402,947,9/11/2022 6:38,10/11/2022 7:42,10/11/2022 7:52,10,"1,385,352","1,308,889",0,0,0,0,2,2,,,,,,10/11/2022 7:51,8,400
2562123445,"3,914,991",5,15,CARICO DA MAG AUTO,1,"3,806,491",64,246,426,0,MA-RUL-PIC,OUT_AUTO,RULLIERA PICKING MAGAUTO,-,0,STOCK,0,-,1,230,3,10/11/2022 7:35,10/11/2022 7:42,10/11/2022 7:44,2,"1,386,116","1,309,200",0,0,0,0,1,1,765237,BUILDTECH 2.0 CE BONE SOFT 60X120 RET,639,660,1,10/11/2022 7:43,1,367
2562123656,"3,912,479",6,94,POSIZIONAMENTO DA PREBOX A BDP,1,"3,806,507",65,179,220,0,PRE-BOX-2B,PRE_BOX,AREA PRE-BOX PLANT2,14,M3-CL-04,S_CANT,Cantilever M3,-,356,417,52,9/11/2022 10:14,10/11/2022 7:43,10/11/2022 7:52,9,"1,385,553","1,309,444",0,0,0,0,1,1,,,,,,10/11/2022 7:51,8,347
2562123384,"3,914,994",5,15,CARICO DA MAG AUTO,1,"3,806,492",64,246,426,0,MA-RUL-PIC,OUT_AUTO,RULLIERA PICKING MAGAUTO,-,0,STOCK,0,-,1,230,3,10/11/2022 7:37,10/11/2022 7:44,10/11/2022 7:46,2,"1,386,117","1,309,141",0,0,0,0,1,1,738811,INDUSTRIAL SAGE SOFT 60x60 RET,97,340,1,10/11/2022 7:45,1,367
2562123781,"3,914,997",5,15,CARICO DA MAG AUTO,1,"3,806,499",64,246,426,0,MA-RUL-PIC,OUT_AUTO,RULLIERA PICKING MAGAUTO,-,0,STOCK,0,-,1,230,2,10/11/2022 7:38,10/11/2022 7:46,10/11/2022 7:48,3,"1,386,118","1,309,573",0,0,0,0,1,1,756127,MATIÈRES REX SABLE 6MM MATTE 60X120 RET,281,480,1,10/11/2022 7:47,1,367
2562123397,"3,915,001",5,15,CARICO DA MAG AUTO,1,"3,806,503",64,246,426,0,MA-RUL-PIC,OUT_AUTO,RULLIERA PICKING MAGAUTO,-,0,STOCK,0,-,1,230,4,10/11/2022 7:40,10/11/2022 7:48,10/11/2022 7:51,3,"1,386,119","1,309,154",0,0,0,0,1,1,757069,FLOWTECH BURNISHED NAT.40X80 RET,462,620,1,10/11/2022 7:49,1,367
2562123588,"3,915,003",5,15,CARICO DA MAG AUTO,1,"3,806,509",64,246,426,0,MA-RUL-PIC,OUT_AUTO,RULLIERA PICKING MAGAUTO,-,0,STOCK,0,-,1,230,2,10/11/2022 7:44,10/11/2022 7:51,10/11/2022 7:53,2,"1,386,120","1,309,360",0,0,0,0,1,1,752598,TESORI LINO BIANCO 6MM 60X120 RET,219,440,1,10/11/2022 7:52,1,367
2562123178,"3,915,019",6,94,POSIZIONAMENTO DA PREBOX A BDP,1,"3,806,511",86,389,393,0,0,STOCK,0,-,M3-CL-01,S_CANT,Cantilever M3,-,355,403,947,10/11/2022 7:51,10/11/2022 7:52,10/11/2022 7:54,2,"1,385,352","1,308,889",0,0,0,0,2,2,,,,,,10/11/2022 7:52,1,37
2562123903,"3,914,008",6,94,POSIZIONAMENTO DA PREBOX A BDP,1,"3,806,513",65,394,402,0,0,STOCK,0,-,M3-CL-03,S_CANT,Cantilever M3,-,367,411,42,9/11/2022 18:48,10/11/2022 7:52,10/11/2022 7:54,2,"1,385,978","1,309,704",0,0,0,0,1,1,,,,,,10/11/2022 7:53,1,40
2562122829,"3,915,014",5,15,CARICO DA MAG AUTO,1,"3,806,518",64,246,426,0,MA-RUL-PIC,OUT_AUTO,RULLIERA PICKING MAGAUTO,-,0,STOCK,0,-,1,230,3,10/11/2022 7:49,10/11/2022 7:53,10/11/2022 7:55,2,"1,386,121","1,308,492",0,0,0,0,1,1,750876,I CLASSICI MARQUINIA GLOSSY 60X120 RET,125,320,1,10/11/2022 7:54,1,367
2562124150,"3,914,044",6,94,POSIZIONAMENTO DA PREBOX A BDP,1,"3,806,527",65,141,225,0,PRE-BOX-1A,PRE_BOX,AREA PRE-BOX PLANT2,9,M3-CL-03,S_CANT,Cantilever M3,-,373,411,1987,9/11/2022 18:50,10/11/2022 7:54,10/11/2022 8:02,7,"1,386,001","1,309,960",0,0,0,0,1,1,,,,,,10/11/2022 7:59,5,391
2562123376,"3,911,925",6,94,POSIZIONAMENTO DA PREBOX A BDP,1,"3,806,525",86,179,220,0,PRE-BOX-2B,PRE_BOX,AREA PRE-BOX PLANT2,14,M3-CL-05,S_CANT,Cantilever M3,-,357,420,1467,9/11/2022 6:39,10/11/2022 7:54,10/11/2022 7:59,5,"1,385,360","1,309,133",0,0,0,0,2,2,,,,,,10/11/2022 7:58,4,386
2562123573,"3,915,027",5,15,CARICO DA MAG AUTO,1,"3,806,521",64,246,426,0,MA-RUL-PIC,OUT_AUTO,RULLIERA PICKING MAGAUTO,-,0,STOCK,0,-,1,230,3,10/11/2022 7:56,10/11/2022 7:56,10/11/2022 7:58,2,"1,386,122","1,309,345",0,0,0,0,1,1,738813,INDUSTRIAL TAUPE SOFT 60x60 RET,24,240,1,10/11/2022 7:56,1,367
2562123405,"3,915,030",5,15,CARICO DA MAG AUTO,1,"3,806,526",64,246,426,0,MA-RUL-PIC,OUT_AUTO,RULLIERA PICKING MAGAUTO,-,0,STOCK,0,-,1,230,4,10/11/2022 7:57,10/11/2022 7:58,10/11/2022 8:00,3,"1,386,123","1,309,161",0,0,0,0,1,1,742833,WALKS 1.0 BEIGE SOFT 60X120 RETT,544,620,1,10/11/2022 7:59,1,367
2562123376,"3,915,033",6,94,POSIZIONAMENTO DA PREBOX A BDP,1,"3,806,529",86,390,393,0,0,STOCK,0,-,M3-CL-04,S_CANT,Cantilever M3,-,365,417,2012,10/11/2022 7:58,10/11/2022 7:59,10/11/2022 8:01,2,"1,385,360","1,309,133",0,0,0,0,2,2,,,,,,10/11/2022 8:00,1,48
2562123609,"3,915,034",5,15,CARICO DA MAG AUTO,1,"3,806,531",64,246,426,0,MA-RUL-PIC,OUT_AUTO,RULLIERA PICKING MAGAUTO,-,0,STOCK,0,-,1,230,3,10/11/2022 7:59,10/11/2022 8:00,10/11/2022 8:03,3,"1,386,124","1,309,391",0,0,0,0,1,1,758170,STUDIOS OF CSM CHALK 6MM 60X120 RET,31,300,1,10/11/2022 8:02,2,367
2562123768,"3,912,846",6,94,POSIZIONAMENTO DA PREBOX A BDP,1,"3,806,549",86,165,220,0,PRE-BOX-2B,PRE_BOX,AREA PRE-BOX PLANT2,19,M3-CL-04,S_CANT,Cantilever M3,-,362,417,1487,9/11/2022 12:10,10/11/2022 8:01,10/11/2022 8:14,13,"1,385,669","1,309,566",0,0,0,0,1,1,,,,,,10/11/2022 8:11,9,364
2562122783,"3,911,901",6,94,POSIZIONAMENTO DA PREBOX A BDP,1,"3,806,536",65,157,225,0,PRE-BOX-1A,PRE_BOX,AREA PRE-BOX PLANT2,15,M3-CL-22,S_CANT,Cantilever M3,-,172,389,824,9/11/2022 6:35,10/11/2022 8:02,10/11/2022 8:08,7,"1,385,345","1,308,944",0,0,0,0,1,1,,,,,,10/11/2022 8:06,4,174
2562123389,"3,915,039",5,15,CARICO DA MAG AUTO,1,"3,806,534",64,246,426,0,MA-RUL-PIC,OUT_AUTO,RULLIERA PICKING MAGAUTO,-,0,STOCK,0,-,1,230,5,10/11/2022 8:00,10/11/2022 8:03,10/11/2022 8:06,3,"1,386,125","1,309,146",0,0,0,0,1,1,742038,LA ROCHE BLANC 40X80 RETT,102,380,1,10/11/2022 8:04,1,367
2562123540,"3,915,041",5,15,CARICO DA MAG AUTO,1,"3,806,545",64,246,426,0,MA-RUL-PIC,OUT_AUTO,RULLIERA PICKING MAGAUTO,-,0,STOCK,0,-,1,230,2,10/11/2022 8:03,10/11/2022 8:06,10/11/2022 8:10,4,"1,386,127","1,309,310",0,0,0,0,1,1,768356,SENSI WHITE DUST 80x80 RETT,273,460,1,10/11/2022 8:09,3,367
2562123501,"3,911,934",6,94,POSIZIONAMENTO DA PREBOX A BDP,1,"3,806,556",65,124,225,0,PRE-BOX-1A,PRE_BOX,AREA PRE-BOX PLANT2,3,M3-CL-05,S_CANT,Cantilever M3,-,357,420,3192,9/11/2022 6:40,10/11/2022 8:08,10/11/2022 8:17,9,"1,385,372","1,309,269",0,0,0,0,1,1,,,,,,10/11/2022 8:14,6,370
2562123432,"3,915,047",5,15,CARICO DA MAG AUTO,1,"3,806,551",64,246,426,0,MA-RUL-PIC,OUT_AUTO,RULLIERA PICKING MAGAUTO,-,0,STOCK,0,-,1,230,5,10/11/2022 8:07,10/11/2022 8:10,10/11/2022 8:12,2,"1,386,129","1,309,186",0,0,0,0,1,1,755567,B&W WHITE NATURALE 60X120 RET,28,240,1,10/11/2022 8:11,1,367
2562123545,"3,915,053",5,15,CARICO DA MAG AUTO,1,"3,806,555",64,246,426,0,MA-RUL-PIC,OUT_AUTO,RULLIERA PICKING MAGAUTO,-,0,STOCK,0,-,1,230,2,10/11/2022 8:09,10/11/2022 8:12,10/11/2022 8:15,3,"1,386,130","1,309,315",0,0,0,0,1,1,734749,NEUTRA 6.0 01 BIANCO 60X120 RETT,277,400,1,10/11/2022 8:14,1,367
2562124018,"3,914,032",6,94,POSIZIONAMENTO DA PREBOX A BDP,1,"3,806,570",65,108,212,0,PRE-BOX-04,PRE_BOX,AREA PRE-BOX PLANT2,5,M3-CL-08,S_CANT,Cantilever M3,-,367,433,72,9/11/2022 18:49,10/11/2022 8:17,10/11/2022 8:22,5,"1,385,993","1,309,821",0,0,0,0,1,1,,,,,,10/11/2022 8:19,2,400
2562123693,"3,912,472",6,94,POSIZIONAMENTO DA PREBOX A BDP,1,"3,806,593",65,107,204,0,PRE-BOX-06,PRE_BOX,AREA PRE-BOX PLANT2,5,M3-CL-07,S_CANT,Cantilever M3,-,358,429,37,9/11/2022 10:14,10/11/2022 8:22,10/11/2022 8:32,10,"1,385,550","1,309,483",0,0,0,0,2,2,,,,,,10/11/2022 8:31,9,385
2562123400,"3,915,077",5,15,CARICO DA MAG AUTO,1,"3,806,580",64,246,426,0,MA-RUL-PIC,OUT_AUTO,RULLIERA PICKING MAGAUTO,-,0,STOCK,0,-,1,230,5,10/11/2022 8:19,10/11/2022 8:22,10/11/2022 8:24,2,"1,386,135","1,309,157",0,0,0,0,1,1,760264,AIRTECH NEW YORK_LIGHT GREY STR 40X80RET,44,260,7,10/11/2022 8:22,0,367
2562124034,"3,915,082",5,15,CARICO DA MAG AUTO,1,"3,806,585",64,246,426,0,MA-RUL-PIC,OUT_AUTO,RULLIERA PICKING MAGAUTO,-,0,STOCK,0,-,1,230,5,10/11/2022 8:21,10/11/2022 8:24,10/11/2022 8:27,4,"1,386,136","1,309,834",0,0,0,0,1,1,738508,FLOORTECH FLOOR 1.0 SOFT 60x120 RET,33,240,1,10/11/2022 8:26,2,367
2562123226,"3,915,086",5,15,CARICO DA MAG AUTO,1,"3,806,589",64,246,426,0,MA-RUL-PIC,OUT_AUTO,RULLIERA PICKING MAGAUTO,-,0,STOCK,0,-,1,230,3,10/11/2022 8:23,10/11/2022 8:27,10/11/2022 8:29,2,"1,386,137","1,308,966",0,0,0,0,1,1,765252,BUILDTECH 2.0 CE WHITE NAT 40X80 RET,683,720,1,10/11/2022 8:28,1,367
2562123226,"3,915,089",5,15,CARICO DA MAG AUTO,1,"3,806,594",64,246,426,0,MA-RUL-PIC,OUT_AUTO,RULLIERA PICKING MAGAUTO,-,0,STOCK,0,-,1,230,4,10/11/2022 8:24,10/11/2022 8:29,10/11/2022 8:32,3,"1,386,138","1,308,966",0,0,0,0,1,1,765252,BUILDTECH 2.0 CE WHITE NAT 40X80 RET,303,600,1,10/11/2022 8:31,1,367
2562123600,"3,915,092",5,15,CARICO DA MAG AUTO,1,"3,806,599",64,246,426,0,MA-RUL-PIC,OUT_AUTO,RULLIERA PICKING MAGAUTO,-,0,STOCK,0,-,1,230,2,10/11/2022 8:25,10/11/2022 8:32,10/11/2022 8:34,2,"1,386,140","1,309,376",0,0,0,0,1,1,775048,HERITAGE LUXE AZURE GLOSS.9MM 60X120 RET,28,260,1,10/11/2022 8:33,1,367
2562123693,"3,915,103",6,94,POSIZIONAMENTO DA PREBOX A BDP,1,"3,806,598",65,390,394,0,0,STOCK,0,-,M3-CL-08,S_CANT,Cantilever M3,-,356,434,72,10/11/2022 8:31,10/11/2022 8:32,10/11/2022 8:33,2,"1,385,550","1,309,483",0,0,0,0,2,2,,,,,,10/11/2022 8:32,1,78
2562123693,"3,912,473",6,94,POSIZIONAMENTO DA PREBOX A BDP,1,"3,806,608",65,109,204,0,PRE-BOX-06,PRE_BOX,AREA PRE-BOX PLANT2,4,M3-CL-09,S_CANT,Cantilever M3,-,357,437,42,9/11/2022 10:14,10/11/2022 8:33,10/11/2022 8:41,8,"1,385,551","1,309,483",0,0,0,0,1,1,,,,,,10/11/2022 8:39,6,382
2562123578,"3,915,094",5,15,CARICO DA MAG AUTO,1,"3,806,631",64,246,426,0,MA-RUL-PIC,OUT_AUTO,RULLIERA PICKING MAGAUTO,-,0,STOCK,0,-,1,230,5,10/11/2022 8:26,10/11/2022 8:34,10/11/2022 8:51,17,"1,386,182","1,309,350",0,0,0,0,1,1,738818,INDUSTRIAL STEEL NAT 60x120 RET,223,380,1,10/11/2022 8:50,16,367
2562122573,"3,911,897",6,94,POSIZIONAMENTO DA PREBOX A BDP,1,"3,806,620",65,235,281,0,PRE-BO-M28,PRE_BOX,AREA PRE-BOX M0,5,M0-BO-04,S_GL,BOX PRONTI CAVALLETTI,4,253,310,0,9/11/2022 6:35,10/11/2022 8:41,10/11/2022 8:47,6,"1,385,339","1,308,248",0,0,0,0,1,1,,,,,,10/11/2022 8:46,4,41
2562123498,"3,915,132",5,15,CARICO DA MAG AUTO,1,"3,806,642",64,246,426,0,MA-RUL-PIC,OUT_AUTO,RULLIERA PICKING MAGAUTO,-,0,STOCK,0,-,1,230,2,10/11/2022 8:46,10/11/2022 8:51,10/11/2022 8:53,2,"1,386,183","1,309,265",0,0,0,0,1,1,765313,B&W_MARBLE WHITE NATURALE 80X80 RET,119,280,1,10/11/2022 8:52,1,367
2562123866,"3,915,178",0,63,POSIZIONAMENTO DA PICK_CLD A BOX,1,"3,806,649",45,239,746,0,M1-PIK-F11,PICK_CLD,PICKING MANUALE M1,1,M1-BO-181,S_CO,BOX PRONTI CONTAINER,3,215,723,0,10/11/2022 8:48,10/11/2022 8:53,10/11/2022 8:54,1,"1,386,181","1,309,665",0,0,0,0,1,1,765404,ONYX&MORE GOLDEN ONYX SAT.80X180 RET,771,508,4,10/11/2022 8:54,1,50
2562123449,"3,915,176",5,15,CARICO DA MAG AUTO,1,"3,806,647",64,246,426,0,MA-RUL-PIC,OUT_AUTO,RULLIERA PICKING MAGAUTO,-,0,STOCK,0,-,1,230,4,10/11/2022 8:48,10/11/2022 8:53,10/11/2022 8:54,2,"1,386,184","1,309,204",0,0,0,0,1,1,755717,MATIÈRES DE REX SABLE 60X120 RET,462,560,1,10/11/2022 8:53,1,367
2562123604,"3,915,186",5,15,CARICO DA MAG AUTO,1,"3,806,659",64,246,426,0,MA-RUL-PIC,OUT_AUTO,RULLIERA PICKING MAGAUTO,-,0,STOCK,0,-,1,230,2,10/11/2022 8:51,10/11/2022 8:56,10/11/2022 8:58,2,"1,386,186","1,309,386",0,0,0,0,1,1,770975,"SENSI BY THUN BROWN FOSSIL NAT BS 4,6X60",34,260,1,10/11/2022 8:57,1,367
2562123441,"3,915,219",5,15,CARICO DA MAG AUTO,1,"3,806,736",64,246,426,0,MA-RUL-PIC,OUT_AUTO,RULLIERA PICKING MAGAUTO,-,0,STOCK,0,-,1,230,2,10/11/2022 9:00,10/11/2022 9:28,10/11/2022 9:30,2,"1,386,190","1,309,194",0,0,0,0,1,1,742211,LA ROCHE BLANC 60X60 RETT,325,480,1,10/11/2022 9:29,1,367
2562123470,"3,915,306",5,15,CARICO DA MAG AUTO,1,"3,806,763",64,246,426,0,MA-RUL-PIC,OUT_AUTO,RULLIERA PICKING MAGAUTO,-,0,STOCK,0,-,1,230,5,10/11/2022 9:36,10/11/2022 9:41,10/11/2022 9:43,1,"1,386,200","1,309,230",0,0,0,0,1,1,766332,BIJOUX OMBRE CARAVAGE GLOSSY 60X120 RETT,216,360,1,10/11/2022 9:42,0,367
2562123412,"3,915,314",5,15,CARICO DA MAG AUTO,1,"3,806,778",64,246,426,0,MA-RUL-PIC,OUT_AUTO,RULLIERA PICKING MAGAUTO,-,0,STOCK,0,-,1,230,2,10/11/2022 9:41,10/11/2022 9:48,10/11/2022 9:50,2,"1,386,206","1,309,168",0,0,0,0,1,1,760257,AIRTECH STOCKHOLM_GREIGE STR 60X60 RET,241,400,1,10/11/2022 9:49,1,367
2562123282,"3,915,319",5,15,CARICO DA MAG AUTO,1,"3,806,785",64,246,426,0,MA-RUL-PIC,OUT_AUTO,RULLIERA PICKING MAGAUTO,-,0,STOCK,0,-,1,230,5,10/11/2022 9:44,10/11/2022 9:52,10/11/2022 9:53,2,"1,386,208","1,309,030",0,0,0,0,1,1,765270,BUILDTECH 2.0 CE MUD SOFT 60X60 RET,120,380,1,10/11/2022 9:52,0,367
2562123409,"3,915,322",5,15,CARICO DA MAG AUTO,1,"3,806,788",64,246,426,0,MA-RUL-PIC,OUT_AUTO,RULLIERA PICKING MAGAUTO,-,0,STOCK,0,-,1,230,5,10/11/2022 9:46,10/11/2022 9:54,10/11/2022 9:55,1,"1,386,209","1,309,165",0,0,0,0,1,1,755719,MATIÈRES DE REX MOU 60X120 RET,31,240,1,10/11/2022 9:54,0,367
2562123442,"3,915,331",5,15,CARICO DA MAG AUTO,1,"3,806,796",64,246,426,0,MA-RUL-PIC,OUT_AUTO,RULLIERA PICKING MAGAUTO,-,0,STOCK,0,-,1,230,5,10/11/2022 9:50,10/11/2022 9:56,10/11/2022 9:58,2,"1,386,211","1,309,195",0,0,0,0,1,1,767262,CRAYONS CERIM HAZELNUT NAT 6MM 60X120R,125,360,1,10/11/2022 9:57,1,367
2562122642,"3,912,310",6,94,POSIZIONAMENTO DA PREBOX A BDP,2,"3,804,061",65,204,225,0,PRE-BOX-AA,PRE_BOX,AREA PRE-BOX PLANT2,13,M3-BO-24,S_GL,BOX PRONTI GRANDI LASTRE,4,144,391,0,9/11/2022 9:20,9/11/2022 10:03,9/11/2022 10:12,10,"1,385,479","1,308,306",0,0,0,0,3,3,,,,,,9/11/2022 10:10,7,185
2562122904,"3,912,405",8,15,CARICO DA MAG AUTO,1,"3,804,043",34,242,416,0,MA-TE-PIC,OUT_AUTO_T,DEPOSITO TERRA USCITA MA,-,0,STOCK,0,-,1,230,5,9/11/2022 10:00,9/11/2022 10:03,9/11/2022 10:05,2,"1,385,511","1,308,582",0,0,0,0,1,1,757499,CROMATICA COBALTO LUC.6MM 6x24,67,340,1,9/11/2022 10:04,1,363
2562121493,"3,912,409",8,15,CARICO DA MAG AUTO,1,"3,804,049",34,242,416,0,MA-TE-PIC,OUT_AUTO_T,DEPOSITO TERRA USCITA MA,-,M3-BO-480,S_CA,BOX PRONTI CAMION,9,401,419,0,9/11/2022 10:02,9/11/2022 10:05,9/11/2022 10:08,3,"1,385,513","1,307,055",0,0,0,0,1,1,756248,STONES 2.0 ARABESC.WHITE MATTE 30X60 RET,955,760,1,9/11/2022 10:06,1,197
2562122995,"3,912,425",8,15,CARICO DA MAG AUTO,1,"3,804,065",34,242,416,0,MA-TE-PIC,OUT_AUTO_T,DEPOSITO TERRA USCITA MA,-,0,STOCK,0,-,1,230,2,9/11/2022 10:06,9/11/2022 10:10,9/11/2022 10:11,2,"1,385,532","1,308,675",0,0,0,0,1,1,751166,B&W WHITE NATURALE 6MM 60X120 RET,31,300,1,9/11/2022 10:11,1,363
2562122269,"3,912,439",6,60,POSIZIONAMENTO INTERI,1,"3,804,084",58,80,475,0,M3-65B-02,STOCK,PIAZZALE LATO NORD,23,MA-RUL-CA1,IN_AUTO,RULLIERA 1 CARICO MAGUATO,14,230,454,0,9/11/2022 10:09,9/11/2022 10:11,9/11/2022 10:21,9,"1,385,527","1,307,908","40,286,061","1,154,328","295,637",0,2,2,756240,STONES 2.0 CALACATTA GLOSSY 60X60 RET,"2,864",,1,9/11/2022 10:17,6,248
2562121493,"3,912,431",6,60,POSIZIONAMENTO INTERI,1,"3,804,074",24,91,328,0,M0-D88-08,STOCK,PIAZZALE NUOVO,5,M3-BO-480,S_CA,BOX PRONTI CAMION,9,401,419,0,9/11/2022 10:07,9/11/2022 10:11,9/11/2022 10:16,5,"1,385,441","1,307,055","40,284,764","1,154,282","179,226",0,11,11,756209,STONES 2.0 ARABESC.WHITE MATTE 80X80 RET,"2,381",,1,9/11/2022 10:13,2,367
2562122642,"3,912,440",6,94,POSIZIONAMENTO DA PREBOX A BDP,1,"3,804,078",65,204,225,0,PRE-BOX-AA,PRE_BOX,AREA PRE-BOX PLANT2,13,M3-BO-24,S_GL,BOX PRONTI GRANDI LASTRE,4,144,391,0,9/11/2022 10:10,9/11/2022 10:12,9/11/2022 10:17,5,"1,385,479","1,308,306",0,0,0,0,3,3,,,,,,9/11/2022 10:15,3,185
2562121495,"3,912,467",8,15,CARICO DA MAG AUTO,1,"3,804,081",34,242,416,0,MA-TE-PIC,OUT_AUTO_T,DEPOSITO TERRA USCITA MA,-,0,STOCK,0,-,1,230,2,9/11/2022 10:12,9/11/2022 10:15,9/11/2022 10:16,1,"1,385,556","1,307,056",0,0,0,0,1,1,756684,STONES 2.0 AR.WHITE MAT.MOSAICO 5X5,211,440,1,9/11/2022 10:15,1,363
2562121493,"3,912,469",6,60,POSIZIONAMENTO INTERI,1,"3,804,088",24,91,328,0,M0-D88-08,STOCK,PIAZZALE NUOVO,5,M3-BO-480,S_CA,BOX PRONTI CAMION,9,401,419,0,9/11/2022 10:13,9/11/2022 10:16,9/11/2022 10:22,6,"1,385,441","1,307,055","40,284,764","1,154,282","179,226",0,11,11,756209,STONES 2.0 ARABESC.WHITE MATTE 80X80 RET,"2,381",,1,9/11/2022 10:18,2,367
2562123706,"3,912,460",6,94,POSIZIONAMENTO DA PREBOX A BDP,1,"3,804,094",65,110,193,0,PRE-BOX-09,PRE_BOX,AREA PRE-BOX PLANT2,3,M3-CL-01,S_CANT,Cantilever M3,-,359,403,47,9/11/2022 10:12,9/11/2022 10:17,9/11/2022 10:23,7,"1,385,537","1,309,491",0,0,0,0,1,1,,,,,,9/11/2022 10:21,4,379
2562122673,"3,912,358",5,15,CARICO DA MAG AUTO,1,"3,804,092",34,246,426,0,MA-RUL-PIC,OUT_AUTO,RULLIERA PICKING MAGAUTO,-,0,STOCK,0,-,1,230,5,9/11/2022 9:44,9/11/2022 10:19,9/11/2022 10:21,2,"1,385,560","1,308,344",0,0,0,0,1,1,755473,B&W WHITE NATURALE 60X60 RET,24,220,7,9/11/2022 10:20,1,367
2562123649,"3,912,449",6,60,POSIZIONAMENTO INTERI,1,"3,804,102",64,156,334,0,M0-D08-02,STOCK,PIAZZALE NUOVO,11,M3-BO-480,S_CA,BOX PRONTI CAMION,15,402,427,0,9/11/2022 10:11,9/11/2022 10:20,9/11/2022 10:26,6,"1,385,531","1,309,431","40,288,492","186,326","438,331",0,11,11,738797,INDUSTRIAL IVORY SOFT 30x60 RET,"5,573",,1,9/11/2022 10:24,4,284
2562122269,"3,912,487",6,60,POSIZIONAMENTO INTERI,1,"3,804,104",58,80,475,0,M3-65B-02,STOCK,PIAZZALE LATO NORD,23,MA-RUL-CA1,IN_AUTO,RULLIERA 1 CARICO MAGUATO,14,230,454,0,9/11/2022 10:17,9/11/2022 10:21,9/11/2022 10:30,10,"1,385,527","1,307,908","40,286,061","1,154,328","295,637",0,2,2,756240,STONES 2.0 CALACATTA GLOSSY 60X60 RET,"2,864",,1,9/11/2022 10:24,3,248
2562121495,"3,912,361",5,15,CARICO DA MAG AUTO,1,"3,804,098",34,246,426,0,MA-RUL-PIC,OUT_AUTO,RULLIERA PICKING MAGAUTO,-,0,STOCK,0,-,1,230,2,9/11/2022 9:45,9/11/2022 10:21,9/11/2022 10:23,2,"1,385,562","1,307,056",0,0,0,0,1,1,756684,STONES 2.0 AR.WHITE MAT.MOSAICO 5X5,153,400,1,9/11/2022 10:22,1,367
2562123715,"3,912,455",6,94,POSIZIONAMENTO DA PREBOX A BDP,1,"3,804,122",65,103,193,0,PRE-BOX-09,PRE_BOX,AREA PRE-BOX PLANT2,1,M3-CL-01,S_CANT,Cantilever M3,-,356,403,47,9/11/2022 10:12,9/11/2022 10:23,9/11/2022 10:31,8,"1,385,538","1,309,499",0,0,0,0,1,1,,,,,,9/11/2022 10:30,7,388
2562122902,"3,912,367",5,15,CARICO DA MAG AUTO,1,"3,804,103",34,246,426,0,MA-RUL-PIC,OUT_AUTO,RULLIERA PICKING MAGAUTO,-,0,STOCK,0,-,1,230,4,9/11/2022 9:46,9/11/2022 10:23,9/11/2022 10:24,1,"1,385,563","1,308,580",0,0,0,0,1,1,764084,POLICROMA BRECCIA GLO 6MM 60x120 RET,469,540,1,9/11/2022 10:24,1,367
2562123649,"3,912,510",6,60,POSIZIONAMENTO INTERI,1,"3,804,119",64,156,334,0,M0-D08-02,STOCK,PIAZZALE NUOVO,11,M3-BO-480,S_CA,BOX PRONTI CAMION,15,402,427,0,9/11/2022 10:24,9/11/2022 10:26,9/11/2022 10:32,6,"1,385,531","1,309,431","40,288,492","186,326","438,331",0,11,11,738797,INDUSTRIAL IVORY SOFT 30x60 RET,"5,573",,1,9/11/2022 10:29,3,284
2562121495,"3,912,513",8,15,CARICO DA MAG AUTO,1,"3,804,110",34,242,416,0,MA-TE-PIC,OUT_AUTO_T,DEPOSITO TERRA USCITA MA,-,0,STOCK,0,-,1,230,2,9/11/2022 10:25,9/11/2022 10:26,9/11/2022 10:28,2,"1,385,565","1,307,056",0,0,0,0,1,1,756719,"STONES 2.0 AR.WHITE MAT.BATTISC.4,6X60",294,480,1,9/11/2022 10:27,1,363
2562121495,"3,912,525",8,15,CARICO DA MAG AUTO,1,"3,804,118",34,242,416,0,MA-TE-PIC,OUT_AUTO_T,DEPOSITO TERRA USCITA MA,-,0,STOCK,0,-,1,230,2,9/11/2022 10:27,9/11/2022 10:28,9/11/2022 10:30,2,"1,385,566","1,307,056",0,0,0,0,1,1,756719,"STONES 2.0 AR.WHITE MAT.BATTISC.4,6X60",84,320,1,9/11/2022 10:29,1,363
2562122777,"3,912,458",6,94,POSIZIONAMENTO DA PREBOX A BDP,1,"3,804,143",86,110,170,0,PRE-BOX-14,PRE_BOX,AREA PRE-BOX PLANT2,3,M3-CL-02,S_CANT,Cantilever M3,-,362,408,1497,9/11/2022 10:12,9/11/2022 10:29,9/11/2022 10:41,12,"1,385,539","1,309,436",0,0,0,0,1,1,,,,,,9/11/2022 10:38,10,0
2562122969,"3,912,526",8,15,CARICO DA MAG AUTO,1,"3,804,123",34,242,416,0,MA-TE-PIC,OUT_AUTO_T,DEPOSITO TERRA USCITA MA,-,0,STOCK,0,-,1,230,5,9/11/2022 10:27,9/11/2022 10:30,9/11/2022 10:31,2,"1,385,567","1,308,650",0,0,0,0,1,1,755716,MATIÈRES DE REX BARRIQUE 40X80 RET,220,380,1,9/11/2022 10:30,1,363
2562123630,"3,912,461",6,94,POSIZIONAMENTO DA PREBOX A BDP,1,"3,804,126",65,390,394,0,0,STOCK,0,-,M3-CL-01,S_CANT,Cantilever M3,-,356,403,47,9/11/2022 10:12,9/11/2022 10:31,9/11/2022 10:32,1,"1,385,535","1,309,410",0,0,0,0,1,1,,,,,,9/11/2022 10:31,0,34
2562123901,"3,913,062",5,15,CARICO DA MAG AUTO,1,"3,804,620",34,246,426,0,MA-RUL-PIC,OUT_AUTO,RULLIERA PICKING MAGAUTO,-,0,STOCK,0,-,1,230,5,9/11/2022 13:40,9/11/2022 13:48,9/11/2022 13:49,2,"1,385,735","1,309,702",0,0,0,0,1,1,755724,MATIÈRES DE REX SABLE 60X60 RET,0,378,1,9/11/2022 13:48,0,367
2562123381,"3,911,729",6,61,POSIZIONAMENTO DA STOCK A PICK_FTR,1,"3,804,651",39,114,442,0,M3-61B-02,STOCK,PIAZZALE LATO NORD,1,M3-PICK-P4,PICK_FTR,PICKING MANUALE M3,1,412,377,0,9/11/2022 5:24,9/11/2022 13:49,9/11/2022 14:04,15,"1,385,300","1,309,138","40,288,063","186,442","463,954",9,0,1,738962,INDUSTRIAL SAGE BOCCIAR.20MM 60x60 RET,836,800,1,9/11/2022 13:59,11,321
2562123090,"3,913,069",5,15,CARICO DA MAG AUTO,1,"3,804,624",34,246,426,0,MA-RUL-PIC,OUT_AUTO,RULLIERA PICKING MAGAUTO,-,0,STOCK,0,-,1,230,5,9/11/2022 13:42,9/11/2022 13:49,9/11/2022 13:51,2,"1,385,736","1,308,782",0,0,0,0,1,1,748375,PIETRE/3 LIMESTONE COAL 60x60 RET,441,800,1,9/11/2022 13:50,1,367
2562122837,"3,913,073",5,15,CARICO DA MAG AUTO,1,"3,804,629",34,246,426,0,MA-RUL-PIC,OUT_AUTO,RULLIERA PICKING MAGAUTO,-,0,STOCK,0,-,1,230,2,9/11/2022 13:44,9/11/2022 13:51,9/11/2022 13:54,3,"1,385,737","1,308,501",0,0,0,0,1,1,768292,SENSI WHITE LITHOS 60X120 RET,142,340,1,9/11/2022 13:52,1,367
2562123576,"3,913,086",6,60,POSIZIONAMENTO INTERI,2,"3,804,637",40,100,337,0,M0-D68-03,STOCK,PIAZZALE NUOVO,28,M3-BO-13,S_CO,BOX PRONTI CONTAINER,5,194,375,0,9/11/2022 13:50,9/11/2022 13:52,9/11/2022 13:59,7,"1,385,290","1,309,348","40,288,384","585,738","461,247",0,4,4,749119,BUILDTECH GG MUD NAT 30X60 RET,"5,119",,1,9/11/2022 13:54,2,107
2562123319,"3,913,091",6,94,POSIZIONAMENTO DA PREBOX A BDP,1,"3,804,640",65,106,220,0,PRE-BOX-02,PRE_BOX,AREA PRE-BOX PLANT2,5,M3-CL-10,S_CANT,Cantilever M3,-,358,442,67,9/11/2022 13:51,9/11/2022 13:53,9/11/2022 13:58,5,"1,385,365","1,309,081",0,0,0,0,4,4,,,,,,9/11/2022 13:56,2,387
2562123176,"3,913,077",5,15,CARICO DA MAG AUTO,1,"3,804,646",34,246,426,0,MA-RUL-PIC,OUT_AUTO,RULLIERA PICKING MAGAUTO,-,0,STOCK,0,-,1,230,2,9/11/2022 13:46,9/11/2022 13:54,9/11/2022 14:00,6,"1,385,741","1,308,887",0,0,0,0,1,1,761184,STONTECH 4.0 STONE_01 80x80 RET,92,340,1,9/11/2022 13:58,5,367
2562123574,"3,911,709",6,60,POSIZIONAMENTO INTERI,1,"3,804,655",58,100,314,0,M0-D68-03,STOCK,PIAZZALE NUOVO,13,M3-BO-13,S_CO,BOX PRONTI CONTAINER,9,194,369,0,9/11/2022 5:17,9/11/2022 13:57,9/11/2022 14:03,6,"1,385,292","1,309,346","40,288,382","585,738","461,247",0,10,10,749119,BUILDTECH GG MUD NAT 30X60 RET,"5,119",,1,9/11/2022 14:01,4,124
2562123319,"3,913,104",6,94,POSIZIONAMENTO DA PREBOX A BDP,1,"3,804,659",65,106,220,0,PRE-BOX-02,PRE_BOX,AREA PRE-BOX PLANT2,5,M3-CL-09,S_CANT,Cantilever M3,-,357,437,42,9/11/2022 13:56,9/11/2022 13:58,9/11/2022 14:04,5,"1,385,365","1,309,081",0,0,0,0,4,4,,,,,,9/11/2022 14:01,3,385
2562123576,"3,913,101",6,60,POSIZIONAMENTO INTERI,1,"3,804,656",40,100,337,0,M0-D68-03,STOCK,PIAZZALE NUOVO,28,M3-BO-13,S_CO,BOX PRONTI CONTAINER,5,194,375,0,9/11/2022 13:54,9/11/2022 13:59,9/11/2022 14:01,3,"1,385,290","1,309,348","40,288,384","585,738","461,247",0,4,4,749119,BUILDTECH GG MUD NAT 30X60 RET,"5,119",,1,9/11/2022 14:01,2,107
2562122990,"3,913,110",6,60,POSIZIONAMENTO INTERI,2,"3,804,657",64,156,297,0,M0-D08-02,STOCK,PIAZZALE NUOVO,35,M3-BO-11,S_CO,BOX PRONTI CONTAINER,5,210,374,0,9/11/2022 13:58,9/11/2022 14:00,9/11/2022 14:03,4,"1,385,277","1,308,669","40,287,397","1,837,542","452,312",0,17,17,768290,SENSI WHITE DUST 60X120 RET,"1,850",,1,9/11/2022 14:01,1,115
2562123341,"3,913,081",5,15,CARICO DA MAG AUTO,1,"3,804,654",34,246,426,0,MA-RUL-PIC,OUT_AUTO,RULLIERA PICKING MAGAUTO,-,M3-BO-251,S_CA,BOX PRONTI CAMION,5,347,426,0,9/11/2022 13:47,9/11/2022 14:00,9/11/2022 14:02,2,"1,385,746","1,309,101",0,0,0,0,1,1,748930,BUILDTECH GG BONE STR 80x80 RET,774,"1,000",1,9/11/2022 14:00,1,105
2562123576,"3,911,704",6,60,POSIZIONAMENTO INTERI,1,"3,804,674",40,100,338,0,M0-D68-03,STOCK,PIAZZALE NUOVO,29,M3-BO-13,S_CO,BOX PRONTI CONTAINER,5,194,375,0,9/11/2022 5:16,9/11/2022 14:02,9/11/2022 14:09,7,"1,385,289","1,309,348","40,288,384","585,738","461,247",0,3,3,749119,BUILDTECH GG MUD NAT 30X60 RET,"5,119",,1,9/11/2022 14:06,4,106
2562123090,"3,913,083",5,15,CARICO DA MAG AUTO,1,"3,804,664",34,246,426,0,MA-RUL-PIC,OUT_AUTO,RULLIERA PICKING MAGAUTO,-,0,STOCK,0,-,1,230,2,9/11/2022 13:48,9/11/2022 14:02,9/11/2022 14:04,2,"1,385,749","1,308,782",0,0,0,0,1,1,742067,STONES 2.0 CALACATTA SMOOTH 80X80 RETT.,198,380,1,9/11/2022 14:03,1,367
2562123574,"3,913,121",6,60,POSIZIONAMENTO INTERI,1,"3,804,667",58,100,314,0,M0-D68-03,STOCK,PIAZZALE NUOVO,13,M3-BO-13,S_CO,BOX PRONTI CONTAINER,9,194,369,0,9/11/2022 14:01,9/11/2022 14:03,9/11/2022 14:06,3,"1,385,292","1,309,346","40,288,382","585,738","461,247",0,10,10,749119,BUILDTECH GG MUD NAT 30X60 RET,"5,119",,1,9/11/2022 14:04,1,124
2562122990,"3,913,124",6,60,POSIZIONAMENTO INTERI,1,"3,804,669",64,156,297,0,M0-D08-02,STOCK,PIAZZALE NUOVO,35,M3-BO-11,S_CO,BOX PRONTI CONTAINER,5,210,374,0,9/11/2022 14:01,9/11/2022 14:03,9/11/2022 14:06,3,"1,385,277","1,308,669","40,287,397","1,837,542","452,312",0,17,17,768290,SENSI WHITE DUST 60X120 RET,"1,850",,1,9/11/2022 14:05,1,115
2562123319,"3,913,125",6,94,POSIZIONAMENTO DA PREBOX A BDP,1,"3,804,671",65,106,220,0,PRE-BOX-02,PRE_BOX,AREA PRE-BOX PLANT2,5,M3-CL-09,S_CANT,Cantilever M3,-,359,437,42,9/11/2022 14:01,9/11/2022 14:04,9/11/2022 14:07,4,"1,385,365","1,309,081",0,0,0,0,4,4,,,,,,9/11/2022 14:05,2,389
2562123518,"3,913,085",8,61,POSIZIONAMENTO DA STOCK A PICK_FTR,1,"3,804,714",39,121,484,0,M3-61A-02,STOCK,PIAZZALE LATO NORD,4,M3-PICK-P5,PICK_FTR,PICKING MANUALE M3,1,415,377,0,9/11/2022 13:49,9/11/2022 14:04,9/11/2022 14:19,15,"1,385,444","1,309,290","40,288,299","2,344,736","412,327",19,0,1,771521,*ARTWORK MACRO CARPISA MAT 80X80 RET,625,"1,020",1,9/11/2022 14:17,13,365
2562123246,"3,913,088",5,15,CARICO DA MAG AUTO,1,"3,804,677",34,246,426,0,MA-RUL-PIC,OUT_AUTO,RULLIERA PICKING MAGAUTO,-,0,STOCK,0,-,1,230,2,9/11/2022 13:50,9/11/2022 14:04,9/11/2022 14:08,4,"1,385,759","1,308,984",0,0,0,0,1,1,738712,ARDOISE IVOIRE 60X120 RET,234,380,1,9/11/2022 14:06,2,367
2562123574,"3,913,137",6,60,POSIZIONAMENTO INTERI,1,"3,804,678",58,100,314,0,M0-D68-03,STOCK,PIAZZALE NUOVO,13,M3-BO-13,S_CO,BOX PRONTI CONTAINER,9,194,369,0,9/11/2022 14:04,9/11/2022 14:06,9/11/2022 14:08,3,"1,385,292","1,309,346","40,288,382","585,738","461,247",0,10,10,749119,BUILDTECH GG MUD NAT 30X60 RET,"5,119",,1,9/11/2022 14:06,1,124
2562122990,"3,913,139",6,60,POSIZIONAMENTO INTERI,2,"3,804,685",64,156,297,0,M0-D08-02,STOCK,PIAZZALE NUOVO,35,M3-BO-11,S_CO,BOX PRONTI CONTAINER,5,210,374,0,9/11/2022 14:05,9/11/2022 14:06,9/11/2022 14:11,5,"1,385,277","1,308,669","40,287,397","1,837,542","452,312",0,17,17,768290,SENSI WHITE DUST 60X120 RET,"1,850",,1,9/11/2022 14:09,3,115
2562122783,"3,911,900",6,94,POSIZIONAMENTO DA PREBOX A BDP,1,"3,804,688",65,109,220,0,PRE-BOX-02,PRE_BOX,AREA PRE-BOX PLANT2,3,M3-CL-22,S_CANT,Cantilever M3,-,166,390,3822,9/11/2022 6:35,9/11/2022 14:07,9/11/2022 14:11,4,"1,385,344","1,308,944",0,0,0,0,1,1,,,,,,9/11/2022 14:09,2,187
2562123574,"3,913,154",6,60,POSIZIONAMENTO INTERI,1,"3,804,686",58,100,314,0,M0-D68-03,STOCK,PIAZZALE NUOVO,13,M3-BO-13,S_CO,BOX PRONTI CONTAINER,9,194,369,0,9/11/2022 14:06,9/11/2022 14:08,9/11/2022 14:11,3,"1,385,292","1,309,346","40,288,382","585,738","461,247",0,10,10,749119,BUILDTECH GG MUD NAT 30X60 RET,"5,119",,1,9/11/2022 14:09,1,124
2562122277,"3,913,094",5,15,CARICO DA MAG AUTO,1,"3,804,683",34,246,426,0,MA-RUL-PIC,OUT_AUTO,RULLIERA PICKING MAGAUTO,-,0,STOCK,0,-,1,230,2,9/11/2022 13:52,9/11/2022 14:08,9/11/2022 14:09,1,"1,385,777","1,307,915",0,0,0,0,1,1,756685,STONES 2.0 SAHARA NOIR MATTE MOSAICO 5X5,58,400,1,9/11/2022 14:08,0,367
2562123576,"3,913,146",6,60,POSIZIONAMENTO INTERI,1,"3,804,691",40,100,338,0,M0-D68-03,STOCK,PIAZZALE NUOVO,29,M3-BO-13,S_CO,BOX PRONTI CONTAINER,5,194,375,0,9/11/2022 14:06,9/11/2022 14:09,9/11/2022 14:12,3,"1,385,289","1,309,348","40,288,384","585,738","461,247",0,3,3,749119,BUILDTECH GG MUD NAT 30X60 RET,"5,119",,1,9/11/2022 14:10,2,106
2562123569,"3,913,116",5,15,CARICO DA MAG AUTO,1,"3,804,689",34,246,426,0,MA-RUL-PIC,OUT_AUTO,RULLIERA PICKING MAGAUTO,-,0,STOCK,0,-,1,230,5,9/11/2022 13:59,9/11/2022 14:09,9/11/2022 14:10,1,"1,385,778","1,309,341",0,0,0,0,1,1,765235,BUILDTECH 2.0 CE COAL NAT 60X120 RET,160,320,1,9/11/2022 14:10,1,367
2562123774,"3,912,842",6,94,POSIZIONAMENTO DA PREBOX A BDP,1,"3,804,705",65,108,212,0,PRE-BOX-04,PRE_BOX,AREA PRE-BOX PLANT2,5,M3-CL-10,S_CANT,Cantilever M3,-,359,442,67,9/11/2022 12:10,9/11/2022 14:11,9/11/2022 14:16,5,"1,385,668","1,309,563",0,0,0,0,1,1,,,,,,9/11/2022 14:14,3,386
2562123045,"3,913,120",5,15,CARICO DA MAG AUTO,1,"3,804,694",34,246,426,0,MA-RUL-PIC,OUT_AUTO,RULLIERA PICKING MAGAUTO,-,0,STOCK,0,-,1,230,3,9/11/2022 14:01,9/11/2022 14:11,9/11/2022 14:12,1,"1,385,780","1,308,736",0,0,0,0,1,1,774852,HERITAGE EMERALD GLOSSY 6MM 60X120 RET,63,320,1,9/11/2022 14:11,1,367
2562123576,"3,913,179",6,60,POSIZIONAMENTO INTERI,1,"3,804,699",40,100,337,0,M0-D68-03,STOCK,PIAZZALE NUOVO,28,M3-BO-13,S_CO,BOX PRONTI CONTAINER,5,194,375,0,9/11/2022 14:11,9/11/2022 14:12,9/11/2022 14:16,4,"1,385,289","1,309,348","40,288,384","585,738","461,247",0,3,3,749119,BUILDTECH GG MUD NAT 30X60 RET,"5,119",,1,9/11/2022 14:13,1,107
2562121510,"3,913,132",5,15,CARICO DA MAG AUTO,1,"3,804,698",34,246,426,0,MA-RUL-PIC,OUT_AUTO,RULLIERA PICKING MAGAUTO,-,M3-BO-480,S_CA,BOX PRONTI CAMION,13,402,424,0,9/11/2022 14:03,9/11/2022 14:12,9/11/2022 14:14,2,"1,385,786","1,307,060",0,0,0,0,1,1,766604,B&W_MARBLE PEBBLE HIGH-GLOSSY 60X60 RET,968,760,1,9/11/2022 14:13,1,192
2562121510,"3,913,156",5,15,CARICO DA MAG AUTO,1,"3,804,704",34,246,426,0,MA-RUL-PIC,OUT_AUTO,RULLIERA PICKING MAGAUTO,-,M3-BO-110,S_CA,BOX PRONTI CAMION,33,262,451,0,9/11/2022 14:07,9/11/2022 14:14,9/11/2022 14:14,1,"1,385,787","1,307,060",0,0,0,0,1,1,766604,B&W_MARBLE PEBBLE HIGH-GLOSSY 60X60 RET,968,760,1,9/11/2022 14:14,0,59
2562121510,"3,913,161",5,15,CARICO DA MAG AUTO,1,"3,804,707",34,246,426,0,MA-RUL-PIC,OUT_AUTO,RULLIERA PICKING MAGAUTO,-,M3-BO-110,S_CA,BOX PRONTI CAMION,33,262,451,0,9/11/2022 14:08,9/11/2022 14:14,9/11/2022 14:15,1,"1,385,788","1,307,060",0,0,0,0,1,1,766604,B&W_MARBLE PEBBLE HIGH-GLOSSY 60X60 RET,968,780,1,9/11/2022 14:15,0,59
2562121510,"3,913,167",5,15,CARICO DA MAG AUTO,1,"3,804,710",34,246,426,0,MA-RUL-PIC,OUT_AUTO,RULLIERA PICKING MAGAUTO,-,M3-BO-110,S_CA,BOX PRONTI CAMION,33,262,451,0,9/11/2022 14:10,9/11/2022 14:15,9/11/2022 14:16,1,"1,385,789","1,307,060",0,0,0,0,1,1,766604,B&W_MARBLE PEBBLE HIGH-GLOSSY 60X60 RET,968,780,1,9/11/2022 14:15,0,59
2562123576,"3,911,706",6,60,POSIZIONAMENTO INTERI,2,"3,804,757",40,104,265,0,M0-D70-03,STOCK,PIAZZALE NUOVO,15,M3-BO-13,S_CO,BOX PRONTI CONTAINER,5,194,375,0,9/11/2022 5:16,9/11/2022 14:16,9/11/2022 14:30,14,"1,385,288","1,309,348","40,288,384","585,738","461,247",0,2,2,749119,BUILDTECH GG MUD NAT 30X60 RET,"5,119",,1,9/11/2022 14:27,11,174
2562123259,"3,911,922",6,94,POSIZIONAMENTO DA PREBOX A BDP,1,"3,804,728",65,106,212,0,PRE-BOX-04,PRE_BOX,AREA PRE-BOX PLANT2,6,M3-CL-08,S_CANT,Cantilever M3,-,357,434,72,9/11/2022 6:39,9/11/2022 14:16,9/11/2022 14:26,9,"1,385,359","1,309,007",0,0,0,0,2,2,,,,,,9/11/2022 14:21,4,381
2562123104,"3,913,185",5,15,CARICO DA MAG AUTO,1,"3,804,713",34,246,426,0,MA-RUL-PIC,OUT_AUTO,RULLIERA PICKING MAGAUTO,-,0,STOCK,0,-,1,230,5,9/11/2022 14:11,9/11/2022 14:16,9/11/2022 14:17,1,"1,385,790","1,308,799",0,0,0,0,1,1,748364,PIETRE/3 LIMESTONE WHITE 30x60 RET,847,780,1,9/11/2022 14:16,0,367
2562121510,"3,913,190",5,15,CARICO DA MAG AUTO,1,"3,804,719",34,246,426,0,MA-RUL-PIC,OUT_AUTO,RULLIERA PICKING MAGAUTO,-,M3-BO-110,S_CA,BOX PRONTI CAMION,33,262,451,0,9/11/2022 14:13,9/11/2022 14:17,9/11/2022 14:18,1,"1,385,791","1,307,060",0,0,0,0,1,1,766604,B&W_MARBLE PEBBLE HIGH-GLOSSY 60X60 RET,968,760,1,9/11/2022 14:18,1,59
2562123663,"3,913,195",5,15,CARICO DA MAG AUTO,1,"3,804,722",34,246,426,0,MA-RUL-PIC,OUT_AUTO,RULLIERA PICKING MAGAUTO,-,0,STOCK,0,-,1,230,3,9/11/2022 14:14,9/11/2022 14:18,9/11/2022 14:20,1,"1,385,792","1,309,453",0,0,0,0,1,1,765235,BUILDTECH 2.0 CE COAL NAT 60X120 RET,64,280,1,9/11/2022 14:19,0,367
2562123381,"3,913,200",5,15,CARICO DA MAG AUTO,1,"3,804,730",34,246,426,0,MA-RUL-PIC,OUT_AUTO,RULLIERA PICKING MAGAUTO,-,0,STOCK,0,-,1,230,2,9/11/2022 14:16,9/11/2022 14:21,9/11/2022 14:22,1,"1,385,794","1,309,138",0,0,0,0,1,1,738962,INDUSTRIAL SAGE BOCCIAR.20MM 60x60 RET,257,460,1,9/11/2022 14:21,0,367
2562123197,"3,913,204",5,15,CARICO DA MAG AUTO,1,"3,804,739",34,246,426,0,MA-RUL-PIC,OUT_AUTO,RULLIERA PICKING MAGAUTO,-,0,STOCK,0,-,1,230,3,9/11/2022 14:17,9/11/2022 14:22,9/11/2022 14:23,2,"1,385,795","1,308,914",0,0,0,0,1,1,757831,ARDOISE NOIR 6MM 60X120 RET,31,320,1,9/11/2022 14:23,1,367
2562123511,"3,913,114",0,63,POSIZIONAMENTO DA PICK_CLD A BOX,1,"3,804,745",45,233,746,0,M1-PICK-F9,PICK_CLD,PICKING MANUALE M1,1,M3-BO-520,S_CA,BOX PRONTI CAMION,8,411,422,0,9/11/2022 13:59,9/11/2022 14:23,9/11/2022 14:25,2,"1,385,742","1,309,442",0,0,0,0,1,1,774598,HERITAGE LUXE CLOUD GLOSSY 80X180 RET,265,260,4,9/11/2022 14:24,1,353
2562122992,"3,913,208",5,15,CARICO DA MAG AUTO,1,"3,804,744",34,246,426,0,MA-RUL-PIC,OUT_AUTO,RULLIERA PICKING MAGAUTO,-,0,STOCK,0,-,1,230,4,9/11/2022 14:18,9/11/2022 14:23,9/11/2022 14:25,1,"1,385,796","1,308,671",0,0,0,0,1,1,765233,BUILDTECH 2.0 CE BONE NAT 60X120 RET,158,380,1,9/11/2022 14:24,0,367
2562123030,"3,913,213",5,15,CARICO DA MAG AUTO,1,"3,804,748",34,246,426,0,MA-RUL-PIC,OUT_AUTO,RULLIERA PICKING MAGAUTO,-,0,STOCK,0,-,1,230,4,9/11/2022 14:19,9/11/2022 14:25,9/11/2022 14:26,1,"1,385,797","1,308,721",0,0,0,0,1,1,738661,INDUSTRIAL PLOMB NAT 80x80 RET,387,520,1,9/11/2022 14:25,1,367
2562123259,"3,913,218",6,94,POSIZIONAMENTO DA PREBOX A BDP,1,"3,804,759",65,106,212,0,PRE-BOX-04,PRE_BOX,AREA PRE-BOX PLANT2,6,M3-CL-08,S_CANT,Cantilever M3,-,359,434,72,9/11/2022 14:21,9/11/2022 14:26,9/11/2022 14:30,4,"1,385,359","1,309,007",0,0,0,0,2,2,,,,,,9/11/2022 14:28,2,394
2562122954,"3,913,217",5,15,CARICO DA MAG AUTO,1,"3,804,755",34,246,426,0,MA-RUL-PIC,OUT_AUTO,RULLIERA PICKING MAGAUTO,-,0,STOCK,0,-,1,230,5,9/11/2022 14:20,9/11/2022 14:26,9/11/2022 14:28,1,"1,385,807","1,308,633",0,0,0,0,1,1,775374,NATURE MOOD CHEVRON DX PLANK 01 10X53,75,300,1,9/11/2022 14:27,1,367
2562121541,"3,913,241",8,60,POSIZIONAMENTO INTERI,2,"3,804,767",8,240,895,0,M1-K1F-01,STOCK,PIAZZALE LATO SUD,8,M1-BO-182,S_CA,BOX PRONTI CAMION,3,206,724,0,9/11/2022 14:27,9/11/2022 14:29,9/11/2022 14:33,4,"1,385,267","1,307,098","40,284,823","1,146,436","422,406",0,5,5,755702,PLANCHES DE REX NOISETTE  20x180 RET,"5,380",,4,9/11/2022 14:30,1,205
2562123576,"3,911,702",6,60,POSIZIONAMENTO INTERI,2,"3,804,779",40,100,312,0,M0-D68-03,STOCK,PIAZZALE NUOVO,12,M3-BO-13,S_CO,BOX PRONTI CONTAINER,5,194,375,0,9/11/2022 5:16,9/11/2022 14:30,9/11/2022 14:37,7,"1,385,286","1,309,348","40,288,385","585,730","461,367",0,11,11,749115,BUILDTECH GG WHITE NAT 30X60 RET,"5,119",,1,9/11/2022 14:34,4,132
2562122839,"3,911,898",6,94,POSIZIONAMENTO DA PREBOX A BDP,1,"3,804,786",65,100,220,0,PRE-BOX-02,PRE_BOX,AREA PRE-BOX PLANT2,9,M3-CL-08,S_CANT,Cantilever M3,-,357,434,72,9/11/2022 6:35,9/11/2022 14:30,9/11/2022 14:43,13,"1,385,340","1,308,940",0,0,0,0,1,1,,,,,,9/11/2022 14:36,6,387
2562123085,"3,913,231",5,15,CARICO DA MAG AUTO,1,"3,804,766",34,246,426,0,MA-RUL-PIC,OUT_AUTO,RULLIERA PICKING MAGAUTO,-,0,STOCK,0,-,1,230,2,9/11/2022 14:24,9/11/2022 14:30,9/11/2022 14:31,1,"1,385,810","1,308,775",0,0,0,0,1,1,766402,B&W_MARBLE BREACH HIGH-GLOSSY 60X120 RET,62,280,1,9/11/2022 14:30,0,367
2562123380,"3,913,235",5,15,CARICO DA MAG AUTO,1,"3,804,772",34,246,426,0,MA-RUL-PIC,OUT_AUTO,RULLIERA PICKING MAGAUTO,-,0,STOCK,0,-,1,230,2,9/11/2022 14:26,9/11/2022 14:31,9/11/2022 14:32,1,"1,385,811","1,309,137",0,0,0,0,1,1,738964,INDUSTRIAL TAUPE BOCCIAR.20MM 60x60 RET,161,440,1,9/11/2022 14:32,1,367
2562121510,"3,913,242",5,15,CARICO DA MAG AUTO,1,"3,804,776",34,246,426,0,MA-RUL-PIC,OUT_AUTO,RULLIERA PICKING MAGAUTO,-,M3-BO-480,S_CA,BOX PRONTI CAMION,13,402,424,0,9/11/2022 14:27,9/11/2022 14:32,9/11/2022 14:34,1,"1,385,812","1,307,060",0,0,0,0,1,1,766604,B&W_MARBLE PEBBLE HIGH-GLOSSY 60X60 RET,968,780,1,9/11/2022 14:33,0,192
2562122996,"3,912,248",6,60,POSIZIONAMENTO INTERI,1,"3,804,782",8,210,857,0,M1-BD-01,STOCK,MAGAZZINO COPERTO,13,M3-BO-520,S_CA,BOX PRONTI CAMION,5,410,416,0,9/11/2022 8:49,9/11/2022 14:33,9/11/2022 14:36,4,"1,385,461","1,308,677","40,287,405","187,542","368,054",0,1,1,741845,STONES 2.0 CALACATTA SMOOTH 80X180 RETT.,"2,690",,4,9/11/2022 14:35,2,549
2562121510,"3,913,249",5,15,CARICO DA MAG AUTO,1,"3,804,780",34,246,426,0,MA-RUL-PIC,OUT_AUTO,RULLIERA PICKING MAGAUTO,-,M3-BO-110,S_CA,BOX PRONTI CAMION,32,262,449,0,9/11/2022 14:29,9/11/2022 14:34,9/11/2022 14:35,1,"1,385,813","1,307,060",0,0,0,0,1,1,766604,B&W_MARBLE PEBBLE HIGH-GLOSSY 60X60 RET,968,780,1,9/11/2022 14:34,0,57
2562123835,"3,913,151",6,60,POSIZIONAMENTO INTERI,1,"3,804,801",12,299,477,0,M3-46B-02,STOCK,PIAZZALE LATO NORD,17,M3-BO-11,S_CO,BOX PRONTI CONTAINER,7,210,371,0,9/11/2022 14:06,9/11/2022 14:34,9/11/2022 14:43,9,"1,385,755","1,309,634","40,288,846","183,845","452,952",0,11,11,728756,WALKS 1.0 GRAY 30X60 RETT,"5,573",,1,9/11/2022 14:41,7,137
2562121509,"3,913,262",6,60,POSIZIONAMENTO INTERI,1,"3,804,803",83,190,286,0,M0-C70-03,STOCK,PIAZZALE NUOVO,1,M3-BO-480,S_CA,BOX PRONTI CAMION,13,402,424,0,9/11/2022 14:33,9/11/2022 14:35,9/11/2022 14:44,9,"1,385,275","1,307,059","40,284,775","1,741,075","227,884",0,25,25,766604,B&W_MARBLE PEBBLE HIGH-GLOSSY 60X60 RET,"2,903",,1,9/11/2022 14:42,6,290
2562121510,"3,913,254",5,15,CARICO DA MAG AUTO,1,"3,804,783",34,246,426,0,MA-RUL-PIC,OUT_AUTO,RULLIERA PICKING MAGAUTO,-,M3-BO-110,S_CA,BOX PRONTI CAMION,32,262,449,0,9/11/2022 14:30,9/11/2022 14:35,9/11/2022 14:36,1,"1,385,814","1,307,060",0,0,0,0,1,1,766604,B&W_MARBLE PEBBLE HIGH-GLOSSY 60X60 RET,968,780,1,9/11/2022 14:35,0,57
2562123364,"3,912,259",6,60,POSIZIONAMENTO INTERI,2,"3,804,792",8,214,857,0,M1-BD-01,STOCK,MAGAZZINO COPERTO,11,M3-BO-520,S_CA,BOX PRONTI CAMION,6,410,418,0,9/11/2022 8:54,9/11/2022 14:36,9/11/2022 14:42,5,"1,385,468","1,309,126","40,288,051","2,592,244","429,824",0,2,2,774646,NATURE MOOD RAINFOREST COMFORT 80X180RET,"2,650",,4,9/11/2022 14:39,2,543
2562122269,"3,913,256",5,15,CARICO DA MAG AUTO,1,"3,804,785",34,246,426,0,MA-RUL-PIC,OUT_AUTO,RULLIERA PICKING MAGAUTO,-,M3-BO-11B,S_CO,BOX PRONTI CONTAINER,1,212,368,0,9/11/2022 14:31,9/11/2022 14:36,9/11/2022 14:37,1,"1,385,815","1,307,908",0,0,0,0,1,1,752204,RAWTECH RAW-WHITE NAT 30X60 RET,853,770,1,9/11/2022 14:36,0,58
2562123576,"3,913,275",6,60,POSIZIONAMENTO INTERI,1,"3,804,791",40,100,312,0,M0-D68-03,STOCK,PIAZZALE NUOVO,12,M3-BO-13,S_CO,BOX PRONTI CONTAINER,5,194,375,0,9/11/2022 14:34,9/11/2022 14:37,9/11/2022 14:39,2,"1,385,286","1,309,348","40,288,385","585,730","461,367",0,11,11,749115,BUILDTECH GG WHITE NAT 30X60 RET,"5,119",,1,9/11/2022 14:38,1,132
2562123458,"3,913,260",5,15,CARICO DA MAG AUTO,1,"3,804,790",34,246,426,0,MA-RUL-PIC,OUT_AUTO,RULLIERA PICKING MAGAUTO,-,0,STOCK,0,-,1,230,5,9/11/2022 14:33,9/11/2022 14:37,9/11/2022 14:39,2,"1,385,816","1,309,213",0,0,0,0,1,1,768297,SENSI IVORY LITHOS 60X120 RET,586,680,1,9/11/2022 14:38,1,367
2562123576,"3,913,285",6,60,POSIZIONAMENTO INTERI,1,"3,804,796",40,100,312,0,M0-D68-03,STOCK,PIAZZALE NUOVO,12,M3-BO-13,S_CO,BOX PRONTI CONTAINER,5,194,375,0,9/11/2022 14:38,9/11/2022 14:39,9/11/2022 14:42,3,"1,385,286","1,309,348","40,288,385","585,730","461,367",0,11,11,749115,BUILDTECH GG WHITE NAT 30X60 RET,"5,119",,1,9/11/2022 14:40,1,132
2562123454,"3,913,274",5,15,CARICO DA MAG AUTO,1,"3,804,795",34,246,426,0,MA-RUL-PIC,OUT_AUTO,RULLIERA PICKING MAGAUTO,-,0,STOCK,0,-,1,230,4,9/11/2022 14:34,9/11/2022 14:39,9/11/2022 14:41,2,"1,385,817","1,309,209",0,0,0,0,1,1,768340,SENSI GREY SAND 40X80 RETT,323,580,1,9/11/2022 14:40,1,367
2562123574,"3,911,708",6,60,POSIZIONAMENTO INTERI,1,"3,804,802",58,100,337,0,M0-D68-03,STOCK,PIAZZALE NUOVO,28,M3-BO-13,S_CO,BOX PRONTI CONTAINER,9,194,369,0,9/11/2022 5:17,9/11/2022 14:40,9/11/2022 14:44,4,"1,385,291","1,309,346","40,288,382","585,738","461,247",0,18,18,749119,BUILDTECH GG MUD NAT 30X60 RET,"5,119",,1,9/11/2022 14:42,2,101
2562121510,"3,913,278",5,15,CARICO DA MAG AUTO,1,"3,804,800",34,246,426,0,MA-RUL-PIC,OUT_AUTO,RULLIERA PICKING MAGAUTO,-,M3-BO-110,S_CA,BOX PRONTI CAMION,32,262,449,0,9/11/2022 14:35,9/11/2022 14:41,9/11/2022 14:42,1,"1,385,818","1,307,060",0,0,0,0,1,1,766604,B&W_MARBLE PEBBLE HIGH-GLOSSY 60X60 RET,968,780,1,9/11/2022 14:41,1,57
2562123576,"3,913,287",6,60,POSIZIONAMENTO INTERI,1,"3,804,810",40,100,312,0,M0-D68-03,STOCK,PIAZZALE NUOVO,12,M3-BO-13,S_CO,BOX PRONTI CONTAINER,5,194,375,0,9/11/2022 14:40,9/11/2022 14:42,9/11/2022 14:45,2,"1,385,286","1,309,348","40,288,385","585,730","461,367",0,11,11,749115,BUILDTECH GG WHITE NAT 30X60 RET,"5,119",,1,9/11/2022 14:44,1,132
2562121510,"3,913,279",5,15,CARICO DA MAG AUTO,1,"3,804,805",34,246,426,0,MA-RUL-PIC,OUT_AUTO,RULLIERA PICKING MAGAUTO,-,M3-BO-110,S_CA,BOX PRONTI CAMION,32,262,449,0,9/11/2022 14:35,9/11/2022 14:42,9/11/2022 14:43,1,"1,385,819","1,307,060",0,0,0,0,1,1,766604,B&W_MARBLE PEBBLE HIGH-GLOSSY 60X60 RET,968,780,1,9/11/2022 14:42,0,57
2562123270,"3,913,186",6,60,POSIZIONAMENTO INTERI,1,"3,804,822",8,271,902,0,M1-K1L-01,STOCK,PIAZZALE LATO SUD,12,M3-BO-520,S_CA,BOX PRONTI CAMION,9,411,424,0,9/11/2022 14:12,9/11/2022 14:42,9/11/2022 14:48,6,"1,385,785","1,309,019","40,287,887","583,297","191,713",0,1,1,748519,"I CLASSICI DEC.WO.WHITE 26,5X180 RET","3,934",,4,9/11/2022 14:46,4,531
2562123766,"3,912,844",6,94,POSIZIONAMENTO DA PREBOX A BDP,1,"3,804,833",65,109,204,0,PRE-BOX-06,PRE_BOX,AREA PRE-BOX PLANT2,4,M3-CL-07,S_CANT,Cantilever M3,-,365,428,37,9/11/2022 12:10,9/11/2022 14:43,9/11/2022 14:53,11,"1,385,666","1,309,559",0,0,0,0,1,1,,,,,,9/11/2022 14:51,8,384
2562122269,"3,913,281",5,15,CARICO DA MAG AUTO,1,"3,804,808",34,246,426,0,MA-RUL-PIC,OUT_AUTO,RULLIERA PICKING MAGAUTO,-,M3-BO-11B,S_CO,BOX PRONTI CONTAINER,1,212,368,0,9/11/2022 14:37,9/11/2022 14:43,9/11/2022 14:44,1,"1,385,820","1,307,908",0,0,0,0,1,1,752204,RAWTECH RAW-WHITE NAT 30X60 RET,853,750,1,9/11/2022 14:43,0,58
2562123835,"3,913,294",6,60,POSIZIONAMENTO INTERI,2,"3,804,818",12,299,477,0,M3-46B-02,STOCK,PIAZZALE LATO NORD,17,M3-BO-11,S_CO,BOX PRONTI CONTAINER,7,210,371,0,9/11/2022 14:42,9/11/2022 14:43,9/11/2022 14:49,5,"1,385,755","1,309,634","40,288,846","183,845","452,952",0,11,11,728756,WALKS 1.0 GRAY 30X60 RETT,"5,573",,1,9/11/2022 14:45,2,137
2562123574,"3,913,297",6,60,POSIZIONAMENTO INTERI,1,"3,804,821",58,100,337,0,M0-D68-03,STOCK,PIAZZALE NUOVO,28,M3-BO-13,S_CO,BOX PRONTI CONTAINER,9,194,369,0,9/11/2022 14:42,9/11/2022 14:44,9/11/2022 14:48,4,"1,385,291","1,309,346","40,288,382","585,738","461,247",0,18,18,749119,BUILDTECH GG MUD NAT 30X60 RET,"5,119",,1,9/11/2022 14:46,2,101
2562121509,"3,913,296",6,60,POSIZIONAMENTO INTERI,1,"3,804,824",83,190,286,0,M0-C70-03,STOCK,PIAZZALE NUOVO,1,M3-BO-480,S_CA,BOX PRONTI CAMION,13,402,424,0,9/11/2022 14:42,9/11/2022 14:44,9/11/2022 14:50,6,"1,385,275","1,307,059","40,284,775","1,741,075","227,884",0,25,25,766604,B&W_MARBLE PEBBLE HIGH-GLOSSY 60X60 RET,"2,903",,1,9/11/2022 14:47,2,290
2562122704,"3,913,284",5,15,CARICO DA MAG AUTO,1,"3,804,819",34,246,426,0,MA-RUL-PIC,OUT_AUTO,RULLIERA PICKING MAGAUTO,-,M3-BO-04,S_CO,BOX PRONTI CONTAINER,1,242,377,0,9/11/2022 14:38,9/11/2022 14:44,9/11/2022 14:46,2,"1,385,821","1,308,372",0,0,0,0,1,1,748885,BUILDTECH TU MUD NAT 80x80 RET,923,950,1,9/11/2022 14:45,1,49
2562120914,"3,913,232",8,61,POSIZIONAMENTO DA STOCK A PICK_FTR,1,"3,804,840",45,285,822,0,M1-CJ-04,STOCK,MAGAZZINO COPERTO,2,M1-PICK-P9,PICK_FTR,PICKING MANUALE M1,1,233,747,0,9/11/2022 14:24,9/11/2022 14:45,9/11/2022 14:54,9,"1,385,437","1,306,408","40,283,639","185,245","463,248",2,0,1,735919,NEUTRA 6.0 01 BIANCO 80X180 RETT,"1,187",425,4,9/11/2022 14:53,8,104
2562123063,"3,913,288",5,15,CARICO DA MAG AUTO,1,"3,804,825",34,246,426,0,MA-RUL-PIC,OUT_AUTO,RULLIERA PICKING MAGAUTO,-,0,STOCK,0,-,1,230,5,9/11/2022 14:40,9/11/2022 14:46,9/11/2022 14:48,1,"1,385,831","1,308,753",0,0,0,0,1,1,775141,NATURE MOOD PLANK 04 STRUC 9MM 30X120RE,43,300,1,9/11/2022 14:47,0,367
2562123574,"3,913,312",6,60,POSIZIONAMENTO INTERI,1,"3,804,826",58,100,337,0,M0-D68-03,STOCK,PIAZZALE NUOVO,28,M3-BO-13,S_CO,BOX PRONTI CONTAINER,9,194,369,0,9/11/2022 14:46,9/11/2022 14:48,9/11/2022 14:54,6,"1,385,291","1,309,346","40,288,382","585,738","461,247",0,18,18,749119,BUILDTECH GG MUD NAT 30X60 RET,"5,119",,1,9/11/2022 14:48,0,101
2562122990,"3,913,323",6,60,POSIZIONAMENTO INTERI,1,"3,804,832",64,156,297,0,M0-D08-02,STOCK,PIAZZALE NUOVO,35,M3-BO-101,S_CO,BOX PRONTI CONTAINER,5,257,431,0,9/11/2022 14:47,9/11/2022 14:48,9/11/2022 14:53,5,"1,385,277","1,308,669","40,287,397","1,837,542","452,312",0,17,17,768290,SENSI WHITE DUST 60X120 RET,"1,850",,1,9/11/2022 14:51,3,158
2562123835,"3,913,310",6,60,POSIZIONAMENTO INTERI,2,"3,804,838",12,299,477,0,M3-46B-02,STOCK,PIAZZALE LATO NORD,17,M3-BO-11,S_CO,BOX PRONTI CONTAINER,7,210,371,0,9/11/2022 14:45,9/11/2022 14:49,9/11/2022 14:57,8,"1,385,755","1,309,634","40,288,846","183,845","452,952",0,11,11,728756,WALKS 1.0 GRAY 30X60 RETT,"5,573",,1,9/11/2022 14:53,4,137
2562121509,"3,913,324",6,60,POSIZIONAMENTO INTERI,1,"3,804,839",83,190,286,0,M0-C70-03,STOCK,PIAZZALE NUOVO,1,M3-BO-480,S_CA,BOX PRONTI CAMION,13,402,424,0,9/11/2022 14:47,9/11/2022 14:50,9/11/2022 14:56,5,"1,385,275","1,307,059","40,284,775","1,741,075","227,884",0,25,25,766604,B&W_MARBLE PEBBLE HIGH-GLOSSY 60X60 RET,"2,903",,1,9/11/2022 14:53,3,290
2562120467,"3,913,299",5,15,CARICO DA MAG AUTO,1,"3,804,835",34,246,426,0,MA-RUL-PIC,OUT_AUTO,RULLIERA PICKING MAGAUTO,-,0,STOCK,0,-,1,230,4,9/11/2022 14:42,9/11/2022 14:51,9/11/2022 14:53,1,"1,385,835","1,306,130",0,0,0,0,1,1,755711,MATIÈRES DE REX SABLE 40X80 RET,398,600,1,9/11/2022 14:52,0,367
2562123895,"3,913,177",6,60,POSIZIONAMENTO INTERI,1,"3,804,864",64,92,492,0,M3-65A-90,STOCK,PIAZZALE LATO NORD,5,M3-BO-480,S_CA,BOX PRONTI CAMION,17,402,430,0,9/11/2022 14:11,9/11/2022 14:53,9/11/2022 15:01,8,"1,385,773","1,309,696","40,288,940","1,728,057","461,731",0,2,2,765246,BUILDTECH 2.0 CE MUD NAT 80X80 RET,"2,022",,1,9/11/2022 14:59,5,394
2562122948,"3,913,321",6,94,POSIZIONAMENTO DA PREBOX A BDP,1,"3,804,851",65,196,217,0,PRE-BOX-3B,PRE_BOX,AREA PRE-BOX PLANT2,12,M3-CL-03,S_CANT,Cantilever M3,-,373,411,42,9/11/2022 14:46,9/11/2022 14:53,9/11/2022 14:59,5,"1,385,823","1,308,628",0,0,0,0,1,1,,,,,,9/11/2022 14:56,3,328
2562121510,"3,913,325",5,15,CARICO DA MAG AUTO,1,"3,804,844",34,246,426,0,MA-RUL-PIC,OUT_AUTO,RULLIERA PICKING MAGAUTO,-,M3-BO-480,S_CA,BOX PRONTI CAMION,17,402,430,0,9/11/2022 14:47,9/11/2022 14:53,9/11/2022 14:55,2,"1,385,836","1,307,060",0,0,0,0,1,1,766604,B&W_MARBLE PEBBLE HIGH-GLOSSY 60X60 RET,968,780,1,9/11/2022 14:54,1,192
2562123574,"3,913,326",6,60,POSIZIONAMENTO INTERI,1,"3,804,861",58,100,337,0,M0-D68-03,STOCK,PIAZZALE NUOVO,28,M3-BO-13,S_CO,BOX PRONTI CONTAINER,9,194,369,0,9/11/2022 14:49,9/11/2022 14:54,9/11/2022 14:59,5,"1,385,291","1,309,346","40,288,382","585,738","461,247",0,18,18,749119,BUILDTECH GG MUD NAT 30X60 RET,"5,119",,1,9/11/2022 14:58,4,101
2562121493,"3,913,305",8,61,POSIZIONAMENTO DA STOCK A PICK_FTR,1,"3,804,890",45,276,822,0,M1-CJ-03,STOCK,MAGAZZINO COPERTO,1,M1-PIK-P10,PICK_FTR,PICKING MANUALE M1,1,236,747,0,9/11/2022 14:44,9/11/2022 14:54,9/11/2022 15:09,15,"1,385,439","1,307,055","40,284,761","1,154,411","169,561",4,0,1,756203,STONES 2.0 ARABESC.WHITE GLOSSY 80X180RT,0,178,4,9/11/2022 15:07,13,105
2562122974,"3,913,327",5,15,CARICO DA MAG AUTO,1,"3,804,847",34,246,426,0,MA-RUL-PIC,OUT_AUTO,RULLIERA PICKING MAGAUTO,-,0,STOCK,0,-,1,230,5,9/11/2022 14:49,9/11/2022 14:55,9/11/2022 14:56,1,"1,385,837","1,308,654",0,0,0,0,1,1,761203,STONTECH 4.0 STONE_05 HIGH-GLOSSY 30x60R,698,760,1,9/11/2022 14:55,0,367
2562121509,"3,913,342",6,60,POSIZIONAMENTO INTERI,1,"3,804,876",83,190,286,0,M0-C70-03,STOCK,PIAZZALE NUOVO,1,M3-BO-480,S_CA,BOX PRONTI CAMION,13,402,424,0,9/11/2022 14:53,9/11/2022 14:56,9/11/2022 15:05,10,"1,385,275","1,307,059","40,284,775","1,741,075","227,884",0,25,25,766604,B&W_MARBLE PEBBLE HIGH-GLOSSY 60X60 RET,"2,903",,1,9/11/2022 15:03,7,290
2562122992,"3,913,328",5,15,CARICO DA MAG AUTO,1,"3,804,854",34,246,426,0,MA-RUL-PIC,OUT_AUTO,RULLIERA PICKING MAGAUTO,-,M3-BO-480,S_CA,BOX PRONTI CAMION,11,402,422,0,9/11/2022 14:50,9/11/2022 14:56,9/11/2022 14:58,2,"1,385,838","1,308,671",0,0,0,0,1,1,765233,BUILDTECH 2.0 CE BONE NAT 60X120 RET,950,780,1,9/11/2022 14:57,1,192
2562123835,"3,913,343",6,60,POSIZIONAMENTO INTERI,2,"3,804,862",12,299,477,0,M3-46B-02,STOCK,PIAZZALE LATO NORD,17,M3-BO-11,S_CO,BOX PRONTI CONTAINER,7,210,371,0,9/11/2022 14:53,9/11/2022 14:57,9/11/2022 15:00,3,"1,385,755","1,309,634","40,288,846","183,845","452,952",0,11,11,728756,WALKS 1.0 GRAY 30X60 RETT,"5,573",,1,9/11/2022 14:58,1,137
2562121510,"3,913,330",5,15,CARICO DA MAG AUTO,1,"3,804,858",34,246,426,0,MA-RUL-PIC,OUT_AUTO,RULLIERA PICKING MAGAUTO,-,M3-BO-110,S_CA,BOX PRONTI CAMION,31,262,448,0,9/11/2022 14:51,9/11/2022 14:58,9/11/2022 14:58,1,"1,385,839","1,307,060",0,0,0,0,1,1,766604,B&W_MARBLE PEBBLE HIGH-GLOSSY 60X60 RET,968,780,1,9/11/2022 14:58,0,56
2562122948,"3,913,314",6,94,POSIZIONAMENTO DA PREBOX A BDP,1,"3,804,874",65,190,225,0,PRE-BOX-AA,PRE_BOX,AREA PRE-BOX PLANT2,9,M3-BO-24,S_GL,BOX PRONTI GRANDI LASTRE,3,141,391,0,9/11/2022 14:46,9/11/2022 14:59,9/11/2022 15:04,6,"1,385,824","1,308,628",0,0,0,0,1,1,,,,,,9/11/2022 15:02,3,175
2562121510,"3,913,347",5,15,CARICO DA MAG AUTO,1,"3,804,869",34,246,426,0,MA-RUL-PIC,OUT_AUTO,RULLIERA PICKING MAGAUTO,-,M3-BO-110,S_CA,BOX PRONTI CAMION,31,262,448,0,9/11/2022 14:54,9/11/2022 15:00,9/11/2022 15:01,1,"1,385,841","1,307,060",0,0,0,0,1,1,766604,B&W_MARBLE PEBBLE HIGH-GLOSSY 60X60 RET,968,780,1,9/11/2022 15:00,1,56
2562123895,"3,913,363",6,60,POSIZIONAMENTO INTERI,1,"3,804,880",64,92,492,0,M3-65A-90,STOCK,PIAZZALE LATO NORD,5,M3-BO-480,S_CA,BOX PRONTI CAMION,17,402,430,0,9/11/2022 14:59,9/11/2022 15:01,9/11/2022 15:07,6,"1,385,773","1,309,696","40,288,940","1,728,057","461,731",0,2,2,765246,BUILDTECH 2.0 CE MUD NAT 80X80 RET,"2,022",,1,9/11/2022 15:04,3,394
2562121510,"3,913,350",5,15,CARICO DA MAG AUTO,1,"3,804,872",34,246,426,0,MA-RUL-PIC,OUT_AUTO,RULLIERA PICKING MAGAUTO,-,M3-BO-110,S_CA,BOX PRONTI CAMION,31,262,448,0,9/11/2022 14:55,9/11/2022 15:01,9/11/2022 15:02,1,"1,385,842","1,307,060",0,0,0,0,1,1,766604,B&W_MARBLE PEBBLE HIGH-GLOSSY 60X60 RET,968,780,1,9/11/2022 15:01,0,56
2562121510,"3,913,355",5,15,CARICO DA MAG AUTO,1,"3,804,875",34,246,426,0,MA-RUL-PIC,OUT_AUTO,RULLIERA PICKING MAGAUTO,-,M3-BO-110,S_CA,BOX PRONTI CAMION,31,262,448,0,9/11/2022 14:57,9/11/2022 15:02,9/11/2022 15:03,1,"1,385,843","1,307,060",0,0,0,0,1,1,766604,B&W_MARBLE PEBBLE HIGH-GLOSSY 60X60 RET,968,780,1,9/11/2022 15:02,0,56
2562122992,"3,913,358",5,15,CARICO DA MAG AUTO,1,"3,804,878",34,246,426,0,MA-RUL-PIC,OUT_AUTO,RULLIERA PICKING MAGAUTO,-,M3-BO-120,S_CA,BOX PRONTI CAMION,18,265,428,0,9/11/2022 14:58,9/11/2022 15:03,9/11/2022 15:04,1,"1,385,844","1,308,671",0,0,0,0,1,1,765233,BUILDTECH 2.0 CE BONE NAT 60X120 RET,950,780,1,9/11/2022 15:03,0,22
2562123576,"3,911,707",6,60,POSIZIONAMENTO INTERI,1,"3,804,885",40,94,311,0,M0-D88-04,STOCK,PIAZZALE NUOVO,1,M3-BO-13,S_CO,BOX PRONTI CONTAINER,5,194,375,0,9/11/2022 5:16,9/11/2022 15:04,9/11/2022 15:06,3,"1,385,285","1,309,348","40,288,385","585,730","461,367",0,6,6,749115,BUILDTECH GG WHITE NAT 30X60 RET,"5,119",,1,9/11/2022 15:06,2,149
2562122948,"3,913,320",6,94,POSIZIONAMENTO DA PREBOX A BDP,1,"3,804,901",65,107,185,0,PRE-BOX-11,PRE_BOX,AREA PRE-BOX PLANT2,2,M3-BO-24,S_GL,BOX PRONTI GRANDI LASTRE,3,141,391,0,9/11/2022 14:46,9/11/2022 15:04,9/11/2022 15:16,12,"1,385,830","1,308,628",0,0,0,0,1,1,,,,,,9/11/2022 15:09,5,213
2562123576,"3,913,392",6,60,POSIZIONAMENTO INTERI,1,"3,804,893",40,94,311,0,M0-D88-04,STOCK,PIAZZALE NUOVO,1,M3-BO-13,S_CO,BOX PRONTI CONTAINER,5,194,375,0,9/11/2022 15:06,9/11/2022 15:06,9/11/2022 15:11,4,"1,385,285","1,309,348","40,288,385","585,730","461,367",0,6,6,749115,BUILDTECH GG WHITE NAT 30X60 RET,"5,119",,1,9/11/2022 15:08,2,149
2562123895,"3,913,170",6,60,POSIZIONAMENTO INTERI,1,"3,804,908",64,186,326,0,M0-C68-03,STOCK,PIAZZALE NUOVO,21,M3-BO-480,S_CA,BOX PRONTI CAMION,17,402,430,0,9/11/2022 14:10,9/11/2022 15:07,9/11/2022 15:13,6,"1,385,767","1,309,696","40,288,943","187,662","461,818",0,7,7,742037,LA ROCHE MUD 80X80 RETT,"2,022",,1,9/11/2022 15:11,3,260
2562122992,"3,913,378",5,15,CARICO DA MAG AUTO,1,"3,804,896",34,246,426,0,MA-RUL-PIC,OUT_AUTO,RULLIERA PICKING MAGAUTO,-,M3-BO-120,S_CA,BOX PRONTI CAMION,18,265,428,0,9/11/2022 15:04,9/11/2022 15:08,9/11/2022 15:09,1,"1,385,849","1,308,671",0,0,0,0,1,1,765233,BUILDTECH 2.0 CE BONE NAT 60X120 RET,950,780,1,9/11/2022 15:09,0,22
2562123314,"3,913,390",5,15,CARICO DA MAG AUTO,1,"3,804,903",34,246,426,0,MA-RUL-PIC,OUT_AUTO,RULLIERA PICKING MAGAUTO,-,0,STOCK,0,-,1,230,5,9/11/2022 15:05,9/11/2022 15:09,9/11/2022 15:15,6,"1,385,850","1,309,068",0,0,0,0,1,1,735611,"EXTRA LIGHT CIRCLE ZINC 29,5x27,7 NEW",8,240,7,9/11/2022 15:10,0,367
2562123576,"3,913,402",6,60,POSIZIONAMENTO INTERI,1,"3,804,916",40,94,311,0,M0-D88-04,STOCK,PIAZZALE NUOVO,1,M3-BO-13,S_CO,BOX PRONTI CONTAINER,5,194,375,0,9/11/2022 15:08,9/11/2022 15:11,9/11/2022 15:13,3,"1,385,285","1,309,348","40,288,385","585,730","461,367",0,6,6,749115,BUILDTECH GG WHITE NAT 30X60 RET,"5,119",,1,9/11/2022 15:13,2,149
2562123576,"3,913,420",6,60,POSIZIONAMENTO INTERI,1,"3,804,921",40,94,311,0,M0-D88-04,STOCK,PIAZZALE NUOVO,1,M3-BO-13,S_CO,BOX PRONTI CONTAINER,5,194,375,0,9/11/2022 15:13,9/11/2022 15:13,9/11/2022 15:16,3,"1,385,285","1,309,348","40,288,385","585,730","461,367",0,6,6,749115,BUILDTECH GG WHITE NAT 30X60 RET,"5,119",,1,9/11/2022 15:15,1,149
2562123895,"3,913,414",6,60,POSIZIONAMENTO INTERI,1,"3,804,922",64,186,326,0,M0-C68-03,STOCK,PIAZZALE NUOVO,21,M3-BO-480,S_CA,BOX PRONTI CAMION,17,402,430,0,9/11/2022 15:11,9/11/2022 15:13,9/11/2022 15:16,3,"1,385,767","1,309,696","40,288,943","187,662","461,818",0,7,7,742037,LA ROCHE MUD 80X80 RETT,"2,022",,1,9/11/2022 15:15,2,260
2562123835,"3,913,153",6,60,POSIZIONAMENTO INTERI,1,"3,804,930",12,183,426,0,M3-57A-01,STOCK,PIAZZALE LATO NORD,42,M3-BO-11,S_CO,BOX PRONTI CONTAINER,7,210,371,0,9/11/2022 14:06,9/11/2022 15:14,9/11/2022 15:22,9,"1,385,756","1,309,634","40,288,844","186,227","446,314",0,4,4,738649,ARDOISE NOIR 80X80 RET,"2,181",,1,9/11/2022 15:17,3,56
2562122992,"3,913,391",5,15,CARICO DA MAG AUTO,1,"3,804,924",34,246,426,0,MA-RUL-PIC,OUT_AUTO,RULLIERA PICKING MAGAUTO,-,M3-BO-120,S_CA,BOX PRONTI CAMION,18,265,428,0,9/11/2022 15:06,9/11/2022 15:15,9/11/2022 15:16,1,"1,385,851","1,308,671",0,0,0,0,1,1,765233,BUILDTECH 2.0 CE BONE NAT 60X120 RET,950,780,1,9/11/2022 15:15,0,22
2562122948,"3,913,315",6,94,POSIZIONAMENTO DA PREBOX A BDP,1,"3,804,946",65,172,225,0,PRE-BOX-AA,PRE_BOX,AREA PRE-BOX PLANT2,4,M3-BO-220,S_GL,BOX PRONTI GRANDI LASTRE,15,288,412,0,9/11/2022 14:46,9/11/2022 15:16,9/11/2022 15:23,7,"1,385,826","1,308,628",0,0,0,0,1,1,,,,,,9/11/2022 15:21,5,226
2562123895,"3,913,428",6,60,POSIZIONAMENTO INTERI,1,"3,804,936",64,186,326,0,M0-C68-03,STOCK,PIAZZALE NUOVO,21,M3-BO-480,S_CA,BOX PRONTI CAMION,17,402,430,0,9/11/2022 15:15,9/11/2022 15:16,9/11/2022 15:20,3,"1,385,767","1,309,696","40,288,943","187,662","461,818",0,7,7,742037,LA ROCHE MUD 80X80 RETT,"2,022",,1,9/11/2022 15:18,1,260
2562123894,"3,913,397",5,15,CARICO DA MAG AUTO,1,"3,804,932",34,246,426,0,MA-RUL-PIC,OUT_AUTO,RULLIERA PICKING MAGAUTO,-,0,STOCK,0,-,1,230,5,9/11/2022 15:07,9/11/2022 15:16,9/11/2022 15:18,2,"1,385,852","1,309,695",0,0,0,0,1,1,765244,BUILDTECH 2.0 CE WHITE NAT 80X80 RET,30,260,1,9/11/2022 15:17,1,367
2562121510,"3,913,400",5,15,CARICO DA MAG AUTO,1,"3,804,941",34,246,426,0,MA-RUL-PIC,OUT_AUTO,RULLIERA PICKING MAGAUTO,-,M3-BO-480,S_CA,BOX PRONTI CAMION,20,402,434,0,9/11/2022 15:08,9/11/2022 15:18,9/11/2022 15:20,2,"1,385,853","1,307,060",0,0,0,0,1,1,766604,B&W_MARBLE PEBBLE HIGH-GLOSSY 60X60 RET,968,780,1,9/11/2022 15:19,1,190
2562123895,"3,913,445",6,60,POSIZIONAMENTO INTERI,1,"3,804,949",64,186,326,0,M0-C68-03,STOCK,PIAZZALE NUOVO,21,M3-BO-480,S_CA,BOX PRONTI CAMION,17,402,430,0,9/11/2022 15:18,9/11/2022 15:20,9/11/2022 15:24,4,"1,385,767","1,309,696","40,288,943","187,662","461,818",0,7,7,742037,LA ROCHE MUD 80X80 RETT,"2,022",,1,9/11/2022 15:22,2,260
2562121510,"3,913,406",5,15,CARICO DA MAG AUTO,1,"3,804,944",34,246,426,0,MA-RUL-PIC,OUT_AUTO,RULLIERA PICKING MAGAUTO,-,M3-BO-120,S_CA,BOX PRONTI CAMION,3,267,449,0,9/11/2022 15:09,9/11/2022 15:20,9/11/2022 15:21,1,"1,385,854","1,307,060",0,0,0,0,1,1,766604,B&W_MARBLE PEBBLE HIGH-GLOSSY 60X60 RET,968,760,1,9/11/2022 15:20,0,56
2562122992,"3,913,422",5,15,CARICO DA MAG AUTO,1,"3,804,947",34,246,426,0,MA-RUL-PIC,OUT_AUTO,RULLIERA PICKING MAGAUTO,-,M3-BO-120,S_CA,BOX PRONTI CAMION,18,265,428,0,9/11/2022 15:13,9/11/2022 15:21,9/11/2022 15:22,1,"1,385,855","1,308,671",0,0,0,0,1,1,765233,BUILDTECH 2.0 CE BONE NAT 60X120 RET,950,760,1,9/11/2022 15:21,0,22
2562123835,"3,913,437",6,60,POSIZIONAMENTO INTERI,1,"3,804,961",12,183,426,0,M3-57A-01,STOCK,PIAZZALE LATO NORD,42,M3-BO-11,S_CO,BOX PRONTI CONTAINER,7,210,371,0,9/11/2022 15:17,9/11/2022 15:22,9/11/2022 15:29,7,"1,385,756","1,309,634","40,288,844","186,227","446,314",0,4,4,738649,ARDOISE NOIR 80X80 RET,"2,181",,1,9/11/2022 15:25,3,56
2562109561,"3,913,430",5,15,CARICO DA MAG AUTO,1,"3,804,952",34,246,426,0,MA-RUL-PIC,OUT_AUTO,RULLIERA PICKING MAGAUTO,-,0,STOCK,0,-,1,230,1,9/11/2022 15:16,9/11/2022 15:22,9/11/2022 15:24,2,"1,385,856","1,293,796",0,0,0,0,1,1,738823,INDUSTRIAL SAGE SOFT 60x120 RET,875,760,1,9/11/2022 15:23,1,367
2562123454,"3,911,714",6,60,POSIZIONAMENTO INTERI,1,"3,804,972",40,327,349,0,M0-B08-04,STOCK,PIAZZALE NUOVO,2,M3-BO-251,S_CA,BOX PRONTI CAMION,17,348,442,0,9/11/2022 5:17,9/11/2022 15:22,9/11/2022 15:31,9,"1,385,293","1,309,209","40,288,176","1,837,804","422,034",0,2,2,768340,SENSI GREY SAND 40X80 RETT,"3,387",,1,9/11/2022 15:28,6,0
2562122948,"3,913,317",6,94,POSIZIONAMENTO DA PREBOX A BDP,1,"3,804,968",65,197,225,0,PRE-BOX-AA,PRE_BOX,AREA PRE-BOX PLANT2,11,M3-BO-220,S_GL,BOX PRONTI GRANDI LASTRE,15,288,412,0,9/11/2022 14:46,9/11/2022 15:23,9/11/2022 15:29,6,"1,385,829","1,308,628",0,0,0,0,1,1,,,,,,9/11/2022 15:27,4,216
2562121510,"3,913,449",5,15,CARICO DA MAG AUTO,1,"3,804,965",34,246,426,0,MA-RUL-PIC,OUT_AUTO,RULLIERA PICKING MAGAUTO,-,M3-BO-120,S_CA,BOX PRONTI CAMION,3,267,449,0,9/11/2022 15:19,9/11/2022 15:25,9/11/2022 15:26,1,"1,385,858","1,307,060",0,0,0,0,1,1,766604,B&W_MARBLE PEBBLE HIGH-GLOSSY 60X60 RET,968,780,1,9/11/2022 15:26,1,56
2562121510,"3,913,452",5,15,CARICO DA MAG AUTO,1,"3,804,969",34,246,426,0,MA-RUL-PIC,OUT_AUTO,RULLIERA PICKING MAGAUTO,-,M3-BO-120,S_CA,BOX PRONTI CAMION,3,267,449,0,9/11/2022 15:20,9/11/2022 15:26,9/11/2022 15:28,1,"1,385,859","1,307,060",0,0,0,0,1,1,766604,B&W_MARBLE PEBBLE HIGH-GLOSSY 60X60 RET,968,780,1,9/11/2022 15:27,0,56
2562122948,"3,913,319",6,94,POSIZIONAMENTO DA PREBOX A BDP,1,"3,804,999",65,107,193,0,PRE-BOX-09,PRE_BOX,AREA PRE-BOX PLANT2,2,M3-BO-220,S_GL,BOX PRONTI GRANDI LASTRE,15,288,412,0,9/11/2022 14:46,9/11/2022 15:29,9/11/2022 15:37,8,"1,385,822","1,308,628",0,0,0,0,1,1,,,,,,9/11/2022 15:34,6,343
2562123835,"3,913,467",6,60,POSIZIONAMENTO INTERI,1,"3,804,987",12,183,426,0,M3-57A-01,STOCK,PIAZZALE LATO NORD,42,M3-BO-11,S_CO,BOX PRONTI CONTAINER,7,210,371,0,9/11/2022 15:26,9/11/2022 15:29,9/11/2022 15:34,5,"1,385,756","1,309,634","40,288,844","186,227","446,314",0,4,4,738649,ARDOISE NOIR 80X80 RET,"2,181",,1,9/11/2022 15:31,2,56
2562121638,"3,913,459",5,15,CARICO DA MAG AUTO,1,"3,804,982",34,246,426,0,MA-RUL-PIC,OUT_AUTO,RULLIERA PICKING MAGAUTO,-,M3-BO-251,S_CA,BOX PRONTI CAMION,20,348,447,0,9/11/2022 15:23,9/11/2022 15:29,9/11/2022 15:31,2,"1,385,862","1,307,217",0,0,0,0,1,1,769814,REVES DE REX NOISETTE MATTE 60X120 RETT,855,760,1,9/11/2022 15:30,1,144
2562121510,"3,913,464",5,15,CARICO DA MAG AUTO,1,"3,804,991",34,246,426,0,MA-RUL-PIC,OUT_AUTO,RULLIERA PICKING MAGAUTO,-,M3-BO-120,S_CA,BOX PRONTI CAMION,3,267,449,0,9/11/2022 15:25,9/11/2022 15:31,9/11/2022 15:33,2,"1,385,864","1,307,060",0,0,0,0,1,1,766604,B&W_MARBLE PEBBLE HIGH-GLOSSY 60X60 RET,968,780,1,9/11/2022 15:32,1,56
2562123454,"3,913,480",6,60,POSIZIONAMENTO INTERI,1,"3,804,995",40,327,349,0,M0-B08-04,STOCK,PIAZZALE NUOVO,2,M3-BO-251,S_CA,BOX PRONTI CAMION,17,348,442,0,9/11/2022 15:28,9/11/2022 15:31,9/11/2022 15:36,5,"1,385,293","1,309,209","40,288,176","1,837,804","422,034",0,2,2,768340,SENSI GREY SAND 40X80 RETT,"3,387",,1,9/11/2022 15:33,2,0
2562120903,"3,913,471",5,15,CARICO DA MAG AUTO,1,"3,804,998",34,246,426,0,MA-RUL-PIC,OUT_AUTO,RULLIERA PICKING MAGAUTO,-,M3-BO-101,S_CO,BOX PRONTI CONTAINER,8,257,427,0,9/11/2022 15:26,9/11/2022 15:33,9/11/2022 15:34,1,"1,385,865","1,309,681",0,0,0,0,1,1,742105,STONES 2.0 BURL GRAY MATTE 30X60 RETT,985,820,1,9/11/2022 15:33,0,14
2562123835,"3,913,492",6,60,POSIZIONAMENTO INTERI,1,"3,805,007",12,183,426,0,M3-57A-01,STOCK,PIAZZALE LATO NORD,42,M3-BO-11,S_CO,BOX PRONTI CONTAINER,7,210,371,0,9/11/2022 15:32,9/11/2022 15:34,9/11/2022 15:42,8,"1,385,756","1,309,634","40,288,844","186,227","446,314",0,4,4,738649,ARDOISE NOIR 80X80 RET,"2,181",,1,9/11/2022 15:37,2,56
2562122992,"3,913,475",5,15,CARICO DA MAG AUTO,1,"3,805,002",34,246,426,0,MA-RUL-PIC,OUT_AUTO,RULLIERA PICKING MAGAUTO,-,M3-BO-241,S_CA,BOX PRONTI CAMION,12,343,432,0,9/11/2022 15:27,9/11/2022 15:34,9/11/2022 15:36,2,"1,385,866","1,308,671",0,0,0,0,1,1,765233,BUILDTECH 2.0 CE BONE NAT 60X120 RET,950,780,1,9/11/2022 15:34,0,101
2562123895,"3,913,174",6,60,POSIZIONAMENTO INTERI,2,"3,805,013",64,134,482,0,M3-60B-02,STOCK,PIAZZALE LATO NORD,42,M3-BO-480,S_CA,BOX PRONTI CAMION,20,402,434,0,9/11/2022 14:11,9/11/2022 15:36,9/11/2022 15:42,7,"1,385,775","1,309,696","40,288,944","1,904,321","456,845",0,3,3,768516,MATIERES DE REX BRUN STR 20MM 60X120 RET,968,,1,9/11/2022 15:38,3,353
2562123458,"3,911,716",6,60,POSIZIONAMENTO INTERI,1,"3,805,012",40,173,251,0,M0-C90-03,STOCK,PIAZZALE NUOVO,24,M3-BO-251,S_CA,BOX PRONTI CAMION,14,348,438,0,9/11/2022 5:18,9/11/2022 15:36,9/11/2022 15:38,2,"1,385,294","1,309,213","40,288,181","1,837,549","447,415",0,4,4,768297,SENSI IVORY LITHOS 60X120 RET,"1,850",,1,9/11/2022 15:38,2,288
2562121638,"3,913,487",5,15,CARICO DA MAG AUTO,1,"3,805,008",34,246,426,0,MA-RUL-PIC,OUT_AUTO,RULLIERA PICKING MAGAUTO,-,0,STOCK,0,-,1,230,5,9/11/2022 15:30,9/11/2022 15:36,9/11/2022 15:38,1,"1,385,868","1,307,217",0,0,0,0,1,1,769812,REVES DE REX PERLE MATTE 60X120 RETT,729,760,1,9/11/2022 15:37,0,367
2562122948,"3,913,318",6,94,POSIZIONAMENTO DA PREBOX A BDP,1,"3,805,025",65,110,196,0,PRE-BOX-08,PRE_BOX,AREA PRE-BOX PLANT2,2,M3-BO-220,S_GL,BOX PRONTI GRANDI LASTRE,15,288,412,0,9/11/2022 14:46,9/11/2022 15:37,9/11/2022 15:55,18,"1,385,825","1,308,628",0,0,0,0,1,1,,,,,,9/11/2022 15:42,5,337
2562123458,"3,913,511",6,60,POSIZIONAMENTO INTERI,1,"3,805,020",40,173,251,0,M0-C90-03,STOCK,PIAZZALE NUOVO,24,M3-BO-251,S_CA,BOX PRONTI CAMION,14,348,438,0,9/11/2022 15:38,9/11/2022 15:38,9/11/2022 15:42,3,"1,385,294","1,309,213","40,288,181","1,837,549","447,415",0,4,4,768297,SENSI IVORY LITHOS 60X120 RET,"1,850",,1,9/11/2022 15:40,1,288
2562123576,"3,913,496",5,15,CARICO DA MAG AUTO,1,"3,805,016",34,246,426,0,MA-RUL-PIC,OUT_AUTO,RULLIERA PICKING MAGAUTO,-,0,STOCK,0,-,1,230,4,9/11/2022 15:32,9/11/2022 15:38,9/11/2022 15:39,2,"1,385,869","1,309,348",0,0,0,0,1,1,749115,BUILDTECH GG WHITE NAT 30X60 RET,491,520,1,9/11/2022 15:39,1,367
2562122992,"3,913,500",5,15,CARICO DA MAG AUTO,1,"3,805,021",34,246,426,0,MA-RUL-PIC,OUT_AUTO,RULLIERA PICKING MAGAUTO,-,M3-BO-120,S_CA,BOX PRONTI CAMION,19,265,427,0,9/11/2022 15:34,9/11/2022 15:40,9/11/2022 15:41,1,"1,385,870","1,308,671",0,0,0,0,1,1,765233,BUILDTECH 2.0 CE BONE NAT 60X120 RET,950,780,1,9/11/2022 15:40,1,22
2562123601,"3,913,504",5,15,CARICO DA MAG AUTO,1,"3,805,026",34,246,426,0,MA-RUL-PIC,OUT_AUTO,RULLIERA PICKING MAGAUTO,-,0,STOCK,0,-,1,230,1,9/11/2022 15:35,9/11/2022 15:41,9/11/2022 15:43,2,"1,385,871","1,309,392",0,0,0,0,1,1,769845,ORIGINES DE REX OMBRE DOREE GLO 60X60 R,950,800,1,9/11/2022 15:42,1,367
2562123895,"3,913,517",6,60,POSIZIONAMENTO INTERI,1,"3,805,042",64,134,482,0,M3-60B-02,STOCK,PIAZZALE LATO NORD,42,M3-BO-480,S_CA,BOX PRONTI CAMION,20,402,434,0,9/11/2022 15:39,9/11/2022 15:42,9/11/2022 15:50,8,"1,385,775","1,309,696","40,288,944","1,904,321","456,845",0,3,3,768516,MATIERES DE REX BRUN STR 20MM 60X120 RET,968,,1,9/11/2022 15:48,5,353
2562123458,"3,913,522",6,60,POSIZIONAMENTO INTERI,1,"3,805,029",40,173,251,0,M0-C90-03,STOCK,PIAZZALE NUOVO,24,M3-BO-251,S_CA,BOX PRONTI CAMION,14,348,438,0,9/11/2022 15:40,9/11/2022 15:42,9/11/2022 15:44,3,"1,385,294","1,309,213","40,288,181","1,837,549","447,415",0,4,4,768297,SENSI IVORY LITHOS 60X120 RET,"1,850",,1,9/11/2022 15:43,1,288
2562123835,"3,913,152",6,60,POSIZIONAMENTO INTERI,1,"3,805,034",12,252,462,0,M3-52A-02,STOCK,PIAZZALE LATO NORD,15,M3-BO-11,S_CO,BOX PRONTI CONTAINER,7,210,371,0,9/11/2022 14:06,9/11/2022 15:42,9/11/2022 15:45,3,"1,385,754","1,309,634","40,288,847","183,815","434,790",0,1,1,728725,WALKS 1.0 BLACK 40X80 RETT,"3,435",,1,9/11/2022 15:44,2,92
2562122512,"3,913,507",5,15,CARICO DA MAG AUTO,1,"3,805,033",34,246,426,0,MA-RUL-PIC,OUT_AUTO,RULLIERA PICKING MAGAUTO,-,0,STOCK,0,-,1,230,2,9/11/2022 15:36,9/11/2022 15:43,9/11/2022 15:44,1,"1,385,872","1,308,147",0,0,0,0,1,1,775105,NATURE MOOD RIVERBED GLOSS.9MM 60X120 RE,111,440,1,9/11/2022 15:44,1,367
2562123458,"3,913,530",6,60,POSIZIONAMENTO INTERI,1,"3,805,037",40,173,251,0,M0-C90-03,STOCK,PIAZZALE NUOVO,24,M3-BO-251,S_CA,BOX PRONTI CAMION,14,348,438,0,9/11/2022 15:43,9/11/2022 15:44,9/11/2022 15:48,3,"1,385,294","1,309,213","40,288,181","1,837,549","447,415",0,4,4,768297,SENSI IVORY LITHOS 60X120 RET,"1,850",,1,9/11/2022 15:46,1,288
2562123835,"3,913,149",6,60,POSIZIONAMENTO INTERI,1,"3,805,044",12,156,251,0,M0-D10-03,STOCK,PIAZZALE NUOVO,24,M3-BO-11,S_CO,BOX PRONTI CONTAINER,7,210,371,0,9/11/2022 14:06,9/11/2022 15:45,9/11/2022 15:50,5,"1,385,758","1,309,634","40,288,848","1,478,979","421,762",0,1,1,761177,STONTECH 4.0 STONE_06 60x120 RET,"1,927",,1,9/11/2022 15:48,3,148
2562123453,"3,913,513",5,15,CARICO DA MAG AUTO,1,"3,805,041",34,246,426,0,MA-RUL-PIC,OUT_AUTO,RULLIERA PICKING MAGAUTO,-,0,STOCK,0,-,1,230,2,9/11/2022 15:38,9/11/2022 15:45,9/11/2022 15:48,4,"1,385,873","1,309,208",0,0,0,0,1,1,758168,STUDIOS OF CSM CONCREATE 6MM 60X120 RET,94,400,1,9/11/2022 15:47,3,367
2562122992,"3,913,519",5,15,CARICO DA MAG AUTO,1,"3,805,046",34,246,426,0,MA-RUL-PIC,OUT_AUTO,RULLIERA PICKING MAGAUTO,-,M3-BO-120,S_CA,BOX PRONTI CAMION,19,265,427,0,9/11/2022 15:39,9/11/2022 15:48,9/11/2022 15:50,1,"1,385,874","1,308,671",0,0,0,0,1,1,765233,BUILDTECH 2.0 CE BONE NAT 60X120 RET,950,780,1,9/11/2022 15:49,1,22
2562123835,"3,913,150",6,60,POSIZIONAMENTO INTERI,1,"3,805,058",12,100,237,0,M0-D70-14,STOCK,PIAZZALE NUOVO,3,M3-BO-11,S_CO,BOX PRONTI CONTAINER,7,210,371,0,9/11/2022 14:06,9/11/2022 15:50,9/11/2022 15:55,5,"1,385,757","1,309,634","40,288,849","1,139,748","216,740",0,1,1,755470,I CLASSICI PORTORO GLOSSY 60X60 RET,"2,851",,1,9/11/2022 15:53,3,228
2562123895,"3,913,173",6,60,POSIZIONAMENTO INTERI,2,"3,805,063",64,134,483,0,M3-60B-02,STOCK,PIAZZALE LATO NORD,43,M3-BO-480,S_CA,BOX PRONTI CAMION,20,402,434,0,9/11/2022 14:11,9/11/2022 15:50,9/11/2022 15:58,8,"1,385,774","1,309,696","40,288,944","1,904,321","456,845",0,2,2,768516,MATIERES DE REX BRUN STR 20MM 60X120 RET,968,,1,9/11/2022 15:55,5,354
2562122992,"3,913,523",5,15,CARICO DA MAG AUTO,1,"3,805,052",34,246,426,0,MA-RUL-PIC,OUT_AUTO,RULLIERA PICKING MAGAUTO,-,M3-BO-120,S_CA,BOX PRONTI CAMION,19,265,427,0,9/11/2022 15:40,9/11/2022 15:50,9/11/2022 15:51,1,"1,385,876","1,308,671",0,0,0,0,1,1,765233,BUILDTECH 2.0 CE BONE NAT 60X120 RET,950,780,1,9/11/2022 15:50,1,22
2562122475,"3,913,528",5,15,CARICO DA MAG AUTO,1,"3,805,056",34,246,426,0,MA-RUL-PIC,OUT_AUTO,RULLIERA PICKING MAGAUTO,-,0,STOCK,0,-,1,230,2,9/11/2022 15:42,9/11/2022 15:51,9/11/2022 15:53,2,"1,385,877","1,308,111",0,0,0,0,1,1,738955,INDUSTRIAL IVORY BOCCIARDATO 30x60 RET,168,340,1,9/11/2022 15:52,0,367
2562122974,"3,911,719",6,60,POSIZIONAMENTO INTERI,2,"3,805,067",40,118,436,0,M3-61A-02,STOCK,PIAZZALE LATO NORD,38,M3-BO-251,S_CA,BOX PRONTI CAMION,7,347,428,0,9/11/2022 5:19,9/11/2022 15:53,9/11/2022 15:59,7,"1,385,295","1,308,654","40,287,379","1,479,066","193,307",0,3,3,761203,STONTECH 4.0 STONE_05 HIGH-GLOSSY 30x60R,"5,780",,1,9/11/2022 15:56,4,244
2562123881,"3,913,532",5,15,CARICO DA MAG AUTO,1,"3,805,060",34,246,426,0,MA-RUL-PIC,OUT_AUTO,RULLIERA PICKING MAGAUTO,-,0,STOCK,0,-,1,230,1,9/11/2022 15:44,9/11/2022 15:53,9/11/2022 15:56,3,"1,385,878","1,309,683",0,0,0,0,1,1,765786,BIJOUX SODALITE BLEU GLO 6MM 60X120 R,0,278,1,9/11/2022 15:54,1,367
2562121509,"3,913,547",6,60,POSIZIONAMENTO INTERI,1,"3,805,065",83,189,277,0,0,STOCK,0,-,M3-BO-241,S_CA,BOX PRONTI CAMION,12,343,432,0,9/11/2022 15:51,9/11/2022 15:54,9/11/2022 16:16,23,"1,385,275","1,307,059","40,284,775","1,741,075","227,884",0,25,25,766604,B&W_MARBLE PEBBLE HIGH-GLOSSY 60X60 RET,"2,903",,1,9/11/2022 15:56,2,0
2562122948,"3,913,316",6,94,POSIZIONAMENTO DA PREBOX A BDP,1,"3,805,146",65,176,225,0,PRE-BOX-AA,PRE_BOX,AREA PRE-BOX PLANT2,5,M3-BO-220,S_GL,BOX PRONTI GRANDI LASTRE,15,288,412,0,9/11/2022 14:46,9/11/2022 15:55,9/11/2022 16:41,46,"1,385,827","1,308,628",0,0,0,0,1,1,,,,,,9/11/2022 16:39,44,222
2562123452,"3,911,721",6,60,POSIZIONAMENTO INTERI,2,"3,805,110",12,302,465,0,M3-46A-02,STOCK,PIAZZALE LATO NORD,10,M3-BO-251,S_CA,BOX PRONTI CAMION,12,347,435,0,9/11/2022 5:20,9/11/2022 15:55,9/11/2022 16:30,34,"1,385,297","1,309,207","40,288,172","186,332","434,558",0,5,5,738803,INDUSTRIAL IVORY NAT 60x60 RET,"2,786",,1,9/11/2022 16:27,32,79
2562122992,"3,913,535",5,15,CARICO DA MAG AUTO,1,"3,805,069",34,246,426,0,MA-RUL-PIC,OUT_AUTO,RULLIERA PICKING MAGAUTO,-,M3-BO-120,S_CA,BOX PRONTI CAMION,19,265,427,0,9/11/2022 15:48,9/11/2022 15:56,9/11/2022 15:58,2,"1,385,879","1,308,671",0,0,0,0,1,1,765233,BUILDTECH 2.0 CE BONE NAT 60X120 RET,950,760,1,9/11/2022 15:57,1,22
2562123895,"3,913,175",6,60,POSIZIONAMENTO INTERI,1,"3,805,078",64,121,482,0,M3-61A-02,STOCK,PIAZZALE LATO NORD,5,M3-BO-480,S_CA,BOX PRONTI CAMION,20,402,434,0,9/11/2022 14:11,9/11/2022 15:58,9/11/2022 16:07,9,"1,385,771","1,309,696","40,288,938","1,145,701","460,094",0,3,3,755568,B&W BLACK HIGH-GLO 60X120 RET,"1,706",,1,9/11/2022 16:02,3,366
2562123835,"3,913,538",5,15,CARICO DA MAG AUTO,1,"3,805,071",34,246,426,0,MA-RUL-PIC,OUT_AUTO,RULLIERA PICKING MAGAUTO,-,M3-BO-11,S_CO,BOX PRONTI CONTAINER,7,210,371,0,9/11/2022 15:49,9/11/2022 15:58,9/11/2022 15:59,2,"1,385,880","1,309,634",0,0,0,0,1,1,738885,ARDOISE BLANC 20X80 RET,"1,028",800,1,9/11/2022 15:58,1,57
2562122974,"3,913,556",6,60,POSIZIONAMENTO INTERI,1,"3,805,106",40,118,436,0,M3-61A-02,STOCK,PIAZZALE LATO NORD,38,M3-BO-251,S_CA,BOX PRONTI CAMION,7,347,428,0,9/11/2022 15:57,9/11/2022 15:59,9/11/2022 16:28,28,"1,385,295","1,308,654","40,287,379","1,479,066","193,307",0,3,3,761203,STONTECH 4.0 STONE_05 HIGH-GLOSSY 30x60R,"5,780",,1,9/11/2022 16:25,25,244
2562123895,"3,913,567",6,60,POSIZIONAMENTO INTERI,2,"3,805,087",64,121,482,0,M3-61A-02,STOCK,PIAZZALE LATO NORD,5,M3-BO-480,S_CA,BOX PRONTI CAMION,20,402,434,0,9/11/2022 16:02,9/11/2022 16:07,9/11/2022 16:11,4,"1,385,771","1,309,696","40,288,938","1,145,701","460,094",0,3,3,755568,B&W BLACK HIGH-GLO 60X120 RET,"1,706",,1,9/11/2022 16:09,2,366
2562123895,"3,913,176",6,60,POSIZIONAMENTO INTERI,1,"3,805,095",64,116,483,0,M3-61B-02,STOCK,PIAZZALE LATO NORD,30,M3-BO-480,S_CA,BOX PRONTI CAMION,20,402,434,0,9/11/2022 14:11,9/11/2022 16:12,9/11/2022 16:20,8,"1,385,770","1,309,696","40,288,938","1,145,701","460,094",0,2,2,755568,B&W BLACK HIGH-GLO 60X120 RET,"1,706",,1,9/11/2022 16:16,5,370
2562123391,"3,913,685",5,15,CARICO DA MAG AUTO,1,"3,805,213",34,246,426,0,MA-RUL-PIC,OUT_AUTO,RULLIERA PICKING MAGAUTO,-,0,STOCK,0,-,1,230,4,9/11/2022 16:56,9/11/2022 17:05,9/11/2022 17:07,2,"1,385,907","1,309,148",0,0,0,0,1,1,765280,BUILDTECH 2.0 CE WHITE NAT 30X60 RET,511,580,1,9/11/2022 17:06,1,367
2562123380,"3,913,699",6,60,POSIZIONAMENTO INTERI,2,"3,805,231",40,136,459,0,M3-60A-02,STOCK,PIAZZALE LATO NORD,21,M3-BO-460,S_CA,BOX PRONTI CAMION,13,397,419,0,9/11/2022 17:02,9/11/2022 17:06,9/11/2022 17:18,12,"1,385,299","1,309,137","40,288,062","186,444","415,908",0,4,4,738964,INDUSTRIAL TAUPE BOCCIAR.20MM 60x60 RET,"1,929",,1,9/11/2022 17:13,8,356
2562120914,"3,913,658",0,63,POSIZIONAMENTO DA PICK_CLD A BOX,1,"3,805,236",45,233,746,0,M1-PICK-F9,PICK_CLD,PICKING MANUALE M1,1,M3-BO-520,S_CA,BOX PRONTI CAMION,4,410,414,0,9/11/2022 16:47,9/11/2022 17:07,9/11/2022 17:16,10,"1,385,896","1,306,408",0,0,0,0,1,1,735919,NEUTRA 6.0 01 BIANCO 80X180 RETT,119,205,4,9/11/2022 17:15,9,360
2562123595,"3,913,694",5,15,CARICO DA MAG AUTO,1,"3,805,220",34,246,426,0,MA-RUL-PIC,OUT_AUTO,RULLIERA PICKING MAGAUTO,-,0,STOCK,0,-,1,230,4,9/11/2022 16:59,9/11/2022 17:09,9/11/2022 17:11,2,"1,385,909","1,309,368",0,0,0,0,1,1,742266,STONES 2.0 BURL WHITE MATTE MOSAICO 5X5,307,540,1,9/11/2022 17:10,1,367
2562123404,"3,913,698",5,15,CARICO DA MAG AUTO,1,"3,805,225",34,246,426,0,MA-RUL-PIC,OUT_AUTO,RULLIERA PICKING MAGAUTO,-,0,STOCK,0,-,1,230,5,9/11/2022 17:02,9/11/2022 17:11,9/11/2022 17:13,2,"1,385,910","1,309,160",0,0,0,0,1,1,735629,"VETRO 05 CEMENTO LUX MOSAICO 4,5 mm",19,300,7,9/11/2022 17:12,1,367
2562124001,"3,913,705",5,15,CARICO DA MAG AUTO,1,"3,805,234",34,246,426,0,MA-RUL-PIC,OUT_AUTO,RULLIERA PICKING MAGAUTO,-,0,STOCK,0,-,1,230,4,9/11/2022 17:05,9/11/2022 17:13,9/11/2022 17:15,2,"1,385,912","1,309,800",0,0,0,0,1,1,755674,PLANCHES DE REX NOISETTE STR 20X120 RET,565,600,1,9/11/2022 17:14,1,367
2562123381,"3,913,693",0,63,POSIZIONAMENTO DA PICK_CLD A BOX,1,"3,805,237",39,412,376,0,M3-PICK-F4,PICK_CLD,PICKING MANUALE M3,1,0,STOCK,0,-,1,230,5,9/11/2022 16:57,9/11/2022 17:13,9/11/2022 17:19,6,"1,385,903","1,309,138",0,0,0,0,1,1,738962,INDUSTRIAL SAGE BOCCIAR.20MM 60x60 RET,289,327,1,9/11/2022 17:16,3,486
2562123237,"3,913,708",5,15,CARICO DA MAG AUTO,1,"3,805,239",34,246,426,0,MA-RUL-PIC,OUT_AUTO,RULLIERA PICKING MAGAUTO,-,0,STOCK,0,-,1,230,2,9/11/2022 17:06,9/11/2022 17:15,9/11/2022 17:17,2,"1,385,913","1,308,975",0,0,0,0,1,1,757064,FLOWTECH RUSSET NAT.80X80 RET,175,380,1,9/11/2022 17:16,1,367
2562123467,"3,911,737",6,60,POSIZIONAMENTO INTERI,1,"3,805,268",64,132,449,0,M3-60B-02,STOCK,PIAZZALE LATO NORD,19,0,STOCK,0,-,1,230,1,9/11/2022 5:25,9/11/2022 17:16,9/11/2022 17:31,15,"1,385,303","1,309,227","40,288,202","1,146,720","381,709",0,1,1,755707,MATIÈRES DE REX GRIS 80x80 RET,"2,263",,1,9/11/2022 17:29,12,259
2562122727,"3,913,713",5,15,CARICO DA MAG AUTO,1,"3,805,284",34,246,426,0,MA-RUL-PIC,OUT_AUTO,RULLIERA PICKING MAGAUTO,-,0,STOCK,0,-,1,230,2,9/11/2022 17:08,9/11/2022 17:17,9/11/2022 17:34,17,"1,385,923","1,308,398",0,0,0,0,1,1,755836,PREXIOUS REX DREAM ARABESQUE MAT 60X120R,127,340,1,9/11/2022 17:33,16,367
2562123381,"3,911,730",6,60,POSIZIONAMENTO INTERI,1,"3,805,248",40,114,442,0,M3-61B-02,STOCK,PIAZZALE LATO NORD,1,M3-BO-460,S_CA,BOX PRONTI CAMION,13,397,419,0,9/11/2022 5:24,9/11/2022 17:18,9/11/2022 17:24,6,"1,385,301","1,309,138","40,288,063","186,442","463,954",0,3,3,738962,INDUSTRIAL SAGE BOCCIAR.20MM 60x60 RET,"1,929",,1,9/11/2022 17:21,2,354
2562123895,"3,913,730",6,61,POSIZIONAMENTO DA STOCK A PICK_FTR,1,"3,805,271",39,305,322,0,M0-B28-03,STOCK,PIAZZALE NUOVO,18,M3-BO-480,S_CA,BOX PRONTI CAMION,11,402,422,0,9/11/2022 17:16,9/11/2022 17:19,9/11/2022 17:41,22,"1,385,764","1,309,696","40,288,939","1,727,980","461,850",36,0,1,765277,BUILDTECH 2.0 CE BONE R+PTV 60X60 RET,768,675,1,9/11/2022 17:30,11,173
2562121493,"3,913,628",0,63,POSIZIONAMENTO DA PICK_CLD A BOX,1,"3,805,251",45,236,746,0,M1-PIK-F10,PICK_CLD,PICKING MANUALE M1,1,M3-BO-520,S_CA,BOX PRONTI CAMION,12,411,430,0,9/11/2022 16:34,9/11/2022 17:21,9/11/2022 17:23,2,"1,385,887","1,307,055",0,0,0,0,1,1,756203,STONES 2.0 ARABESC.WHITE GLOSSY 80X180RT,276,260,4,9/11/2022 17:22,2,354
2562122996,"3,913,665",6,61,POSIZIONAMENTO DA STOCK A PICK_FTR,1,"3,805,260",45,210,857,0,M1-BD-01,STOCK,MAGAZZINO COPERTO,13,M1-PIK-P12,PICK_FTR,PICKING MANUALE M1,1,241,747,0,9/11/2022 16:49,9/11/2022 17:23,9/11/2022 17:28,5,"1,385,460","1,308,677","40,287,405","187,542","368,863",3,0,1,741845,STONES 2.0 CALACATTA SMOOTH 80X180 RETT.,"1,076",700,4,9/11/2022 17:26,4,152
2562123381,"3,913,741",6,60,POSIZIONAMENTO INTERI,2,"3,805,262",40,114,442,0,M3-61B-02,STOCK,PIAZZALE LATO NORD,1,M3-BO-460,S_CA,BOX PRONTI CAMION,13,397,419,0,9/11/2022 17:21,9/11/2022 17:24,9/11/2022 17:31,6,"1,385,301","1,309,138","40,288,063","186,442","463,954",0,3,3,738962,INDUSTRIAL SAGE BOCCIAR.20MM 60x60 RET,"1,929",,1,9/11/2022 17:27,3,354
2562122851,"3,913,695",6,61,POSIZIONAMENTO DA STOCK A PICK_FTR,1,"3,805,278",45,296,830,0,M1-CH-02,STOCK,MAGAZZINO COPERTO,11,M1-PIK-P11,PICK_FTR,PICKING MANUALE M1,1,239,747,0,9/11/2022 16:59,9/11/2022 17:28,9/11/2022 17:33,5,"1,385,462","1,308,694","40,287,425","1,154,280","179,391",2,0,1,756204,STONES 2.0 CALACAT.BLACK GLOSSY 80X180RT,0,205,4,9/11/2022 17:32,4,159
2562123784,"3,912,618",6,60,POSIZIONAMENTO INTERI,1,"3,805,282",40,168,283,0,M0-C90-02,STOCK,PIAZZALE NUOVO,35,M3-BO-120,S_CA,BOX PRONTI CAMION,11,266,438,0,9/11/2022 11:03,9/11/2022 17:31,9/11/2022 17:34,3,"1,385,589","1,309,578","40,288,714","1,837,848","455,881",0,9,9,768319,SENSI TAUPE SAND 60X120 RET,"1,850",,1,9/11/2022 17:33,2,164
2562121638,"3,913,103",6,60,POSIZIONAMENTO INTERI,1,"3,805,287",64,267,468,0,M3-50A-02,STOCK,PIAZZALE LATO NORD,9,M3-BO-251,S_CA,BOX PRONTI CAMION,20,348,447,0,9/11/2022 13:55,9/11/2022 17:31,9/11/2022 17:39,8,"1,385,738","1,307,217","40,284,987","2,104,628","443,927",0,1,1,769812,REVES DE REX PERLE MATTE 60X120 RETT,"1,901",,1,9/11/2022 17:34,3,125
2562123528,"3,913,728",6,61,POSIZIONAMENTO DA STOCK A PICK_FTR,1,"3,805,296",45,217,869,0,M1-BB-01,STOCK,MAGAZZINO COPERTO,10,M1-PICK-P9,PICK_FTR,PICKING MANUALE M1,1,233,747,0,9/11/2022 17:16,9/11/2022 17:33,9/11/2022 17:40,7,"1,385,465","1,309,298","40,288,324","2,591,910","463,694",2,0,1,774600,HERITAGE LUXE EMERALD GLOSSY 80X180 RET,0,288,4,9/11/2022 17:38,5,234
2562123784,"3,913,789",6,60,POSIZIONAMENTO INTERI,1,"3,805,289",40,168,283,0,M0-C90-02,STOCK,PIAZZALE NUOVO,35,M3-BO-480,S_CA,BOX PRONTI CAMION,18,402,431,0,9/11/2022 17:33,9/11/2022 17:34,9/11/2022 17:37,3,"1,385,589","1,309,578","40,288,714","1,837,848","455,881",0,9,9,768319,SENSI TAUPE SAND 60X120 RET,"1,850",,1,9/11/2022 17:35,1,310
2562123212,"3,912,180",6,60,POSIZIONAMENTO INTERI,1,"3,804,004",24,133,472,0,M3-60B-02,STOCK,PIAZZALE LATO NORD,35,0,STOCK,0,-,1,230,5,9/11/2022 8:26,9/11/2022 9:49,9/11/2022 9:53,5,"1,385,447","1,308,936","40,287,751","1,727,920","458,463",0,1,1,765232,BUILDTECH 2.0 CE WHITE NAT 60X120 RET,"1,685",,1,9/11/2022 9:51,2,282
2562121765,"3,912,369",6,94,POSIZIONAMENTO DA PREBOX A BDP,1,"3,804,013",65,131,194,0,PRE-BOX-8A,PRE_BOX,AREA PRE-BOX PLANT2,2,M3-CL-03,S_CANT,Cantilever M3,-,373,411,3807,9/11/2022 9:47,9/11/2022 9:50,9/11/2022 9:57,6,"1,385,503","1,309,489",0,0,0,0,1,1,,,,,,9/11/2022 9:53,3,402
2562122967,"3,912,378",8,15,CARICO DA MAG AUTO,1,"3,804,011",34,242,416,0,MA-TE-PIC,OUT_AUTO_T,DEPOSITO TERRA USCITA MA,-,0,STOCK,0,-,1,230,5,9/11/2022 9:50,9/11/2022 9:52,9/11/2022 9:54,2,"1,385,505","1,308,647",0,0,0,0,1,1,755473,B&W WHITE NATURALE 60X60 RET,88,360,1,9/11/2022 9:53,1,363
2562121493,"3,912,382",6,60,POSIZIONAMENTO INTERI,1,"3,804,021",58,91,328,0,M0-D88-08,STOCK,PIAZZALE NUOVO,5,M3-BO-480,S_CA,BOX PRONTI CAMION,9,401,419,0,9/11/2022 9:51,9/11/2022 9:53,9/11/2022 9:58,5,"1,385,441","1,307,055","40,284,764","1,154,282","179,226",0,11,11,756209,STONES 2.0 ARABESC.WHITE MATTE 80X80 RET,"2,381",,1,9/11/2022 9:56,3,367
2562122713,"3,912,387",8,15,CARICO DA MAG AUTO,1,"3,804,016",34,242,416,0,MA-TE-PIC,OUT_AUTO_T,DEPOSITO TERRA USCITA MA,-,0,STOCK,0,-,1,230,2,9/11/2022 9:53,9/11/2022 9:54,9/11/2022 9:55,2,"1,385,506","1,308,382",0,0,0,0,1,1,765957,ONYX&MORE GOLDEN BLEND SAT 6MM 60X120R,250,460,1,9/11/2022 9:55,1,363
2562123088,"3,912,391",8,15,CARICO DA MAG AUTO,1,"3,804,020",34,242,416,0,MA-TE-PIC,OUT_AUTO_T,DEPOSITO TERRA USCITA MA,-,0,STOCK,0,-,1,230,1,9/11/2022 9:55,9/11/2022 9:55,9/11/2022 9:57,1,"1,385,507","1,308,780",0,0,0,0,1,1,761238,*IGA UNICO GRAU 6MM 60X120 RET,938,760,1,9/11/2022 9:56,1,363
2562122642,"3,912,309",6,94,POSIZIONAMENTO DA PREBOX A BDP,1,"3,804,031",65,214,225,0,PRE-BOX-AA,PRE_BOX,AREA PRE-BOX PLANT2,16,M3-BO-24,S_GL,BOX PRONTI GRANDI LASTRE,4,144,391,0,9/11/2022 9:20,9/11/2022 9:57,9/11/2022 10:02,6,"1,385,477","1,308,306",0,0,0,0,1,1,,,,,,9/11/2022 9:59,3,185
2562121493,"3,912,394",8,15,CARICO DA MAG AUTO,1,"3,804,027",34,242,416,0,MA-TE-PIC,OUT_AUTO_T,DEPOSITO TERRA USCITA MA,-,M3-BO-480,S_CA,BOX PRONTI CAMION,9,401,419,0,9/11/2022 9:56,9/11/2022 9:57,9/11/2022 9:59,2,"1,385,508","1,307,055",0,0,0,0,1,1,756209,STONES 2.0 ARABESC.WHITE MATTE 80X80 RET,"1,190","1,020",1,9/11/2022 9:57,1,197
