CD_ORDER,CD_MISSION,NM_PRIORITY,TP_MISSION,DSC_MISSION,UDC,OID_STACKED_UDC,OID_FORKLIFT,FROM_X,FROM_Y,FROM_Z,AREA_FROM,TP_AREA_FROM,DSC_AREA_FROM,BEAM_FROM,AREA_TO,TP_AREA_TO,DSC_AREA_TO,BEAM_TO,TO_X,TO_Y,TO_Z,DT_INSERT,DT_START,DT_UPDATE,DIFF,OID_ORDER_R_BEAM,OID_ORDER,OID_ORDER_R,OID_ARTICLE,OID_BATCH,QTY_TO_PICK,NM_ENTIRE,NM_TOTAL,CD_ARTICLE,DSC_ARTICLE,WEIGHT,HEIGHT,TP_UDC,DT_READY_TO_GO,DIFF_READY_TO_GO,DISTANCE
2562123490,"3,915,349",5,15,CARICO DA MAG AUTO,1,"3,806,820",64,246,426,0,MA-RUL-PIC,OUT_AUTO,RULLIERA PICKING MAGAUTO,-,0,STOCK,0,-,1,230,5,10/11/2022 9:58,10/11/2022 10:04,10/11/2022 10:07,3,"1,386,216","1,309,257",0,0,0,0,1,1,752190,RAWTECH RAW-MUD NAT 80X80 RET,30,220,1,10/11/2022 10:06,1,367
2562123426,"3,915,352",5,15,CARICO DA MAG AUTO,1,"3,806,827",64,246,426,0,MA-RUL-PIC,OUT_AUTO,RULLIERA PICKING MAGAUTO,-,0,STOCK,0,-,1,230,5,10/11/2022 9:59,10/11/2022 10:07,10/11/2022 10:10,2,"1,386,217","1,309,180",0,0,0,0,1,1,742717,LA ROCHE MUD STRUT.B.DRITTI 40X80 RETT,22,240,1,10/11/2022 10:08,1,367
2562123754,"3,914,009",6,94,POSIZIONAMENTO DA PREBOX A BDP,1,"3,806,852",65,390,393,0,0,STOCK,0,-,M3-CL-04,S_CANT,Cantilever M3,-,353,417,957,9/11/2022 18:48,10/11/2022 10:22,10/11/2022 10:23,1,"1,385,973","1,309,550",0,0,0,0,1,1,,,,,,10/11/2022 10:22,0,57
2562123516,"3,915,473",5,15,CARICO DA MAG AUTO,1,"3,806,911",64,246,426,0,MA-RUL-PIC,OUT_AUTO,RULLIERA PICKING MAGAUTO,-,0,STOCK,0,-,1,230,2,10/11/2022 11:02,10/11/2022 11:03,10/11/2022 11:05,2,"1,386,252","1,309,288",0,0,0,0,1,1,755720,MATIÈRES DE REX GRIS 60X120 RET,31,220,1,10/11/2022 11:04,1,367
2562123558,"3,914,029",6,94,POSIZIONAMENTO DA PREBOX A BDP,1,"3,807,428",65,110,185,0,PRE-BOX-11,PRE_BOX,AREA PRE-BOX PLANT2,3,M3-CL-07,S_CANT,Cantilever M3,-,360,429,947,9/11/2022 18:49,10/11/2022 14:43,10/11/2022 15:21,38,"1,385,998","1,309,328",0,0,0,0,1,1,,,,,,10/11/2022 15:19,35,401
2562124073,"3,916,152",6,60,POSIZIONAMENTO INTERI,1,"3,807,456",63,332,456,0,M3-42B-01,STOCK,PIAZZALE LATO NORD,1,M3-BO-241,S_CA,BOX PRONTI CAMION,13,343,430,0,10/11/2022 15:25,10/11/2022 15:26,10/11/2022 15:29,3,"1,385,920","1,309,891","40,289,259","2,104,644","437,059",0,4,4,769817,REVES DE REX BLEU GLOSSY 60X120 RETT,"1,901",,1,10/11/2022 15:28,2,37
2562124073,"3,916,162",6,60,POSIZIONAMENTO INTERI,1,"3,807,469",63,332,456,0,M3-42B-01,STOCK,PIAZZALE LATO NORD,1,M3-BO-241,S_CA,BOX PRONTI CAMION,13,343,430,0,10/11/2022 15:28,10/11/2022 15:29,10/11/2022 15:32,3,"1,385,920","1,309,891","40,289,259","2,104,644","437,059",0,4,4,769817,REVES DE REX BLEU GLOSSY 60X120 RETT,"1,901",,1,10/11/2022 15:31,1,37
2562124073,"3,916,174",6,60,POSIZIONAMENTO INTERI,1,"3,807,476",63,332,456,0,M3-42B-01,STOCK,PIAZZALE LATO NORD,1,M3-BO-241,S_CA,BOX PRONTI CAMION,13,343,430,0,10/11/2022 15:31,10/11/2022 15:32,10/11/2022 15:35,3,"1,385,920","1,309,891","40,289,259","2,104,644","437,059",0,4,4,769817,REVES DE REX BLEU GLOSSY 60X120 RETT,"1,901",,1,10/11/2022 15:33,1,37
2562124073,"3,913,785",6,60,POSIZIONAMENTO INTERI,1,"3,807,488",63,190,308,0,M0-C68-02,STOCK,PIAZZALE NUOVO,28,M3-BO-241,S_CA,BOX PRONTI CAMION,13,343,430,0,9/11/2022 17:33,10/11/2022 15:35,10/11/2022 15:41,6,"1,385,919","1,309,891","40,289,261","1,735,640","456,605",0,1,1,766330,BIJOUX CALAC ALTISSIMO GLOSSY 60X120 RET,"1,850",,1,10/11/2022 15:38,3,206
2562124073,"3,913,786",6,60,POSIZIONAMENTO INTERI,1,"3,807,509",63,139,308,0,M0-D28-02,STOCK,PIAZZALE NUOVO,28,M3-BO-241,S_CA,BOX PRONTI CAMION,13,343,430,0,9/11/2022 17:33,10/11/2022 15:41,10/11/2022 15:50,9,"1,385,918","1,309,891","40,289,262","1,735,500","436,307",0,1,1,766332,BIJOUX OMBRE CARAVAGE GLOSSY 60X120 RETT,"1,850",,1,10/11/2022 15:48,6,250
2562123700,"3,912,480",6,94,POSIZIONAMENTO DA PREBOX A BDP,1,"3,804,431",86,390,393,0,0,STOCK,0,-,M3-CL-05,S_CANT,Cantilever M3,-,366,420,3797,9/11/2022 10:14,9/11/2022 12:17,9/11/2022 12:22,5,"1,385,552","1,309,498",0,0,0,0,1,1,,,,,,9/11/2022 12:18,1,73
2562123784,"3,912,880",8,15,CARICO DA MAG AUTO,1,"3,804,433",64,242,416,0,MA-TE-PIC,OUT_AUTO_T,DEPOSITO TERRA USCITA MA,-,M3-BO-480,S_CA,BOX PRONTI CAMION,18,402,431,0,9/11/2022 12:18,9/11/2022 12:18,9/11/2022 12:19,2,"1,385,690","1,309,578",0,0,0,0,1,1,768634,SENSI BY THUN TAUPE SAND NAT6MM 60X120R,938,760,1,9/11/2022 12:19,1,178
2562123784,"3,912,882",8,15,CARICO DA MAG AUTO,1,"3,804,436",34,242,416,0,MA-TE-PIC,OUT_AUTO_T,DEPOSITO TERRA USCITA MA,-,M3-BO-120,S_CA,BOX PRONTI CAMION,11,266,438,0,9/11/2022 12:18,9/11/2022 12:19,9/11/2022 12:21,2,"1,385,691","1,309,578",0,0,0,0,1,1,768634,SENSI BY THUN TAUPE SAND NAT6MM 60X120R,938,760,1,9/11/2022 12:20,1,32
2562122269,"3,912,436",8,60,POSIZIONAMENTO INTERI,1,"3,804,458",40,333,471,0,M3-42B-01,STOCK,PIAZZALE LATO NORD,12,MA-RUL-CA1,IN_AUTO,RULLIERA 1 CARICO MAGUATO,14,230,454,0,9/11/2022 10:09,9/11/2022 12:29,9/11/2022 12:49,20,"1,385,525","1,307,908","40,286,058","814,624","458,630",0,3,3,752204,RAWTECH RAW-WHITE NAT 30X60 RET,"5,119",,1,9/11/2022 12:39,10,153
2562123083,"3,912,903",8,15,CARICO DA MAG AUTO,1,"3,804,456",34,242,416,0,MA-TE-PIC,OUT_AUTO_T,DEPOSITO TERRA USCITA MA,-,0,STOCK,0,-,1,230,5,9/11/2022 12:22,9/11/2022 12:36,9/11/2022 12:39,3,"1,385,694","1,308,773",0,0,0,0,1,1,751166,B&W WHITE NATURALE 6MM 60X120 RET,63,310,1,9/11/2022 12:37,2,363
2562123713,"3,912,452",6,94,POSIZIONAMENTO DA PREBOX A BDP,1,"3,804,464",65,110,204,0,PRE-BOX-06,PRE_BOX,AREA PRE-BOX PLANT2,3,M3-CL-07,S_CANT,Cantilever M3,-,378,428,37,9/11/2022 10:12,9/11/2022 12:38,9/11/2022 12:44,5,"1,385,533","1,309,496",0,0,0,0,1,1,,,,,,9/11/2022 12:42,3,404
2562123197,"3,913,204",5,15,CARICO DA MAG AUTO,1,"3,804,739",34,246,426,0,MA-RUL-PIC,OUT_AUTO,RULLIERA PICKING MAGAUTO,-,0,STOCK,0,-,1,230,3,9/11/2022 14:17,9/11/2022 14:22,9/11/2022 14:23,2,"1,385,795","1,308,914",0,0,0,0,1,1,757831,ARDOISE NOIR 6MM 60X120 RET,31,320,1,9/11/2022 14:23,1,367
2562123511,"3,913,114",0,63,POSIZIONAMENTO DA PICK_CLD A BOX,1,"3,804,745",45,233,746,0,M1-PICK-F9,PICK_CLD,PICKING MANUALE M1,1,M3-BO-520,S_CA,BOX PRONTI CAMION,8,411,422,0,9/11/2022 13:59,9/11/2022 14:23,9/11/2022 14:25,2,"1,385,742","1,309,442",0,0,0,0,1,1,774598,HERITAGE LUXE CLOUD GLOSSY 80X180 RET,265,260,4,9/11/2022 14:24,1,353
2562122992,"3,913,208",5,15,CARICO DA MAG AUTO,1,"3,804,744",34,246,426,0,MA-RUL-PIC,OUT_AUTO,RULLIERA PICKING MAGAUTO,-,0,STOCK,0,-,1,230,4,9/11/2022 14:18,9/11/2022 14:23,9/11/2022 14:25,1,"1,385,796","1,308,671",0,0,0,0,1,1,765233,BUILDTECH 2.0 CE BONE NAT 60X120 RET,158,380,1,9/11/2022 14:24,0,367
2562123030,"3,913,213",5,15,CARICO DA MAG AUTO,1,"3,804,748",34,246,426,0,MA-RUL-PIC,OUT_AUTO,RULLIERA PICKING MAGAUTO,-,0,STOCK,0,-,1,230,4,9/11/2022 14:19,9/11/2022 14:25,9/11/2022 14:26,1,"1,385,797","1,308,721",0,0,0,0,1,1,738661,INDUSTRIAL PLOMB NAT 80x80 RET,387,520,1,9/11/2022 14:25,1,367
2562123259,"3,913,218",6,94,POSIZIONAMENTO DA PREBOX A BDP,1,"3,804,759",65,106,212,0,PRE-BOX-04,PRE_BOX,AREA PRE-BOX PLANT2,6,M3-CL-08,S_CANT,Cantilever M3,-,359,434,72,9/11/2022 14:21,9/11/2022 14:26,9/11/2022 14:30,4,"1,385,359","1,309,007",0,0,0,0,2,2,,,,,,9/11/2022 14:28,2,394
2562122954,"3,913,217",5,15,CARICO DA MAG AUTO,1,"3,804,755",34,246,426,0,MA-RUL-PIC,OUT_AUTO,RULLIERA PICKING MAGAUTO,-,0,STOCK,0,-,1,230,5,9/11/2022 14:20,9/11/2022 14:26,9/11/2022 14:28,1,"1,385,807","1,308,633",0,0,0,0,1,1,775374,NATURE MOOD CHEVRON DX PLANK 01 10X53,75,300,1,9/11/2022 14:27,1,367
2562121541,"3,913,241",8,60,POSIZIONAMENTO INTERI,2,"3,804,767",8,240,895,0,M1-K1F-01,STOCK,PIAZZALE LATO SUD,8,M1-BO-182,S_CA,BOX PRONTI CAMION,3,206,724,0,9/11/2022 14:27,9/11/2022 14:29,9/11/2022 14:33,4,"1,385,267","1,307,098","40,284,823","1,146,436","422,406",0,5,5,755702,PLANCHES DE REX NOISETTE  20x180 RET,"5,380",,4,9/11/2022 14:30,1,205
2562123576,"3,911,702",6,60,POSIZIONAMENTO INTERI,2,"3,804,779",40,100,312,0,M0-D68-03,STOCK,PIAZZALE NUOVO,12,M3-BO-13,S_CO,BOX PRONTI CONTAINER,5,194,375,0,9/11/2022 5:16,9/11/2022 14:30,9/11/2022 14:37,7,"1,385,286","1,309,348","40,288,385","585,730","461,367",0,11,11,749115,BUILDTECH GG WHITE NAT 30X60 RET,"5,119",,1,9/11/2022 14:34,4,132
2562122839,"3,911,898",6,94,POSIZIONAMENTO DA PREBOX A BDP,1,"3,804,786",65,100,220,0,PRE-BOX-02,PRE_BOX,AREA PRE-BOX PLANT2,9,M3-CL-08,S_CANT,Cantilever M3,-,357,434,72,9/11/2022 6:35,9/11/2022 14:30,9/11/2022 14:43,13,"1,385,340","1,308,940",0,0,0,0,1,1,,,,,,9/11/2022 14:36,6,387
2562123085,"3,913,231",5,15,CARICO DA MAG AUTO,1,"3,804,766",34,246,426,0,MA-RUL-PIC,OUT_AUTO,RULLIERA PICKING MAGAUTO,-,0,STOCK,0,-,1,230,2,9/11/2022 14:24,9/11/2022 14:30,9/11/2022 14:31,1,"1,385,810","1,308,775",0,0,0,0,1,1,766402,B&W_MARBLE BREACH HIGH-GLOSSY 60X120 RET,62,280,1,9/11/2022 14:30,0,367
2562123380,"3,913,235",5,15,CARICO DA MAG AUTO,1,"3,804,772",34,246,426,0,MA-RUL-PIC,OUT_AUTO,RULLIERA PICKING MAGAUTO,-,0,STOCK,0,-,1,230,2,9/11/2022 14:26,9/11/2022 14:31,9/11/2022 14:32,1,"1,385,811","1,309,137",0,0,0,0,1,1,738964,INDUSTRIAL TAUPE BOCCIAR.20MM 60x60 RET,161,440,1,9/11/2022 14:32,1,367
2562121510,"3,913,242",5,15,CARICO DA MAG AUTO,1,"3,804,776",34,246,426,0,MA-RUL-PIC,OUT_AUTO,RULLIERA PICKING MAGAUTO,-,M3-BO-480,S_CA,BOX PRONTI CAMION,13,402,424,0,9/11/2022 14:27,9/11/2022 14:32,9/11/2022 14:34,1,"1,385,812","1,307,060",0,0,0,0,1,1,766604,B&W_MARBLE PEBBLE HIGH-GLOSSY 60X60 RET,968,780,1,9/11/2022 14:33,0,192
2562122996,"3,912,248",6,60,POSIZIONAMENTO INTERI,1,"3,804,782",8,210,857,0,M1-BD-01,STOCK,MAGAZZINO COPERTO,13,M3-BO-520,S_CA,BOX PRONTI CAMION,5,410,416,0,9/11/2022 8:49,9/11/2022 14:33,9/11/2022 14:36,4,"1,385,461","1,308,677","40,287,405","187,542","368,054",0,1,1,741845,STONES 2.0 CALACATTA SMOOTH 80X180 RETT.,"2,690",,4,9/11/2022 14:35,2,549
2562121510,"3,913,249",5,15,CARICO DA MAG AUTO,1,"3,804,780",34,246,426,0,MA-RUL-PIC,OUT_AUTO,RULLIERA PICKING MAGAUTO,-,M3-BO-110,S_CA,BOX PRONTI CAMION,32,262,449,0,9/11/2022 14:29,9/11/2022 14:34,9/11/2022 14:35,1,"1,385,813","1,307,060",0,0,0,0,1,1,766604,B&W_MARBLE PEBBLE HIGH-GLOSSY 60X60 RET,968,780,1,9/11/2022 14:34,0,57
2562123835,"3,913,151",6,60,POSIZIONAMENTO INTERI,1,"3,804,801",12,299,477,0,M3-46B-02,STOCK,PIAZZALE LATO NORD,17,M3-BO-11,S_CO,BOX PRONTI CONTAINER,7,210,371,0,9/11/2022 14:06,9/11/2022 14:34,9/11/2022 14:43,9,"1,385,755","1,309,634","40,288,846","183,845","452,952",0,11,11,728756,WALKS 1.0 GRAY 30X60 RETT,"5,573",,1,9/11/2022 14:41,7,137
2562121509,"3,913,262",6,60,POSIZIONAMENTO INTERI,1,"3,804,803",83,190,286,0,M0-C70-03,STOCK,PIAZZALE NUOVO,1,M3-BO-480,S_CA,BOX PRONTI CAMION,13,402,424,0,9/11/2022 14:33,9/11/2022 14:35,9/11/2022 14:44,9,"1,385,275","1,307,059","40,284,775","1,741,075","227,884",0,25,25,766604,B&W_MARBLE PEBBLE HIGH-GLOSSY 60X60 RET,"2,903",,1,9/11/2022 14:42,6,290
2562121510,"3,913,254",5,15,CARICO DA MAG AUTO,1,"3,804,783",34,246,426,0,MA-RUL-PIC,OUT_AUTO,RULLIERA PICKING MAGAUTO,-,M3-BO-110,S_CA,BOX PRONTI CAMION,32,262,449,0,9/11/2022 14:30,9/11/2022 14:35,9/11/2022 14:36,1,"1,385,814","1,307,060",0,0,0,0,1,1,766604,B&W_MARBLE PEBBLE HIGH-GLOSSY 60X60 RET,968,780,1,9/11/2022 14:35,0,57
2562123364,"3,912,259",6,60,POSIZIONAMENTO INTERI,2,"3,804,792",8,214,857,0,M1-BD-01,STOCK,MAGAZZINO COPERTO,11,M3-BO-520,S_CA,BOX PRONTI CAMION,6,410,418,0,9/11/2022 8:54,9/11/2022 14:36,9/11/2022 14:42,5,"1,385,468","1,309,126","40,288,051","2,592,244","429,824",0,2,2,774646,NATURE MOOD RAINFOREST COMFORT 80X180RET,"2,650",,4,9/11/2022 14:39,2,543
2562122269,"3,913,256",5,15,CARICO DA MAG AUTO,1,"3,804,785",34,246,426,0,MA-RUL-PIC,OUT_AUTO,RULLIERA PICKING MAGAUTO,-,M3-BO-11B,S_CO,BOX PRONTI CONTAINER,1,212,368,0,9/11/2022 14:31,9/11/2022 14:36,9/11/2022 14:37,1,"1,385,815","1,307,908",0,0,0,0,1,1,752204,RAWTECH RAW-WHITE NAT 30X60 RET,853,770,1,9/11/2022 14:36,0,58
2562123576,"3,913,275",6,60,POSIZIONAMENTO INTERI,1,"3,804,791",40,100,312,0,M0-D68-03,STOCK,PIAZZALE NUOVO,12,M3-BO-13,S_CO,BOX PRONTI CONTAINER,5,194,375,0,9/11/2022 14:34,9/11/2022 14:37,9/11/2022 14:39,2,"1,385,286","1,309,348","40,288,385","585,730","461,367",0,11,11,749115,BUILDTECH GG WHITE NAT 30X60 RET,"5,119",,1,9/11/2022 14:38,1,132
2562123458,"3,913,260",5,15,CARICO DA MAG AUTO,1,"3,804,790",34,246,426,0,MA-RUL-PIC,OUT_AUTO,RULLIERA PICKING MAGAUTO,-,0,STOCK,0,-,1,230,5,9/11/2022 14:33,9/11/2022 14:37,9/11/2022 14:39,2,"1,385,816","1,309,213",0,0,0,0,1,1,768297,SENSI IVORY LITHOS 60X120 RET,586,680,1,9/11/2022 14:38,1,367
2562123576,"3,913,285",6,60,POSIZIONAMENTO INTERI,1,"3,804,796",40,100,312,0,M0-D68-03,STOCK,PIAZZALE NUOVO,12,M3-BO-13,S_CO,BOX PRONTI CONTAINER,5,194,375,0,9/11/2022 14:38,9/11/2022 14:39,9/11/2022 14:42,3,"1,385,286","1,309,348","40,288,385","585,730","461,367",0,11,11,749115,BUILDTECH GG WHITE NAT 30X60 RET,"5,119",,1,9/11/2022 14:40,1,132
2562123454,"3,913,274",5,15,CARICO DA MAG AUTO,1,"3,804,795",34,246,426,0,MA-RUL-PIC,OUT_AUTO,RULLIERA PICKING MAGAUTO,-,0,STOCK,0,-,1,230,4,9/11/2022 14:34,9/11/2022 14:39,9/11/2022 14:41,2,"1,385,817","1,309,209",0,0,0,0,1,1,768340,SENSI GREY SAND 40X80 RETT,323,580,1,9/11/2022 14:40,1,367
2562123574,"3,911,708",6,60,POSIZIONAMENTO INTERI,1,"3,804,802",58,100,337,0,M0-D68-03,STOCK,PIAZZALE NUOVO,28,M3-BO-13,S_CO,BOX PRONTI CONTAINER,9,194,369,0,9/11/2022 5:17,9/11/2022 14:40,9/11/2022 14:44,4,"1,385,291","1,309,346","40,288,382","585,738","461,247",0,18,18,749119,BUILDTECH GG MUD NAT 30X60 RET,"5,119",,1,9/11/2022 14:42,2,101
2562121510,"3,913,278",5,15,CARICO DA MAG AUTO,1,"3,804,800",34,246,426,0,MA-RUL-PIC,OUT_AUTO,RULLIERA PICKING MAGAUTO,-,M3-BO-110,S_CA,BOX PRONTI CAMION,32,262,449,0,9/11/2022 14:35,9/11/2022 14:41,9/11/2022 14:42,1,"1,385,818","1,307,060",0,0,0,0,1,1,766604,B&W_MARBLE PEBBLE HIGH-GLOSSY 60X60 RET,968,780,1,9/11/2022 14:41,1,57
2562123576,"3,913,287",6,60,POSIZIONAMENTO INTERI,1,"3,804,810",40,100,312,0,M0-D68-03,STOCK,PIAZZALE NUOVO,12,M3-BO-13,S_CO,BOX PRONTI CONTAINER,5,194,375,0,9/11/2022 14:40,9/11/2022 14:42,9/11/2022 14:45,2,"1,385,286","1,309,348","40,288,385","585,730","461,367",0,11,11,749115,BUILDTECH GG WHITE NAT 30X60 RET,"5,119",,1,9/11/2022 14:44,1,132
2562121510,"3,913,279",5,15,CARICO DA MAG AUTO,1,"3,804,805",34,246,426,0,MA-RUL-PIC,OUT_AUTO,RULLIERA PICKING MAGAUTO,-,M3-BO-110,S_CA,BOX PRONTI CAMION,32,262,449,0,9/11/2022 14:35,9/11/2022 14:42,9/11/2022 14:43,1,"1,385,819","1,307,060",0,0,0,0,1,1,766604,B&W_MARBLE PEBBLE HIGH-GLOSSY 60X60 RET,968,780,1,9/11/2022 14:42,0,57
2562123270,"3,913,186",6,60,POSIZIONAMENTO INTERI,1,"3,804,822",8,271,902,0,M1-K1L-01,STOCK,PIAZZALE LATO SUD,12,M3-BO-520,S_CA,BOX PRONTI CAMION,9,411,424,0,9/11/2022 14:12,9/11/2022 14:42,9/11/2022 14:48,6,"1,385,785","1,309,019","40,287,887","583,297","191,713",0,1,1,748519,"I CLASSICI DEC.WO.WHITE 26,5X180 RET","3,934",,4,9/11/2022 14:46,4,531
2562123766,"3,912,844",6,94,POSIZIONAMENTO DA PREBOX A BDP,1,"3,804,833",65,109,204,0,PRE-BOX-06,PRE_BOX,AREA PRE-BOX PLANT2,4,M3-CL-07,S_CANT,Cantilever M3,-,365,428,37,9/11/2022 12:10,9/11/2022 14:43,9/11/2022 14:53,11,"1,385,666","1,309,559",0,0,0,0,1,1,,,,,,9/11/2022 14:51,8,384
2562122269,"3,913,281",5,15,CARICO DA MAG AUTO,1,"3,804,808",34,246,426,0,MA-RUL-PIC,OUT_AUTO,RULLIERA PICKING MAGAUTO,-,M3-BO-11B,S_CO,BOX PRONTI CONTAINER,1,212,368,0,9/11/2022 14:37,9/11/2022 14:43,9/11/2022 14:44,1,"1,385,820","1,307,908",0,0,0,0,1,1,752204,RAWTECH RAW-WHITE NAT 30X60 RET,853,750,1,9/11/2022 14:43,0,58
2562123835,"3,913,294",6,60,POSIZIONAMENTO INTERI,2,"3,804,818",12,299,477,0,M3-46B-02,STOCK,PIAZZALE LATO NORD,17,M3-BO-11,S_CO,BOX PRONTI CONTAINER,7,210,371,0,9/11/2022 14:42,9/11/2022 14:43,9/11/2022 14:49,5,"1,385,755","1,309,634","40,288,846","183,845","452,952",0,11,11,728756,WALKS 1.0 GRAY 30X60 RETT,"5,573",,1,9/11/2022 14:45,2,137
2562123574,"3,913,297",6,60,POSIZIONAMENTO INTERI,1,"3,804,821",58,100,337,0,M0-D68-03,STOCK,PIAZZALE NUOVO,28,M3-BO-13,S_CO,BOX PRONTI CONTAINER,9,194,369,0,9/11/2022 14:42,9/11/2022 14:44,9/11/2022 14:48,4,"1,385,291","1,309,346","40,288,382","585,738","461,247",0,18,18,749119,BUILDTECH GG MUD NAT 30X60 RET,"5,119",,1,9/11/2022 14:46,2,101
2562121509,"3,913,296",6,60,POSIZIONAMENTO INTERI,1,"3,804,824",83,190,286,0,M0-C70-03,STOCK,PIAZZALE NUOVO,1,M3-BO-480,S_CA,BOX PRONTI CAMION,13,402,424,0,9/11/2022 14:42,9/11/2022 14:44,9/11/2022 14:50,6,"1,385,275","1,307,059","40,284,775","1,741,075","227,884",0,25,25,766604,B&W_MARBLE PEBBLE HIGH-GLOSSY 60X60 RET,"2,903",,1,9/11/2022 14:47,2,290
2562122704,"3,913,284",5,15,CARICO DA MAG AUTO,1,"3,804,819",34,246,426,0,MA-RUL-PIC,OUT_AUTO,RULLIERA PICKING MAGAUTO,-,M3-BO-04,S_CO,BOX PRONTI CONTAINER,1,242,377,0,9/11/2022 14:38,9/11/2022 14:44,9/11/2022 14:46,2,"1,385,821","1,308,372",0,0,0,0,1,1,748885,BUILDTECH TU MUD NAT 80x80 RET,923,950,1,9/11/2022 14:45,1,49
2562120914,"3,913,232",8,61,POSIZIONAMENTO DA STOCK A PICK_FTR,1,"3,804,840",45,285,822,0,M1-CJ-04,STOCK,MAGAZZINO COPERTO,2,M1-PICK-P9,PICK_FTR,PICKING MANUALE M1,1,233,747,0,9/11/2022 14:24,9/11/2022 14:45,9/11/2022 14:54,9,"1,385,437","1,306,408","40,283,639","185,245","463,248",2,0,1,735919,NEUTRA 6.0 01 BIANCO 80X180 RETT,"1,187",425,4,9/11/2022 14:53,8,104
2562123063,"3,913,288",5,15,CARICO DA MAG AUTO,1,"3,804,825",34,246,426,0,MA-RUL-PIC,OUT_AUTO,RULLIERA PICKING MAGAUTO,-,0,STOCK,0,-,1,230,5,9/11/2022 14:40,9/11/2022 14:46,9/11/2022 14:48,1,"1,385,831","1,308,753",0,0,0,0,1,1,775141,NATURE MOOD PLANK 04 STRUC 9MM 30X120RE,43,300,1,9/11/2022 14:47,0,367
2562123574,"3,913,312",6,60,POSIZIONAMENTO INTERI,1,"3,804,826",58,100,337,0,M0-D68-03,STOCK,PIAZZALE NUOVO,28,M3-BO-13,S_CO,BOX PRONTI CONTAINER,9,194,369,0,9/11/2022 14:46,9/11/2022 14:48,9/11/2022 14:54,6,"1,385,291","1,309,346","40,288,382","585,738","461,247",0,18,18,749119,BUILDTECH GG MUD NAT 30X60 RET,"5,119",,1,9/11/2022 14:48,0,101
2562122990,"3,913,323",6,60,POSIZIONAMENTO INTERI,1,"3,804,832",64,156,297,0,M0-D08-02,STOCK,PIAZZALE NUOVO,35,M3-BO-101,S_CO,BOX PRONTI CONTAINER,5,257,431,0,9/11/2022 14:47,9/11/2022 14:48,9/11/2022 14:53,5,"1,385,277","1,308,669","40,287,397","1,837,542","452,312",0,17,17,768290,SENSI WHITE DUST 60X120 RET,"1,850",,1,9/11/2022 14:51,3,158
2562123835,"3,913,310",6,60,POSIZIONAMENTO INTERI,2,"3,804,838",12,299,477,0,M3-46B-02,STOCK,PIAZZALE LATO NORD,17,M3-BO-11,S_CO,BOX PRONTI CONTAINER,7,210,371,0,9/11/2022 14:45,9/11/2022 14:49,9/11/2022 14:57,8,"1,385,755","1,309,634","40,288,846","183,845","452,952",0,11,11,728756,WALKS 1.0 GRAY 30X60 RETT,"5,573",,1,9/11/2022 14:53,4,137
2562121509,"3,913,324",6,60,POSIZIONAMENTO INTERI,1,"3,804,839",83,190,286,0,M0-C70-03,STOCK,PIAZZALE NUOVO,1,M3-BO-480,S_CA,BOX PRONTI CAMION,13,402,424,0,9/11/2022 14:47,9/11/2022 14:50,9/11/2022 14:56,5,"1,385,275","1,307,059","40,284,775","1,741,075","227,884",0,25,25,766604,B&W_MARBLE PEBBLE HIGH-GLOSSY 60X60 RET,"2,903",,1,9/11/2022 14:53,3,290
2562120467,"3,913,299",5,15,CARICO DA MAG AUTO,1,"3,804,835",34,246,426,0,MA-RUL-PIC,OUT_AUTO,RULLIERA PICKING MAGAUTO,-,0,STOCK,0,-,1,230,4,9/11/2022 14:42,9/11/2022 14:51,9/11/2022 14:53,1,"1,385,835","1,306,130",0,0,0,0,1,1,755711,MATIÈRES DE REX SABLE 40X80 RET,398,600,1,9/11/2022 14:52,0,367
2562123895,"3,913,177",6,60,POSIZIONAMENTO INTERI,1,"3,804,864",64,92,492,0,M3-65A-90,STOCK,PIAZZALE LATO NORD,5,M3-BO-480,S_CA,BOX PRONTI CAMION,17,402,430,0,9/11/2022 14:11,9/11/2022 14:53,9/11/2022 15:01,8,"1,385,773","1,309,696","40,288,940","1,728,057","461,731",0,2,2,765246,BUILDTECH 2.0 CE MUD NAT 80X80 RET,"2,022",,1,9/11/2022 14:59,5,394
2562122948,"3,913,321",6,94,POSIZIONAMENTO DA PREBOX A BDP,1,"3,804,851",65,196,217,0,PRE-BOX-3B,PRE_BOX,AREA PRE-BOX PLANT2,12,M3-CL-03,S_CANT,Cantilever M3,-,373,411,42,9/11/2022 14:46,9/11/2022 14:53,9/11/2022 14:59,5,"1,385,823","1,308,628",0,0,0,0,1,1,,,,,,9/11/2022 14:56,3,328
2562121510,"3,913,325",5,15,CARICO DA MAG AUTO,1,"3,804,844",34,246,426,0,MA-RUL-PIC,OUT_AUTO,RULLIERA PICKING MAGAUTO,-,M3-BO-480,S_CA,BOX PRONTI CAMION,17,402,430,0,9/11/2022 14:47,9/11/2022 14:53,9/11/2022 14:55,2,"1,385,836","1,307,060",0,0,0,0,1,1,766604,B&W_MARBLE PEBBLE HIGH-GLOSSY 60X60 RET,968,780,1,9/11/2022 14:54,1,192
2562123574,"3,913,326",6,60,POSIZIONAMENTO INTERI,1,"3,804,861",58,100,337,0,M0-D68-03,STOCK,PIAZZALE NUOVO,28,M3-BO-13,S_CO,BOX PRONTI CONTAINER,9,194,369,0,9/11/2022 14:49,9/11/2022 14:54,9/11/2022 14:59,5,"1,385,291","1,309,346","40,288,382","585,738","461,247",0,18,18,749119,BUILDTECH GG MUD NAT 30X60 RET,"5,119",,1,9/11/2022 14:58,4,101
2562121493,"3,913,305",8,61,POSIZIONAMENTO DA STOCK A PICK_FTR,1,"3,804,890",45,276,822,0,M1-CJ-03,STOCK,MAGAZZINO COPERTO,1,M1-PIK-P10,PICK_FTR,PICKING MANUALE M1,1,236,747,0,9/11/2022 14:44,9/11/2022 14:54,9/11/2022 15:09,15,"1,385,439","1,307,055","40,284,761","1,154,411","169,561",4,0,1,756203,STONES 2.0 ARABESC.WHITE GLOSSY 80X180RT,0,178,4,9/11/2022 15:07,13,105
2562122974,"3,913,327",5,15,CARICO DA MAG AUTO,1,"3,804,847",34,246,426,0,MA-RUL-PIC,OUT_AUTO,RULLIERA PICKING MAGAUTO,-,0,STOCK,0,-,1,230,5,9/11/2022 14:49,9/11/2022 14:55,9/11/2022 14:56,1,"1,385,837","1,308,654",0,0,0,0,1,1,761203,STONTECH 4.0 STONE_05 HIGH-GLOSSY 30x60R,698,760,1,9/11/2022 14:55,0,367
2562121509,"3,913,342",6,60,POSIZIONAMENTO INTERI,1,"3,804,876",83,190,286,0,M0-C70-03,STOCK,PIAZZALE NUOVO,1,M3-BO-480,S_CA,BOX PRONTI CAMION,13,402,424,0,9/11/2022 14:53,9/11/2022 14:56,9/11/2022 15:05,10,"1,385,275","1,307,059","40,284,775","1,741,075","227,884",0,25,25,766604,B&W_MARBLE PEBBLE HIGH-GLOSSY 60X60 RET,"2,903",,1,9/11/2022 15:03,7,290
2562122992,"3,913,328",5,15,CARICO DA MAG AUTO,1,"3,804,854",34,246,426,0,MA-RUL-PIC,OUT_AUTO,RULLIERA PICKING MAGAUTO,-,M3-BO-480,S_CA,BOX PRONTI CAMION,11,402,422,0,9/11/2022 14:50,9/11/2022 14:56,9/11/2022 14:58,2,"1,385,838","1,308,671",0,0,0,0,1,1,765233,BUILDTECH 2.0 CE BONE NAT 60X120 RET,950,780,1,9/11/2022 14:57,1,192
2562123835,"3,913,343",6,60,POSIZIONAMENTO INTERI,2,"3,804,862",12,299,477,0,M3-46B-02,STOCK,PIAZZALE LATO NORD,17,M3-BO-11,S_CO,BOX PRONTI CONTAINER,7,210,371,0,9/11/2022 14:53,9/11/2022 14:57,9/11/2022 15:00,3,"1,385,755","1,309,634","40,288,846","183,845","452,952",0,11,11,728756,WALKS 1.0 GRAY 30X60 RETT,"5,573",,1,9/11/2022 14:58,1,137
2562121510,"3,913,330",5,15,CARICO DA MAG AUTO,1,"3,804,858",34,246,426,0,MA-RUL-PIC,OUT_AUTO,RULLIERA PICKING MAGAUTO,-,M3-BO-110,S_CA,BOX PRONTI CAMION,31,262,448,0,9/11/2022 14:51,9/11/2022 14:58,9/11/2022 14:58,1,"1,385,839","1,307,060",0,0,0,0,1,1,766604,B&W_MARBLE PEBBLE HIGH-GLOSSY 60X60 RET,968,780,1,9/11/2022 14:58,0,56
2562122948,"3,913,314",6,94,POSIZIONAMENTO DA PREBOX A BDP,1,"3,804,874",65,190,225,0,PRE-BOX-AA,PRE_BOX,AREA PRE-BOX PLANT2,9,M3-BO-24,S_GL,BOX PRONTI GRANDI LASTRE,3,141,391,0,9/11/2022 14:46,9/11/2022 14:59,9/11/2022 15:04,6,"1,385,824","1,308,628",0,0,0,0,1,1,,,,,,9/11/2022 15:02,3,175
2562121510,"3,913,347",5,15,CARICO DA MAG AUTO,1,"3,804,869",34,246,426,0,MA-RUL-PIC,OUT_AUTO,RULLIERA PICKING MAGAUTO,-,M3-BO-110,S_CA,BOX PRONTI CAMION,31,262,448,0,9/11/2022 14:54,9/11/2022 15:00,9/11/2022 15:01,1,"1,385,841","1,307,060",0,0,0,0,1,1,766604,B&W_MARBLE PEBBLE HIGH-GLOSSY 60X60 RET,968,780,1,9/11/2022 15:00,1,56
2562123895,"3,913,363",6,60,POSIZIONAMENTO INTERI,1,"3,804,880",64,92,492,0,M3-65A-90,STOCK,PIAZZALE LATO NORD,5,M3-BO-480,S_CA,BOX PRONTI CAMION,17,402,430,0,9/11/2022 14:59,9/11/2022 15:01,9/11/2022 15:07,6,"1,385,773","1,309,696","40,288,940","1,728,057","461,731",0,2,2,765246,BUILDTECH 2.0 CE MUD NAT 80X80 RET,"2,022",,1,9/11/2022 15:04,3,394
2562121510,"3,913,350",5,15,CARICO DA MAG AUTO,1,"3,804,872",34,246,426,0,MA-RUL-PIC,OUT_AUTO,RULLIERA PICKING MAGAUTO,-,M3-BO-110,S_CA,BOX PRONTI CAMION,31,262,448,0,9/11/2022 14:55,9/11/2022 15:01,9/11/2022 15:02,1,"1,385,842","1,307,060",0,0,0,0,1,1,766604,B&W_MARBLE PEBBLE HIGH-GLOSSY 60X60 RET,968,780,1,9/11/2022 15:01,0,56
2562121510,"3,913,355",5,15,CARICO DA MAG AUTO,1,"3,804,875",34,246,426,0,MA-RUL-PIC,OUT_AUTO,RULLIERA PICKING MAGAUTO,-,M3-BO-110,S_CA,BOX PRONTI CAMION,31,262,448,0,9/11/2022 14:57,9/11/2022 15:02,9/11/2022 15:03,1,"1,385,843","1,307,060",0,0,0,0,1,1,766604,B&W_MARBLE PEBBLE HIGH-GLOSSY 60X60 RET,968,780,1,9/11/2022 15:02,0,56
2562122992,"3,913,358",5,15,CARICO DA MAG AUTO,1,"3,804,878",34,246,426,0,MA-RUL-PIC,OUT_AUTO,RULLIERA PICKING MAGAUTO,-,M3-BO-120,S_CA,BOX PRONTI CAMION,18,265,428,0,9/11/2022 14:58,9/11/2022 15:03,9/11/2022 15:04,1,"1,385,844","1,308,671",0,0,0,0,1,1,765233,BUILDTECH 2.0 CE BONE NAT 60X120 RET,950,780,1,9/11/2022 15:03,0,22
2562123576,"3,911,707",6,60,POSIZIONAMENTO INTERI,1,"3,804,885",40,94,311,0,M0-D88-04,STOCK,PIAZZALE NUOVO,1,M3-BO-13,S_CO,BOX PRONTI CONTAINER,5,194,375,0,9/11/2022 5:16,9/11/2022 15:04,9/11/2022 15:06,3,"1,385,285","1,309,348","40,288,385","585,730","461,367",0,6,6,749115,BUILDTECH GG WHITE NAT 30X60 RET,"5,119",,1,9/11/2022 15:06,2,149
2562122948,"3,913,320",6,94,POSIZIONAMENTO DA PREBOX A BDP,1,"3,804,901",65,107,185,0,PRE-BOX-11,PRE_BOX,AREA PRE-BOX PLANT2,2,M3-BO-24,S_GL,BOX PRONTI GRANDI LASTRE,3,141,391,0,9/11/2022 14:46,9/11/2022 15:04,9/11/2022 15:16,12,"1,385,830","1,308,628",0,0,0,0,1,1,,,,,,9/11/2022 15:09,5,213
2562123576,"3,913,392",6,60,POSIZIONAMENTO INTERI,1,"3,804,893",40,94,311,0,M0-D88-04,STOCK,PIAZZALE NUOVO,1,M3-BO-13,S_CO,BOX PRONTI CONTAINER,5,194,375,0,9/11/2022 15:06,9/11/2022 15:06,9/11/2022 15:11,4,"1,385,285","1,309,348","40,288,385","585,730","461,367",0,6,6,749115,BUILDTECH GG WHITE NAT 30X60 RET,"5,119",,1,9/11/2022 15:08,2,149
2562123895,"3,913,170",6,60,POSIZIONAMENTO INTERI,1,"3,804,908",64,186,326,0,M0-C68-03,STOCK,PIAZZALE NUOVO,21,M3-BO-480,S_CA,BOX PRONTI CAMION,17,402,430,0,9/11/2022 14:10,9/11/2022 15:07,9/11/2022 15:13,6,"1,385,767","1,309,696","40,288,943","187,662","461,818",0,7,7,742037,LA ROCHE MUD 80X80 RETT,"2,022",,1,9/11/2022 15:11,3,260
2562122992,"3,913,378",5,15,CARICO DA MAG AUTO,1,"3,804,896",34,246,426,0,MA-RUL-PIC,OUT_AUTO,RULLIERA PICKING MAGAUTO,-,M3-BO-120,S_CA,BOX PRONTI CAMION,18,265,428,0,9/11/2022 15:04,9/11/2022 15:08,9/11/2022 15:09,1,"1,385,849","1,308,671",0,0,0,0,1,1,765233,BUILDTECH 2.0 CE BONE NAT 60X120 RET,950,780,1,9/11/2022 15:09,0,22
2562123314,"3,913,390",5,15,CARICO DA MAG AUTO,1,"3,804,903",34,246,426,0,MA-RUL-PIC,OUT_AUTO,RULLIERA PICKING MAGAUTO,-,0,STOCK,0,-,1,230,5,9/11/2022 15:05,9/11/2022 15:09,9/11/2022 15:15,6,"1,385,850","1,309,068",0,0,0,0,1,1,735611,"EXTRA LIGHT CIRCLE ZINC 29,5x27,7 NEW",8,240,7,9/11/2022 15:10,0,367
2562123576,"3,913,402",6,60,POSIZIONAMENTO INTERI,1,"3,804,916",40,94,311,0,M0-D88-04,STOCK,PIAZZALE NUOVO,1,M3-BO-13,S_CO,BOX PRONTI CONTAINER,5,194,375,0,9/11/2022 15:08,9/11/2022 15:11,9/11/2022 15:13,3,"1,385,285","1,309,348","40,288,385","585,730","461,367",0,6,6,749115,BUILDTECH GG WHITE NAT 30X60 RET,"5,119",,1,9/11/2022 15:13,2,149
2562123576,"3,913,420",6,60,POSIZIONAMENTO INTERI,1,"3,804,921",40,94,311,0,M0-D88-04,STOCK,PIAZZALE NUOVO,1,M3-BO-13,S_CO,BOX PRONTI CONTAINER,5,194,375,0,9/11/2022 15:13,9/11/2022 15:13,9/11/2022 15:16,3,"1,385,285","1,309,348","40,288,385","585,730","461,367",0,6,6,749115,BUILDTECH GG WHITE NAT 30X60 RET,"5,119",,1,9/11/2022 15:15,1,149
2562123895,"3,913,414",6,60,POSIZIONAMENTO INTERI,1,"3,804,922",64,186,326,0,M0-C68-03,STOCK,PIAZZALE NUOVO,21,M3-BO-480,S_CA,BOX PRONTI CAMION,17,402,430,0,9/11/2022 15:11,9/11/2022 15:13,9/11/2022 15:16,3,"1,385,767","1,309,696","40,288,943","187,662","461,818",0,7,7,742037,LA ROCHE MUD 80X80 RETT,"2,022",,1,9/11/2022 15:15,2,260
2562123835,"3,913,153",6,60,POSIZIONAMENTO INTERI,1,"3,804,930",12,183,426,0,M3-57A-01,STOCK,PIAZZALE LATO NORD,42,M3-BO-11,S_CO,BOX PRONTI CONTAINER,7,210,371,0,9/11/2022 14:06,9/11/2022 15:14,9/11/2022 15:22,9,"1,385,756","1,309,634","40,288,844","186,227","446,314",0,4,4,738649,ARDOISE NOIR 80X80 RET,"2,181",,1,9/11/2022 15:17,3,56
2562122992,"3,913,391",5,15,CARICO DA MAG AUTO,1,"3,804,924",34,246,426,0,MA-RUL-PIC,OUT_AUTO,RULLIERA PICKING MAGAUTO,-,M3-BO-120,S_CA,BOX PRONTI CAMION,18,265,428,0,9/11/2022 15:06,9/11/2022 15:15,9/11/2022 15:16,1,"1,385,851","1,308,671",0,0,0,0,1,1,765233,BUILDTECH 2.0 CE BONE NAT 60X120 RET,950,780,1,9/11/2022 15:15,0,22
2562122948,"3,913,315",6,94,POSIZIONAMENTO DA PREBOX A BDP,1,"3,804,946",65,172,225,0,PRE-BOX-AA,PRE_BOX,AREA PRE-BOX PLANT2,4,M3-BO-220,S_GL,BOX PRONTI GRANDI LASTRE,15,288,412,0,9/11/2022 14:46,9/11/2022 15:16,9/11/2022 15:23,7,"1,385,826","1,308,628",0,0,0,0,1,1,,,,,,9/11/2022 15:21,5,226
2562123895,"3,913,428",6,60,POSIZIONAMENTO INTERI,1,"3,804,936",64,186,326,0,M0-C68-03,STOCK,PIAZZALE NUOVO,21,M3-BO-480,S_CA,BOX PRONTI CAMION,17,402,430,0,9/11/2022 15:15,9/11/2022 15:16,9/11/2022 15:20,3,"1,385,767","1,309,696","40,288,943","187,662","461,818",0,7,7,742037,LA ROCHE MUD 80X80 RETT,"2,022",,1,9/11/2022 15:18,1,260
2562123894,"3,913,397",5,15,CARICO DA MAG AUTO,1,"3,804,932",34,246,426,0,MA-RUL-PIC,OUT_AUTO,RULLIERA PICKING MAGAUTO,-,0,STOCK,0,-,1,230,5,9/11/2022 15:07,9/11/2022 15:16,9/11/2022 15:18,2,"1,385,852","1,309,695",0,0,0,0,1,1,765244,BUILDTECH 2.0 CE WHITE NAT 80X80 RET,30,260,1,9/11/2022 15:17,1,367
2562121510,"3,913,400",5,15,CARICO DA MAG AUTO,1,"3,804,941",34,246,426,0,MA-RUL-PIC,OUT_AUTO,RULLIERA PICKING MAGAUTO,-,M3-BO-480,S_CA,BOX PRONTI CAMION,20,402,434,0,9/11/2022 15:08,9/11/2022 15:18,9/11/2022 15:20,2,"1,385,853","1,307,060",0,0,0,0,1,1,766604,B&W_MARBLE PEBBLE HIGH-GLOSSY 60X60 RET,968,780,1,9/11/2022 15:19,1,190
2562123895,"3,913,445",6,60,POSIZIONAMENTO INTERI,1,"3,804,949",64,186,326,0,M0-C68-03,STOCK,PIAZZALE NUOVO,21,M3-BO-480,S_CA,BOX PRONTI CAMION,17,402,430,0,9/11/2022 15:18,9/11/2022 15:20,9/11/2022 15:24,4,"1,385,767","1,309,696","40,288,943","187,662","461,818",0,7,7,742037,LA ROCHE MUD 80X80 RETT,"2,022",,1,9/11/2022 15:22,2,260
2562121510,"3,913,406",5,15,CARICO DA MAG AUTO,1,"3,804,944",34,246,426,0,MA-RUL-PIC,OUT_AUTO,RULLIERA PICKING MAGAUTO,-,M3-BO-120,S_CA,BOX PRONTI CAMION,3,267,449,0,9/11/2022 15:09,9/11/2022 15:20,9/11/2022 15:21,1,"1,385,854","1,307,060",0,0,0,0,1,1,766604,B&W_MARBLE PEBBLE HIGH-GLOSSY 60X60 RET,968,760,1,9/11/2022 15:20,0,56
2562122992,"3,913,422",5,15,CARICO DA MAG AUTO,1,"3,804,947",34,246,426,0,MA-RUL-PIC,OUT_AUTO,RULLIERA PICKING MAGAUTO,-,M3-BO-120,S_CA,BOX PRONTI CAMION,18,265,428,0,9/11/2022 15:13,9/11/2022 15:21,9/11/2022 15:22,1,"1,385,855","1,308,671",0,0,0,0,1,1,765233,BUILDTECH 2.0 CE BONE NAT 60X120 RET,950,760,1,9/11/2022 15:21,0,22
2562123835,"3,913,437",6,60,POSIZIONAMENTO INTERI,1,"3,804,961",12,183,426,0,M3-57A-01,STOCK,PIAZZALE LATO NORD,42,M3-BO-11,S_CO,BOX PRONTI CONTAINER,7,210,371,0,9/11/2022 15:17,9/11/2022 15:22,9/11/2022 15:29,7,"1,385,756","1,309,634","40,288,844","186,227","446,314",0,4,4,738649,ARDOISE NOIR 80X80 RET,"2,181",,1,9/11/2022 15:25,3,56
2562109561,"3,913,430",5,15,CARICO DA MAG AUTO,1,"3,804,952",34,246,426,0,MA-RUL-PIC,OUT_AUTO,RULLIERA PICKING MAGAUTO,-,0,STOCK,0,-,1,230,1,9/11/2022 15:16,9/11/2022 15:22,9/11/2022 15:24,2,"1,385,856","1,293,796",0,0,0,0,1,1,738823,INDUSTRIAL SAGE SOFT 60x120 RET,875,760,1,9/11/2022 15:23,1,367
2562123454,"3,911,714",6,60,POSIZIONAMENTO INTERI,1,"3,804,972",40,327,349,0,M0-B08-04,STOCK,PIAZZALE NUOVO,2,M3-BO-251,S_CA,BOX PRONTI CAMION,17,348,442,0,9/11/2022 5:17,9/11/2022 15:22,9/11/2022 15:31,9,"1,385,293","1,309,209","40,288,176","1,837,804","422,034",0,2,2,768340,SENSI GREY SAND 40X80 RETT,"3,387",,1,9/11/2022 15:28,6,0
2562122948,"3,913,317",6,94,POSIZIONAMENTO DA PREBOX A BDP,1,"3,804,968",65,197,225,0,PRE-BOX-AA,PRE_BOX,AREA PRE-BOX PLANT2,11,M3-BO-220,S_GL,BOX PRONTI GRANDI LASTRE,15,288,412,0,9/11/2022 14:46,9/11/2022 15:23,9/11/2022 15:29,6,"1,385,829","1,308,628",0,0,0,0,1,1,,,,,,9/11/2022 15:27,4,216
2562121510,"3,913,449",5,15,CARICO DA MAG AUTO,1,"3,804,965",34,246,426,0,MA-RUL-PIC,OUT_AUTO,RULLIERA PICKING MAGAUTO,-,M3-BO-120,S_CA,BOX PRONTI CAMION,3,267,449,0,9/11/2022 15:19,9/11/2022 15:25,9/11/2022 15:26,1,"1,385,858","1,307,060",0,0,0,0,1,1,766604,B&W_MARBLE PEBBLE HIGH-GLOSSY 60X60 RET,968,780,1,9/11/2022 15:26,1,56
2562121510,"3,913,452",5,15,CARICO DA MAG AUTO,1,"3,804,969",34,246,426,0,MA-RUL-PIC,OUT_AUTO,RULLIERA PICKING MAGAUTO,-,M3-BO-120,S_CA,BOX PRONTI CAMION,3,267,449,0,9/11/2022 15:20,9/11/2022 15:26,9/11/2022 15:28,1,"1,385,859","1,307,060",0,0,0,0,1,1,766604,B&W_MARBLE PEBBLE HIGH-GLOSSY 60X60 RET,968,780,1,9/11/2022 15:27,0,56
2562122948,"3,913,319",6,94,POSIZIONAMENTO DA PREBOX A BDP,1,"3,804,999",65,107,193,0,PRE-BOX-09,PRE_BOX,AREA PRE-BOX PLANT2,2,M3-BO-220,S_GL,BOX PRONTI GRANDI LASTRE,15,288,412,0,9/11/2022 14:46,9/11/2022 15:29,9/11/2022 15:37,8,"1,385,822","1,308,628",0,0,0,0,1,1,,,,,,9/11/2022 15:34,6,343
2562123835,"3,913,467",6,60,POSIZIONAMENTO INTERI,1,"3,804,987",12,183,426,0,M3-57A-01,STOCK,PIAZZALE LATO NORD,42,M3-BO-11,S_CO,BOX PRONTI CONTAINER,7,210,371,0,9/11/2022 15:26,9/11/2022 15:29,9/11/2022 15:34,5,"1,385,756","1,309,634","40,288,844","186,227","446,314",0,4,4,738649,ARDOISE NOIR 80X80 RET,"2,181",,1,9/11/2022 15:31,2,56
2562121638,"3,913,459",5,15,CARICO DA MAG AUTO,1,"3,804,982",34,246,426,0,MA-RUL-PIC,OUT_AUTO,RULLIERA PICKING MAGAUTO,-,M3-BO-251,S_CA,BOX PRONTI CAMION,20,348,447,0,9/11/2022 15:23,9/11/2022 15:29,9/11/2022 15:31,2,"1,385,862","1,307,217",0,0,0,0,1,1,769814,REVES DE REX NOISETTE MATTE 60X120 RETT,855,760,1,9/11/2022 15:30,1,144
2562121510,"3,913,464",5,15,CARICO DA MAG AUTO,1,"3,804,991",34,246,426,0,MA-RUL-PIC,OUT_AUTO,RULLIERA PICKING MAGAUTO,-,M3-BO-120,S_CA,BOX PRONTI CAMION,3,267,449,0,9/11/2022 15:25,9/11/2022 15:31,9/11/2022 15:33,2,"1,385,864","1,307,060",0,0,0,0,1,1,766604,B&W_MARBLE PEBBLE HIGH-GLOSSY 60X60 RET,968,780,1,9/11/2022 15:32,1,56
2562123454,"3,913,480",6,60,POSIZIONAMENTO INTERI,1,"3,804,995",40,327,349,0,M0-B08-04,STOCK,PIAZZALE NUOVO,2,M3-BO-251,S_CA,BOX PRONTI CAMION,17,348,442,0,9/11/2022 15:28,9/11/2022 15:31,9/11/2022 15:36,5,"1,385,293","1,309,209","40,288,176","1,837,804","422,034",0,2,2,768340,SENSI GREY SAND 40X80 RETT,"3,387",,1,9/11/2022 15:33,2,0
2562120903,"3,913,471",5,15,CARICO DA MAG AUTO,1,"3,804,998",34,246,426,0,MA-RUL-PIC,OUT_AUTO,RULLIERA PICKING MAGAUTO,-,M3-BO-101,S_CO,BOX PRONTI CONTAINER,8,257,427,0,9/11/2022 15:26,9/11/2022 15:33,9/11/2022 15:34,1,"1,385,865","1,309,681",0,0,0,0,1,1,742105,STONES 2.0 BURL GRAY MATTE 30X60 RETT,985,820,1,9/11/2022 15:33,0,14
2562123835,"3,913,492",6,60,POSIZIONAMENTO INTERI,1,"3,805,007",12,183,426,0,M3-57A-01,STOCK,PIAZZALE LATO NORD,42,M3-BO-11,S_CO,BOX PRONTI CONTAINER,7,210,371,0,9/11/2022 15:32,9/11/2022 15:34,9/11/2022 15:42,8,"1,385,756","1,309,634","40,288,844","186,227","446,314",0,4,4,738649,ARDOISE NOIR 80X80 RET,"2,181",,1,9/11/2022 15:37,2,56
2562122992,"3,913,475",5,15,CARICO DA MAG AUTO,1,"3,805,002",34,246,426,0,MA-RUL-PIC,OUT_AUTO,RULLIERA PICKING MAGAUTO,-,M3-BO-241,S_CA,BOX PRONTI CAMION,12,343,432,0,9/11/2022 15:27,9/11/2022 15:34,9/11/2022 15:36,2,"1,385,866","1,308,671",0,0,0,0,1,1,765233,BUILDTECH 2.0 CE BONE NAT 60X120 RET,950,780,1,9/11/2022 15:34,0,101
2562123895,"3,913,174",6,60,POSIZIONAMENTO INTERI,2,"3,805,013",64,134,482,0,M3-60B-02,STOCK,PIAZZALE LATO NORD,42,M3-BO-480,S_CA,BOX PRONTI CAMION,20,402,434,0,9/11/2022 14:11,9/11/2022 15:36,9/11/2022 15:42,7,"1,385,775","1,309,696","40,288,944","1,904,321","456,845",0,3,3,768516,MATIERES DE REX BRUN STR 20MM 60X120 RET,968,,1,9/11/2022 15:38,3,353
2562123458,"3,911,716",6,60,POSIZIONAMENTO INTERI,1,"3,805,012",40,173,251,0,M0-C90-03,STOCK,PIAZZALE NUOVO,24,M3-BO-251,S_CA,BOX PRONTI CAMION,14,348,438,0,9/11/2022 5:18,9/11/2022 15:36,9/11/2022 15:38,2,"1,385,294","1,309,213","40,288,181","1,837,549","447,415",0,4,4,768297,SENSI IVORY LITHOS 60X120 RET,"1,850",,1,9/11/2022 15:38,2,288
2562121638,"3,913,487",5,15,CARICO DA MAG AUTO,1,"3,805,008",34,246,426,0,MA-RUL-PIC,OUT_AUTO,RULLIERA PICKING MAGAUTO,-,0,STOCK,0,-,1,230,5,9/11/2022 15:30,9/11/2022 15:36,9/11/2022 15:38,1,"1,385,868","1,307,217",0,0,0,0,1,1,769812,REVES DE REX PERLE MATTE 60X120 RETT,729,760,1,9/11/2022 15:37,0,367
2562122948,"3,913,318",6,94,POSIZIONAMENTO DA PREBOX A BDP,1,"3,805,025",65,110,196,0,PRE-BOX-08,PRE_BOX,AREA PRE-BOX PLANT2,2,M3-BO-220,S_GL,BOX PRONTI GRANDI LASTRE,15,288,412,0,9/11/2022 14:46,9/11/2022 15:37,9/11/2022 15:55,18,"1,385,825","1,308,628",0,0,0,0,1,1,,,,,,9/11/2022 15:42,5,337
2562123458,"3,913,511",6,60,POSIZIONAMENTO INTERI,1,"3,805,020",40,173,251,0,M0-C90-03,STOCK,PIAZZALE NUOVO,24,M3-BO-251,S_CA,BOX PRONTI CAMION,14,348,438,0,9/11/2022 15:38,9/11/2022 15:38,9/11/2022 15:42,3,"1,385,294","1,309,213","40,288,181","1,837,549","447,415",0,4,4,768297,SENSI IVORY LITHOS 60X120 RET,"1,850",,1,9/11/2022 15:40,1,288
2562123576,"3,913,496",5,15,CARICO DA MAG AUTO,1,"3,805,016",34,246,426,0,MA-RUL-PIC,OUT_AUTO,RULLIERA PICKING MAGAUTO,-,0,STOCK,0,-,1,230,4,9/11/2022 15:32,9/11/2022 15:38,9/11/2022 15:39,2,"1,385,869","1,309,348",0,0,0,0,1,1,749115,BUILDTECH GG WHITE NAT 30X60 RET,491,520,1,9/11/2022 15:39,1,367
2562122992,"3,913,500",5,15,CARICO DA MAG AUTO,1,"3,805,021",34,246,426,0,MA-RUL-PIC,OUT_AUTO,RULLIERA PICKING MAGAUTO,-,M3-BO-120,S_CA,BOX PRONTI CAMION,19,265,427,0,9/11/2022 15:34,9/11/2022 15:40,9/11/2022 15:41,1,"1,385,870","1,308,671",0,0,0,0,1,1,765233,BUILDTECH 2.0 CE BONE NAT 60X120 RET,950,780,1,9/11/2022 15:40,1,22
2562123601,"3,913,504",5,15,CARICO DA MAG AUTO,1,"3,805,026",34,246,426,0,MA-RUL-PIC,OUT_AUTO,RULLIERA PICKING MAGAUTO,-,0,STOCK,0,-,1,230,1,9/11/2022 15:35,9/11/2022 15:41,9/11/2022 15:43,2,"1,385,871","1,309,392",0,0,0,0,1,1,769845,ORIGINES DE REX OMBRE DOREE GLO 60X60 R,950,800,1,9/11/2022 15:42,1,367
2562123895,"3,913,517",6,60,POSIZIONAMENTO INTERI,1,"3,805,042",64,134,482,0,M3-60B-02,STOCK,PIAZZALE LATO NORD,42,M3-BO-480,S_CA,BOX PRONTI CAMION,20,402,434,0,9/11/2022 15:39,9/11/2022 15:42,9/11/2022 15:50,8,"1,385,775","1,309,696","40,288,944","1,904,321","456,845",0,3,3,768516,MATIERES DE REX BRUN STR 20MM 60X120 RET,968,,1,9/11/2022 15:48,5,353
2562123458,"3,913,522",6,60,POSIZIONAMENTO INTERI,1,"3,805,029",40,173,251,0,M0-C90-03,STOCK,PIAZZALE NUOVO,24,M3-BO-251,S_CA,BOX PRONTI CAMION,14,348,438,0,9/11/2022 15:40,9/11/2022 15:42,9/11/2022 15:44,3,"1,385,294","1,309,213","40,288,181","1,837,549","447,415",0,4,4,768297,SENSI IVORY LITHOS 60X120 RET,"1,850",,1,9/11/2022 15:43,1,288
2562123835,"3,913,152",6,60,POSIZIONAMENTO INTERI,1,"3,805,034",12,252,462,0,M3-52A-02,STOCK,PIAZZALE LATO NORD,15,M3-BO-11,S_CO,BOX PRONTI CONTAINER,7,210,371,0,9/11/2022 14:06,9/11/2022 15:42,9/11/2022 15:45,3,"1,385,754","1,309,634","40,288,847","183,815","434,790",0,1,1,728725,WALKS 1.0 BLACK 40X80 RETT,"3,435",,1,9/11/2022 15:44,2,92
2562122512,"3,913,507",5,15,CARICO DA MAG AUTO,1,"3,805,033",34,246,426,0,MA-RUL-PIC,OUT_AUTO,RULLIERA PICKING MAGAUTO,-,0,STOCK,0,-,1,230,2,9/11/2022 15:36,9/11/2022 15:43,9/11/2022 15:44,1,"1,385,872","1,308,147",0,0,0,0,1,1,775105,NATURE MOOD RIVERBED GLOSS.9MM 60X120 RE,111,440,1,9/11/2022 15:44,1,367
2562123458,"3,913,530",6,60,POSIZIONAMENTO INTERI,1,"3,805,037",40,173,251,0,M0-C90-03,STOCK,PIAZZALE NUOVO,24,M3-BO-251,S_CA,BOX PRONTI CAMION,14,348,438,0,9/11/2022 15:43,9/11/2022 15:44,9/11/2022 15:48,3,"1,385,294","1,309,213","40,288,181","1,837,549","447,415",0,4,4,768297,SENSI IVORY LITHOS 60X120 RET,"1,850",,1,9/11/2022 15:46,1,288
2562123835,"3,913,149",6,60,POSIZIONAMENTO INTERI,1,"3,805,044",12,156,251,0,M0-D10-03,STOCK,PIAZZALE NUOVO,24,M3-BO-11,S_CO,BOX PRONTI CONTAINER,7,210,371,0,9/11/2022 14:06,9/11/2022 15:45,9/11/2022 15:50,5,"1,385,758","1,309,634","40,288,848","1,478,979","421,762",0,1,1,761177,STONTECH 4.0 STONE_06 60x120 RET,"1,927",,1,9/11/2022 15:48,3,148
2562123453,"3,913,513",5,15,CARICO DA MAG AUTO,1,"3,805,041",34,246,426,0,MA-RUL-PIC,OUT_AUTO,RULLIERA PICKING MAGAUTO,-,0,STOCK,0,-,1,230,2,9/11/2022 15:38,9/11/2022 15:45,9/11/2022 15:48,4,"1,385,873","1,309,208",0,0,0,0,1,1,758168,STUDIOS OF CSM CONCREATE 6MM 60X120 RET,94,400,1,9/11/2022 15:47,3,367
2562122992,"3,913,519",5,15,CARICO DA MAG AUTO,1,"3,805,046",34,246,426,0,MA-RUL-PIC,OUT_AUTO,RULLIERA PICKING MAGAUTO,-,M3-BO-120,S_CA,BOX PRONTI CAMION,19,265,427,0,9/11/2022 15:39,9/11/2022 15:48,9/11/2022 15:50,1,"1,385,874","1,308,671",0,0,0,0,1,1,765233,BUILDTECH 2.0 CE BONE NAT 60X120 RET,950,780,1,9/11/2022 15:49,1,22
2562123835,"3,913,150",6,60,POSIZIONAMENTO INTERI,1,"3,805,058",12,100,237,0,M0-D70-14,STOCK,PIAZZALE NUOVO,3,M3-BO-11,S_CO,BOX PRONTI CONTAINER,7,210,371,0,9/11/2022 14:06,9/11/2022 15:50,9/11/2022 15:55,5,"1,385,757","1,309,634","40,288,849","1,139,748","216,740",0,1,1,755470,I CLASSICI PORTORO GLOSSY 60X60 RET,"2,851",,1,9/11/2022 15:53,3,228
2562123895,"3,913,173",6,60,POSIZIONAMENTO INTERI,2,"3,805,063",64,134,483,0,M3-60B-02,STOCK,PIAZZALE LATO NORD,43,M3-BO-480,S_CA,BOX PRONTI CAMION,20,402,434,0,9/11/2022 14:11,9/11/2022 15:50,9/11/2022 15:58,8,"1,385,774","1,309,696","40,288,944","1,904,321","456,845",0,2,2,768516,MATIERES DE REX BRUN STR 20MM 60X120 RET,968,,1,9/11/2022 15:55,5,354
2562122992,"3,913,523",5,15,CARICO DA MAG AUTO,1,"3,805,052",34,246,426,0,MA-RUL-PIC,OUT_AUTO,RULLIERA PICKING MAGAUTO,-,M3-BO-120,S_CA,BOX PRONTI CAMION,19,265,427,0,9/11/2022 15:40,9/11/2022 15:50,9/11/2022 15:51,1,"1,385,876","1,308,671",0,0,0,0,1,1,765233,BUILDTECH 2.0 CE BONE NAT 60X120 RET,950,780,1,9/11/2022 15:50,1,22
2562122475,"3,913,528",5,15,CARICO DA MAG AUTO,1,"3,805,056",34,246,426,0,MA-RUL-PIC,OUT_AUTO,RULLIERA PICKING MAGAUTO,-,0,STOCK,0,-,1,230,2,9/11/2022 15:42,9/11/2022 15:51,9/11/2022 15:53,2,"1,385,877","1,308,111",0,0,0,0,1,1,738955,INDUSTRIAL IVORY BOCCIARDATO 30x60 RET,168,340,1,9/11/2022 15:52,0,367
2562122974,"3,911,719",6,60,POSIZIONAMENTO INTERI,2,"3,805,067",40,118,436,0,M3-61A-02,STOCK,PIAZZALE LATO NORD,38,M3-BO-251,S_CA,BOX PRONTI CAMION,7,347,428,0,9/11/2022 5:19,9/11/2022 15:53,9/11/2022 15:59,7,"1,385,295","1,308,654","40,287,379","1,479,066","193,307",0,3,3,761203,STONTECH 4.0 STONE_05 HIGH-GLOSSY 30x60R,"5,780",,1,9/11/2022 15:56,4,244
2562123881,"3,913,532",5,15,CARICO DA MAG AUTO,1,"3,805,060",34,246,426,0,MA-RUL-PIC,OUT_AUTO,RULLIERA PICKING MAGAUTO,-,0,STOCK,0,-,1,230,1,9/11/2022 15:44,9/11/2022 15:53,9/11/2022 15:56,3,"1,385,878","1,309,683",0,0,0,0,1,1,765786,BIJOUX SODALITE BLEU GLO 6MM 60X120 R,0,278,1,9/11/2022 15:54,1,367
2562121509,"3,913,547",6,60,POSIZIONAMENTO INTERI,1,"3,805,065",83,189,277,0,0,STOCK,0,-,M3-BO-241,S_CA,BOX PRONTI CAMION,12,343,432,0,9/11/2022 15:51,9/11/2022 15:54,9/11/2022 16:16,23,"1,385,275","1,307,059","40,284,775","1,741,075","227,884",0,25,25,766604,B&W_MARBLE PEBBLE HIGH-GLOSSY 60X60 RET,"2,903",,1,9/11/2022 15:56,2,0
2562122948,"3,913,316",6,94,POSIZIONAMENTO DA PREBOX A BDP,1,"3,805,146",65,176,225,0,PRE-BOX-AA,PRE_BOX,AREA PRE-BOX PLANT2,5,M3-BO-220,S_GL,BOX PRONTI GRANDI LASTRE,15,288,412,0,9/11/2022 14:46,9/11/2022 15:55,9/11/2022 16:41,46,"1,385,827","1,308,628",0,0,0,0,1,1,,,,,,9/11/2022 16:39,44,222
2562123452,"3,911,721",6,60,POSIZIONAMENTO INTERI,2,"3,805,110",12,302,465,0,M3-46A-02,STOCK,PIAZZALE LATO NORD,10,M3-BO-251,S_CA,BOX PRONTI CAMION,12,347,435,0,9/11/2022 5:20,9/11/2022 15:55,9/11/2022 16:30,34,"1,385,297","1,309,207","40,288,172","186,332","434,558",0,5,5,738803,INDUSTRIAL IVORY NAT 60x60 RET,"2,786",,1,9/11/2022 16:27,32,79
2562122992,"3,913,535",5,15,CARICO DA MAG AUTO,1,"3,805,069",34,246,426,0,MA-RUL-PIC,OUT_AUTO,RULLIERA PICKING MAGAUTO,-,M3-BO-120,S_CA,BOX PRONTI CAMION,19,265,427,0,9/11/2022 15:48,9/11/2022 15:56,9/11/2022 15:58,2,"1,385,879","1,308,671",0,0,0,0,1,1,765233,BUILDTECH 2.0 CE BONE NAT 60X120 RET,950,760,1,9/11/2022 15:57,1,22
2562123895,"3,913,175",6,60,POSIZIONAMENTO INTERI,1,"3,805,078",64,121,482,0,M3-61A-02,STOCK,PIAZZALE LATO NORD,5,M3-BO-480,S_CA,BOX PRONTI CAMION,20,402,434,0,9/11/2022 14:11,9/11/2022 15:58,9/11/2022 16:07,9,"1,385,771","1,309,696","40,288,938","1,145,701","460,094",0,3,3,755568,B&W BLACK HIGH-GLO 60X120 RET,"1,706",,1,9/11/2022 16:02,3,366
2562123835,"3,913,538",5,15,CARICO DA MAG AUTO,1,"3,805,071",34,246,426,0,MA-RUL-PIC,OUT_AUTO,RULLIERA PICKING MAGAUTO,-,M3-BO-11,S_CO,BOX PRONTI CONTAINER,7,210,371,0,9/11/2022 15:49,9/11/2022 15:58,9/11/2022 15:59,2,"1,385,880","1,309,634",0,0,0,0,1,1,738885,ARDOISE BLANC 20X80 RET,"1,028",800,1,9/11/2022 15:58,1,57
2562122974,"3,913,556",6,60,POSIZIONAMENTO INTERI,1,"3,805,106",40,118,436,0,M3-61A-02,STOCK,PIAZZALE LATO NORD,38,M3-BO-251,S_CA,BOX PRONTI CAMION,7,347,428,0,9/11/2022 15:57,9/11/2022 15:59,9/11/2022 16:28,28,"1,385,295","1,308,654","40,287,379","1,479,066","193,307",0,3,3,761203,STONTECH 4.0 STONE_05 HIGH-GLOSSY 30x60R,"5,780",,1,9/11/2022 16:25,25,244
2562123895,"3,913,567",6,60,POSIZIONAMENTO INTERI,2,"3,805,087",64,121,482,0,M3-61A-02,STOCK,PIAZZALE LATO NORD,5,M3-BO-480,S_CA,BOX PRONTI CAMION,20,402,434,0,9/11/2022 16:02,9/11/2022 16:07,9/11/2022 16:11,4,"1,385,771","1,309,696","40,288,938","1,145,701","460,094",0,3,3,755568,B&W BLACK HIGH-GLO 60X120 RET,"1,706",,1,9/11/2022 16:09,2,366
2562123895,"3,913,176",6,60,POSIZIONAMENTO INTERI,1,"3,805,095",64,116,483,0,M3-61B-02,STOCK,PIAZZALE LATO NORD,30,M3-BO-480,S_CA,BOX PRONTI CAMION,20,402,434,0,9/11/2022 14:11,9/11/2022 16:12,9/11/2022 16:20,8,"1,385,770","1,309,696","40,288,938","1,145,701","460,094",0,2,2,755568,B&W BLACK HIGH-GLO 60X120 RET,"1,706",,1,9/11/2022 16:16,5,370
2562123895,"3,913,590",6,60,POSIZIONAMENTO INTERI,1,"3,805,102",64,116,483,0,M3-61B-02,STOCK,PIAZZALE LATO NORD,30,M3-BO-241,S_CA,BOX PRONTI CAMION,8,343,437,0,9/11/2022 16:16,9/11/2022 16:20,9/11/2022 16:23,4,"1,385,770","1,309,696","40,288,938","1,145,701","460,094",0,2,2,755568,B&W BLACK HIGH-GLO 60X120 RET,"1,706",,1,9/11/2022 16:22,2,297
2562123895,"3,913,171",6,60,POSIZIONAMENTO INTERI,2,"3,805,109",64,100,309,0,M0-D68-03,STOCK,PIAZZALE NUOVO,10,M3-BO-241,S_CA,BOX PRONTI CAMION,8,343,437,0,9/11/2022 14:10,9/11/2022 16:23,9/11/2022 16:33,10,"1,385,769","1,309,696","40,288,942","585,730","461,437",0,2,2,749115,BUILDTECH GG WHITE NAT 30X60 RET,"5,119",,1,9/11/2022 16:27,4,286
2562123895,"3,913,549",5,15,CARICO DA MAG AUTO,1,"3,805,108",34,246,426,0,MA-RUL-PIC,OUT_AUTO,RULLIERA PICKING MAGAUTO,-,M3-BO-241,S_CA,BOX PRONTI CAMION,8,343,437,0,9/11/2022 15:52,9/11/2022 16:25,9/11/2022 16:27,2,"1,385,882","1,309,696",0,0,0,0,1,1,774905,NATURE MOOD TUNDRA GLOS 6M 60X120 RT,657,660,1,9/11/2022 16:25,0,115
2562121509,"3,913,552",5,15,CARICO DA MAG AUTO,1,"3,805,113",34,246,426,0,MA-RUL-PIC,OUT_AUTO,RULLIERA PICKING MAGAUTO,-,0,STOCK,0,-,1,230,4,9/11/2022 15:54,9/11/2022 16:27,9/11/2022 16:29,2,"1,385,883","1,307,059",0,0,0,0,1,1,766594,B&W_MARBLE PEBBLE HIGH-GLOSSY 30X60 RET,556,560,1,9/11/2022 16:28,1,367
2562121509,"3,911,683",6,60,POSIZIONAMENTO INTERI,2,"3,805,120",40,322,340,0,M0-B08-03,STOCK,PIAZZALE NUOVO,30,M3-BO-241,S_CA,BOX PRONTI CAMION,12,343,432,0,9/11/2022 5:12,9/11/2022 16:28,9/11/2022 16:36,8,"1,385,273","1,307,059","40,284,774","1,741,020","230,878",0,2,2,766594,B&W_MARBLE PEBBLE HIGH-GLOSSY 30X60 RET,"5,806",,1,9/11/2022 16:31,3,0
2562120903,"3,913,558",5,15,CARICO DA MAG AUTO,1,"3,805,116",34,246,426,0,MA-RUL-PIC,OUT_AUTO,RULLIERA PICKING MAGAUTO,-,M3-BO-101,S_CO,BOX PRONTI CONTAINER,8,257,427,0,9/11/2022 15:57,9/11/2022 16:29,9/11/2022 16:30,1,"1,385,884","1,309,681",0,0,0,0,1,1,742105,STONES 2.0 BURL GRAY MATTE 30X60 RETT,491,500,1,9/11/2022 16:29,0,14
2562122992,"3,913,560",5,15,CARICO DA MAG AUTO,1,"3,805,118",34,246,426,0,MA-RUL-PIC,OUT_AUTO,RULLIERA PICKING MAGAUTO,-,M3-BO-460,S_CA,BOX PRONTI CAMION,9,397,425,0,9/11/2022 15:58,9/11/2022 16:30,9/11/2022 16:31,1,"1,385,885","1,308,671",0,0,0,0,1,1,765233,BUILDTECH 2.0 CE BONE NAT 60X120 RET,950,760,1,9/11/2022 16:30,0,179
2562123452,"3,913,608",6,60,POSIZIONAMENTO INTERI,2,"3,805,119",12,302,465,0,M3-46A-02,STOCK,PIAZZALE LATO NORD,10,M3-BO-251,S_CA,BOX PRONTI CAMION,12,347,435,0,9/11/2022 16:27,9/11/2022 16:30,9/11/2022 16:33,3,"1,385,297","1,309,207","40,288,172","186,332","434,558",0,5,5,738803,INDUSTRIAL IVORY NAT 60x60 RET,"2,786",,1,9/11/2022 16:31,1,79
2562123425,"3,913,602",5,15,CARICO DA MAG AUTO,1,"3,805,124",34,246,426,0,MA-RUL-PIC,OUT_AUTO,RULLIERA PICKING MAGAUTO,-,M3-BO-460,S_CA,BOX PRONTI CAMION,9,397,425,0,9/11/2022 16:24,9/11/2022 16:31,9/11/2022 16:33,2,"1,385,886","1,309,197",0,0,0,0,1,1,762199,AIRTECH STOCKHOLM_GREIGE STR 30X60 RET,963,780,1,9/11/2022 16:32,0,179
2562123508,"3,913,606",5,15,CARICO DA MAG AUTO,1,"3,805,131",34,246,426,0,MA-RUL-PIC,OUT_AUTO,RULLIERA PICKING MAGAUTO,-,0,STOCK,0,-,1,230,1,9/11/2022 16:26,9/11/2022 16:33,9/11/2022 16:35,2,"1,385,888","1,309,278",0,0,0,0,1,1,765491,ONYX&MORE GOLDEN PORPHYRY STR 60X60 RET,879,760,1,9/11/2022 16:34,1,367
2562123452,"3,913,617",6,60,POSIZIONAMENTO INTERI,1,"3,805,132",12,302,465,0,M3-46A-02,STOCK,PIAZZALE LATO NORD,10,M3-BO-251,S_CA,BOX PRONTI CAMION,12,347,435,0,9/11/2022 16:31,9/11/2022 16:33,9/11/2022 16:36,3,"1,385,297","1,309,207","40,288,172","186,332","434,558",0,5,5,738803,INDUSTRIAL IVORY NAT 60x60 RET,"2,786",,1,9/11/2022 16:34,1,79
2562123895,"3,913,172",6,60,POSIZIONAMENTO INTERI,1,"3,805,145",64,316,470,0,M3-44B-02,STOCK,PIAZZALE LATO NORD,10,M3-BO-241,S_CA,BOX PRONTI CAMION,8,343,437,0,9/11/2022 14:10,9/11/2022 16:33,9/11/2022 16:39,6,"1,385,768","1,309,696","40,288,942","585,730","461,437",0,1,1,749115,BUILDTECH GG WHITE NAT 30X60 RET,"5,119",,1,9/11/2022 16:38,5,59
2562123113,"3,913,612",5,15,CARICO DA MAG AUTO,1,"3,805,137",34,246,426,0,MA-RUL-PIC,OUT_AUTO,RULLIERA PICKING MAGAUTO,-,0,STOCK,0,-,1,230,5,9/11/2022 16:28,9/11/2022 16:35,9/11/2022 16:37,2,"1,385,889","1,308,810",0,0,0,0,1,1,738819,INDUSTRIAL TAUPE NAT 60x120 RET,63,280,1,9/11/2022 16:36,1,367
2562123021,"3,913,614",5,15,CARICO DA MAG AUTO,1,"3,805,142",34,246,426,0,MA-RUL-PIC,OUT_AUTO,RULLIERA PICKING MAGAUTO,-,0,STOCK,0,-,1,230,5,9/11/2022 16:30,9/11/2022 16:37,9/11/2022 16:39,2,"1,385,890","1,308,711",0,0,0,0,1,1,776401,PLIMATECH PLIMAWHITE/02 STR 20MM 60X120R,194,360,1,9/11/2022 16:38,1,367
2562123602,"3,913,615",5,15,CARICO DA MAG AUTO,1,"3,805,148",34,246,426,0,MA-RUL-PIC,OUT_AUTO,RULLIERA PICKING MAGAUTO,-,0,STOCK,0,-,1,230,2,9/11/2022 16:30,9/11/2022 16:39,9/11/2022 16:40,2,"1,385,891","1,309,384",0,0,0,0,1,1,738813,INDUSTRIAL TAUPE SOFT 60x60 RET,266,400,1,9/11/2022 16:40,1,367
2562123895,"3,913,169",6,60,POSIZIONAMENTO INTERI,2,"3,805,158",64,305,320,0,M0-B28-03,STOCK,PIAZZALE NUOVO,17,M3-BO-480,S_CA,BOX PRONTI CAMION,11,402,422,0,9/11/2022 14:10,9/11/2022 16:39,9/11/2022 16:52,12,"1,385,772","1,309,696","40,288,939","1,727,980","461,850",0,3,3,765277,BUILDTECH 2.0 CE BONE R+PTV 60X60 RET,"2,560",,1,9/11/2022 16:44,5,175
2562122797,"3,913,622",5,15,CARICO DA MAG AUTO,1,"3,805,149",34,246,426,0,MA-RUL-PIC,OUT_AUTO,RULLIERA PICKING MAGAUTO,-,0,STOCK,0,-,1,230,2,9/11/2022 16:32,9/11/2022 16:41,9/11/2022 16:42,2,"1,385,892","1,308,460",0,0,0,0,1,1,738660,INDUSTRIAL MOKA NAT 80x80 RET,238,400,1,9/11/2022 16:41,1,367
2562123602,"3,913,630",5,15,CARICO DA MAG AUTO,1,"3,805,155",34,246,426,0,MA-RUL-PIC,OUT_AUTO,RULLIERA PICKING MAGAUTO,-,0,STOCK,0,-,1,230,4,9/11/2022 16:34,9/11/2022 16:42,9/11/2022 16:44,2,"1,385,893","1,309,384",0,0,0,0,1,1,738800,INDUSTRIAL TAUPE SOFT 30x60 RET,441,520,1,9/11/2022 16:43,1,367
2562121903,"3,913,010",6,93,POSIZIONAMENTO DA PREBOX A BDP FLORIM STONE,1,"3,805,161",65,246,286,0,PRE-BO-M09,PRE_BOX,AREA PRE-BOX M0,4,BOXFITCAV,S_GL,BOX FITTIZIO CAVALLETTI,21,282,358,0,9/11/2022 13:21,9/11/2022 16:43,9/11/2022 16:46,4,"1,385,716","1,307,523",0,0,0,0,1,1,,,,,,9/11/2022 16:45,2,96
2562123295,"3,913,635",5,15,CARICO DA MAG AUTO,1,"3,805,162",34,246,426,0,MA-RUL-PIC,OUT_AUTO,RULLIERA PICKING MAGAUTO,-,0,STOCK,0,-,1,230,5,9/11/2022 16:37,9/11/2022 16:44,9/11/2022 16:46,2,"1,385,894","1,309,051",0,0,0,0,1,1,752799,STONES 2.0 SAHARA NOIR GLOSSY 60X120 RET,570,640,1,9/11/2022 16:45,1,367
2562123518,"3,913,495",0,63,POSIZIONAMENTO DA PICK_CLD A BOX,1,"3,805,166",39,415,376,0,M3-PICK-F5,PICK_CLD,PICKING MANUALE M3,1,0,STOCK,0,-,1,230,4,9/11/2022 15:32,9/11/2022 16:44,9/11/2022 16:48,4,"1,385,863","1,309,290",0,0,0,0,1,1,771521,*ARTWORK MACRO CARPISA MAT 80X80 RET,565,527,1,9/11/2022 16:46,2,486
2562121509,"3,911,684",6,60,POSIZIONAMENTO INTERI,2,"3,805,181",40,322,349,0,M0-B08-03,STOCK,PIAZZALE NUOVO,36,M3-BO-241,S_CA,BOX PRONTI CAMION,12,343,432,0,9/11/2022 5:12,9/11/2022 16:45,9/11/2022 16:55,10,"1,385,274","1,307,059","40,284,774","1,741,020","230,878",0,3,3,766594,B&W_MARBLE PEBBLE HIGH-GLOSSY 30X60 RET,"5,806",,1,9/11/2022 16:51,6,0
2562121903,"3,913,012",6,93,POSIZIONAMENTO DA PREBOX A BDP FLORIM STONE,1,"3,805,171",65,246,276,0,PRE-BO-M11,PRE_BOX,AREA PRE-BOX M0,4,M0-BO-22,S_GL,BOX PRONTI GRANDI LASTRE,3,231,310,0,9/11/2022 13:21,9/11/2022 16:46,9/11/2022 16:48,2,"1,385,717","1,307,523",0,0,0,0,2,2,,,,,,9/11/2022 16:47,1,46
2562123602,"3,913,639",5,15,CARICO DA MAG AUTO,1,"3,805,167",34,246,426,0,MA-RUL-PIC,OUT_AUTO,RULLIERA PICKING MAGAUTO,-,0,STOCK,0,-,1,230,4,9/11/2022 16:38,9/11/2022 16:46,9/11/2022 16:48,2,"1,385,895","1,309,384",0,0,0,0,1,1,739133,INDUSTRIAL TAUPE 3x3 MOSAICO 30X30,302,560,1,9/11/2022 16:47,1,367
2562123520,"3,913,656",8,61,POSIZIONAMENTO DA STOCK A PICK_FTR,1,"3,805,178",39,116,487,0,M3-61B-02,STOCK,PIAZZALE LATO NORD,33,M3-PICK-P5,PICK_FTR,PICKING MANUALE M3,1,415,377,0,9/11/2022 16:47,9/11/2022 16:48,9/11/2022 16:55,7,"1,385,445","1,309,291","40,288,300","2,344,736","412,327",38,0,1,771521,*ARTWORK MACRO CARPISA MAT 80X80 RET,60,260,1,9/11/2022 16:50,2,374
2562121903,"3,913,661",6,93,POSIZIONAMENTO DA PREBOX A BDP FLORIM STONE,1,"3,805,175",65,246,276,0,PRE-BO-M11,PRE_BOX,AREA PRE-BOX M0,4,M0-BO-22,S_GL,BOX PRONTI GRANDI LASTRE,3,231,310,0,9/11/2022 16:47,9/11/2022 16:48,9/11/2022 16:50,2,"1,385,717","1,307,523",0,0,0,0,2,2,,,,,,9/11/2022 16:49,1,46
2562123295,"3,913,642",5,15,CARICO DA MAG AUTO,1,"3,805,172",34,246,426,0,MA-RUL-PIC,OUT_AUTO,RULLIERA PICKING MAGAUTO,-,0,STOCK,0,-,1,230,4,9/11/2022 16:40,9/11/2022 16:48,9/11/2022 16:49,2,"1,385,897","1,309,051",0,0,0,0,1,1,756229,STONES 2.0 CALACAT.BLACK SMOOTH 60X120RT,477,560,1,9/11/2022 16:48,1,367
2562121903,"3,913,013",6,93,POSIZIONAMENTO DA PREBOX A BDP FLORIM STONE,1,"3,805,180",65,256,266,0,PRE-BO-M13,PRE_BOX,AREA PRE-BOX M0,1,M3-BO-CA5,S_GL,BOX PRONTI CAVALLETTI,1,265,361,0,9/11/2022 13:21,9/11/2022 16:50,9/11/2022 16:53,2,"1,385,718","1,307,523",0,0,0,0,1,1,,,,,,9/11/2022 16:51,1,95
2562123030,"3,913,647",5,15,CARICO DA MAG AUTO,1,"3,805,182",34,246,426,0,MA-RUL-PIC,OUT_AUTO,RULLIERA PICKING MAGAUTO,-,0,STOCK,0,-,1,230,1,9/11/2022 16:43,9/11/2022 16:51,9/11/2022 16:53,2,"1,385,899","1,308,721",0,0,0,0,1,1,728723,WALKS 1.0 GRAY 40X80 RETT,882,"1,000",1,9/11/2022 16:51,1,367
2562121903,"3,913,014",6,93,POSIZIONAMENTO DA PREBOX A BDP FLORIM STONE,1,"3,805,187",65,229,266,0,PRE-BO-M31,PRE_BOX,AREA PRE-BOX M0,2,M0-BO-22,S_GL,BOX PRONTI GRANDI LASTRE,4,235,310,0,9/11/2022 13:21,9/11/2022 16:53,9/11/2022 16:55,2,"1,385,719","1,307,523",0,0,0,0,1,1,,,,,,9/11/2022 16:53,0,76
2562123662,"3,913,651",5,15,CARICO DA MAG AUTO,1,"3,805,189",34,246,426,0,MA-RUL-PIC,OUT_AUTO,RULLIERA PICKING MAGAUTO,-,0,STOCK,0,-,1,230,4,9/11/2022 16:45,9/11/2022 16:53,9/11/2022 16:55,2,"1,385,900","1,309,452",0,0,0,0,1,1,755950,"MATIÈRES DE REX GRIS BATTISCOPA 4,6X60",336,520,1,9/11/2022 16:53,1,367
2562123198,"3,913,659",5,15,CARICO DA MAG AUTO,1,"3,805,191",34,246,426,0,MA-RUL-PIC,OUT_AUTO,RULLIERA PICKING MAGAUTO,-,0,STOCK,0,-,1,230,2,9/11/2022 16:47,9/11/2022 16:55,9/11/2022 16:56,1,"1,385,901","1,308,915",0,0,0,0,1,1,775048,HERITAGE LUXE AZURE GLOSS.9MM 60X120 RET,59,320,1,9/11/2022 16:55,1,367
2562121509,"3,913,674",6,60,POSIZIONAMENTO INTERI,1,"3,805,195",40,322,349,0,M0-B08-03,STOCK,PIAZZALE NUOVO,36,M3-BO-241,S_CA,BOX PRONTI CAMION,12,343,432,0,9/11/2022 16:51,9/11/2022 16:55,9/11/2022 17:00,5,"1,385,274","1,307,059","40,284,774","1,741,020","230,878",0,3,3,766594,B&W_MARBLE PEBBLE HIGH-GLOSSY 30X60 RET,"5,806",,1,9/11/2022 16:57,2,0
2562123075,"3,913,666",5,15,CARICO DA MAG AUTO,1,"3,805,198",34,246,426,0,MA-RUL-PIC,OUT_AUTO,RULLIERA PICKING MAGAUTO,-,0,STOCK,0,-,1,230,5,9/11/2022 16:50,9/11/2022 16:58,9/11/2022 17:01,4,"1,385,904","1,308,765",0,0,0,0,1,1,756129,MATIÈRES REX GRIS 6MM MATTE 60X120 RET,49,320,1,9/11/2022 16:58,1,367
2562123380,"3,911,728",6,60,POSIZIONAMENTO INTERI,2,"3,805,204",40,136,459,0,M3-60A-02,STOCK,PIAZZALE LATO NORD,21,M3-BO-460,S_CA,BOX PRONTI CAMION,13,397,419,0,9/11/2022 5:23,9/11/2022 17:00,9/11/2022 17:06,6,"1,385,299","1,309,137","40,288,062","186,444","415,908",0,4,4,738964,INDUSTRIAL TAUPE BOCCIAR.20MM 60x60 RET,"1,929",,1,9/11/2022 17:02,2,356
2562122834,"3,911,431",6,93,POSIZIONAMENTO DA PREBOX A BDP FLORIM STONE,1,"3,805,244",65,179,220,0,PRE-BOX-2B,PRE_BOX,AREA PRE-BOX PLANT2,14,M3-CL-03,S_CANT,Cantilever M3,-,359,412,1477,9/11/2022 0:44,9/11/2022 17:01,9/11/2022 17:21,20,"1,385,255","1,308,499",0,0,0,0,1,1,,,,,,9/11/2022 17:19,18,345
2562123391,"3,913,675",5,15,CARICO DA MAG AUTO,1,"3,805,203",34,246,426,0,MA-RUL-PIC,OUT_AUTO,RULLIERA PICKING MAGAUTO,-,M3-BO-251,S_CA,BOX PRONTI CAMION,3,347,423,0,9/11/2022 16:52,9/11/2022 17:01,9/11/2022 17:03,2,"1,385,905","1,309,148",0,0,0,0,1,1,765264,BUILDTECH 2.0 CE WHITE NAT 60X60 RET,534,760,1,9/11/2022 17:02,0,106
2562123595,"3,913,682",5,15,CARICO DA MAG AUTO,1,"3,805,209",34,246,426,0,MA-RUL-PIC,OUT_AUTO,RULLIERA PICKING MAGAUTO,-,M3-BO-100,S_CA,BOX PRONTI CONTAINER,10,256,409,0,9/11/2022 16:54,9/11/2022 17:03,9/11/2022 17:05,2,"1,385,906","1,309,368",0,0,0,0,1,1,742083,STONES 2.0 BURL GRAY MATTE 60X120 RETT,987,780,1,9/11/2022 17:04,1,19
2562123391,"3,913,685",5,15,CARICO DA MAG AUTO,1,"3,805,213",34,246,426,0,MA-RUL-PIC,OUT_AUTO,RULLIERA PICKING MAGAUTO,-,0,STOCK,0,-,1,230,4,9/11/2022 16:56,9/11/2022 17:05,9/11/2022 17:07,2,"1,385,907","1,309,148",0,0,0,0,1,1,765280,BUILDTECH 2.0 CE WHITE NAT 30X60 RET,511,580,1,9/11/2022 17:06,1,367
2562123380,"3,913,699",6,60,POSIZIONAMENTO INTERI,2,"3,805,231",40,136,459,0,M3-60A-02,STOCK,PIAZZALE LATO NORD,21,M3-BO-460,S_CA,BOX PRONTI CAMION,13,397,419,0,9/11/2022 17:02,9/11/2022 17:06,9/11/2022 17:18,12,"1,385,299","1,309,137","40,288,062","186,444","415,908",0,4,4,738964,INDUSTRIAL TAUPE BOCCIAR.20MM 60x60 RET,"1,929",,1,9/11/2022 17:13,8,356
2562120914,"3,913,658",0,63,POSIZIONAMENTO DA PICK_CLD A BOX,1,"3,805,236",45,233,746,0,M1-PICK-F9,PICK_CLD,PICKING MANUALE M1,1,M3-BO-520,S_CA,BOX PRONTI CAMION,4,410,414,0,9/11/2022 16:47,9/11/2022 17:07,9/11/2022 17:16,10,"1,385,896","1,306,408",0,0,0,0,1,1,735919,NEUTRA 6.0 01 BIANCO 80X180 RETT,119,205,4,9/11/2022 17:15,9,360
2562123595,"3,913,694",5,15,CARICO DA MAG AUTO,1,"3,805,220",34,246,426,0,MA-RUL-PIC,OUT_AUTO,RULLIERA PICKING MAGAUTO,-,0,STOCK,0,-,1,230,4,9/11/2022 16:59,9/11/2022 17:09,9/11/2022 17:11,2,"1,385,909","1,309,368",0,0,0,0,1,1,742266,STONES 2.0 BURL WHITE MATTE MOSAICO 5X5,307,540,1,9/11/2022 17:10,1,367
2562123404,"3,913,698",5,15,CARICO DA MAG AUTO,1,"3,805,225",34,246,426,0,MA-RUL-PIC,OUT_AUTO,RULLIERA PICKING MAGAUTO,-,0,STOCK,0,-,1,230,5,9/11/2022 17:02,9/11/2022 17:11,9/11/2022 17:13,2,"1,385,910","1,309,160",0,0,0,0,1,1,735629,"VETRO 05 CEMENTO LUX MOSAICO 4,5 mm",19,300,7,9/11/2022 17:12,1,367
2562124001,"3,913,705",5,15,CARICO DA MAG AUTO,1,"3,805,234",34,246,426,0,MA-RUL-PIC,OUT_AUTO,RULLIERA PICKING MAGAUTO,-,0,STOCK,0,-,1,230,4,9/11/2022 17:05,9/11/2022 17:13,9/11/2022 17:15,2,"1,385,912","1,309,800",0,0,0,0,1,1,755674,PLANCHES DE REX NOISETTE STR 20X120 RET,565,600,1,9/11/2022 17:14,1,367
2562123381,"3,913,693",0,63,POSIZIONAMENTO DA PICK_CLD A BOX,1,"3,805,237",39,412,376,0,M3-PICK-F4,PICK_CLD,PICKING MANUALE M3,1,0,STOCK,0,-,1,230,5,9/11/2022 16:57,9/11/2022 17:13,9/11/2022 17:19,6,"1,385,903","1,309,138",0,0,0,0,1,1,738962,INDUSTRIAL SAGE BOCCIAR.20MM 60x60 RET,289,327,1,9/11/2022 17:16,3,486
2562123237,"3,913,708",5,15,CARICO DA MAG AUTO,1,"3,805,239",34,246,426,0,MA-RUL-PIC,OUT_AUTO,RULLIERA PICKING MAGAUTO,-,0,STOCK,0,-,1,230,2,9/11/2022 17:06,9/11/2022 17:15,9/11/2022 17:17,2,"1,385,913","1,308,975",0,0,0,0,1,1,757064,FLOWTECH RUSSET NAT.80X80 RET,175,380,1,9/11/2022 17:16,1,367
2562123467,"3,911,737",6,60,POSIZIONAMENTO INTERI,1,"3,805,268",64,132,449,0,M3-60B-02,STOCK,PIAZZALE LATO NORD,19,0,STOCK,0,-,1,230,1,9/11/2022 5:25,9/11/2022 17:16,9/11/2022 17:31,15,"1,385,303","1,309,227","40,288,202","1,146,720","381,709",0,1,1,755707,MATIÈRES DE REX GRIS 80x80 RET,"2,263",,1,9/11/2022 17:29,12,259
2562122727,"3,913,713",5,15,CARICO DA MAG AUTO,1,"3,805,284",34,246,426,0,MA-RUL-PIC,OUT_AUTO,RULLIERA PICKING MAGAUTO,-,0,STOCK,0,-,1,230,2,9/11/2022 17:08,9/11/2022 17:17,9/11/2022 17:34,17,"1,385,923","1,308,398",0,0,0,0,1,1,755836,PREXIOUS REX DREAM ARABESQUE MAT 60X120R,127,340,1,9/11/2022 17:33,16,367
2562123381,"3,911,730",6,60,POSIZIONAMENTO INTERI,1,"3,805,248",40,114,442,0,M3-61B-02,STOCK,PIAZZALE LATO NORD,1,M3-BO-460,S_CA,BOX PRONTI CAMION,13,397,419,0,9/11/2022 5:24,9/11/2022 17:18,9/11/2022 17:24,6,"1,385,301","1,309,138","40,288,063","186,442","463,954",0,3,3,738962,INDUSTRIAL SAGE BOCCIAR.20MM 60x60 RET,"1,929",,1,9/11/2022 17:21,2,354
2562123895,"3,913,730",6,61,POSIZIONAMENTO DA STOCK A PICK_FTR,1,"3,805,271",39,305,322,0,M0-B28-03,STOCK,PIAZZALE NUOVO,18,M3-BO-480,S_CA,BOX PRONTI CAMION,11,402,422,0,9/11/2022 17:16,9/11/2022 17:19,9/11/2022 17:41,22,"1,385,764","1,309,696","40,288,939","1,727,980","461,850",36,0,1,765277,BUILDTECH 2.0 CE BONE R+PTV 60X60 RET,768,675,1,9/11/2022 17:30,11,173
2562121493,"3,913,628",0,63,POSIZIONAMENTO DA PICK_CLD A BOX,1,"3,805,251",45,236,746,0,M1-PIK-F10,PICK_CLD,PICKING MANUALE M1,1,M3-BO-520,S_CA,BOX PRONTI CAMION,12,411,430,0,9/11/2022 16:34,9/11/2022 17:21,9/11/2022 17:23,2,"1,385,887","1,307,055",0,0,0,0,1,1,756203,STONES 2.0 ARABESC.WHITE GLOSSY 80X180RT,276,260,4,9/11/2022 17:22,2,354
2562122996,"3,913,665",6,61,POSIZIONAMENTO DA STOCK A PICK_FTR,1,"3,805,260",45,210,857,0,M1-BD-01,STOCK,MAGAZZINO COPERTO,13,M1-PIK-P12,PICK_FTR,PICKING MANUALE M1,1,241,747,0,9/11/2022 16:49,9/11/2022 17:23,9/11/2022 17:28,5,"1,385,460","1,308,677","40,287,405","187,542","368,863",3,0,1,741845,STONES 2.0 CALACATTA SMOOTH 80X180 RETT.,"1,076",700,4,9/11/2022 17:26,4,152
2562123381,"3,913,741",6,60,POSIZIONAMENTO INTERI,2,"3,805,262",40,114,442,0,M3-61B-02,STOCK,PIAZZALE LATO NORD,1,M3-BO-460,S_CA,BOX PRONTI CAMION,13,397,419,0,9/11/2022 17:21,9/11/2022 17:24,9/11/2022 17:31,6,"1,385,301","1,309,138","40,288,063","186,442","463,954",0,3,3,738962,INDUSTRIAL SAGE BOCCIAR.20MM 60x60 RET,"1,929",,1,9/11/2022 17:27,3,354
2562122851,"3,913,695",6,61,POSIZIONAMENTO DA STOCK A PICK_FTR,1,"3,805,278",45,296,830,0,M1-CH-02,STOCK,MAGAZZINO COPERTO,11,M1-PIK-P11,PICK_FTR,PICKING MANUALE M1,1,239,747,0,9/11/2022 16:59,9/11/2022 17:28,9/11/2022 17:33,5,"1,385,462","1,308,694","40,287,425","1,154,280","179,391",2,0,1,756204,STONES 2.0 CALACAT.BLACK GLOSSY 80X180RT,0,205,4,9/11/2022 17:32,4,159
2562123784,"3,912,618",6,60,POSIZIONAMENTO INTERI,1,"3,805,282",40,168,283,0,M0-C90-02,STOCK,PIAZZALE NUOVO,35,M3-BO-120,S_CA,BOX PRONTI CAMION,11,266,438,0,9/11/2022 11:03,9/11/2022 17:31,9/11/2022 17:34,3,"1,385,589","1,309,578","40,288,714","1,837,848","455,881",0,9,9,768319,SENSI TAUPE SAND 60X120 RET,"1,850",,1,9/11/2022 17:33,2,164
2562121638,"3,913,103",6,60,POSIZIONAMENTO INTERI,1,"3,805,287",64,267,468,0,M3-50A-02,STOCK,PIAZZALE LATO NORD,9,M3-BO-251,S_CA,BOX PRONTI CAMION,20,348,447,0,9/11/2022 13:55,9/11/2022 17:31,9/11/2022 17:39,8,"1,385,738","1,307,217","40,284,987","2,104,628","443,927",0,1,1,769812,REVES DE REX PERLE MATTE 60X120 RETT,"1,901",,1,9/11/2022 17:34,3,125
2562123528,"3,913,728",6,61,POSIZIONAMENTO DA STOCK A PICK_FTR,1,"3,805,296",45,217,869,0,M1-BB-01,STOCK,MAGAZZINO COPERTO,10,M1-PICK-P9,PICK_FTR,PICKING MANUALE M1,1,233,747,0,9/11/2022 17:16,9/11/2022 17:33,9/11/2022 17:40,7,"1,385,465","1,309,298","40,288,324","2,591,910","463,694",2,0,1,774600,HERITAGE LUXE EMERALD GLOSSY 80X180 RET,0,288,4,9/11/2022 17:38,5,234
2562123784,"3,913,789",6,60,POSIZIONAMENTO INTERI,1,"3,805,289",40,168,283,0,M0-C90-02,STOCK,PIAZZALE NUOVO,35,M3-BO-480,S_CA,BOX PRONTI CAMION,18,402,431,0,9/11/2022 17:33,9/11/2022 17:34,9/11/2022 17:37,3,"1,385,589","1,309,578","40,288,714","1,837,848","455,881",0,9,9,768319,SENSI TAUPE SAND 60X120 RET,"1,850",,1,9/11/2022 17:35,1,310
2562123213,"3,913,716",5,15,CARICO DA MAG AUTO,1,"3,805,288",34,246,426,0,MA-RUL-PIC,OUT_AUTO,RULLIERA PICKING MAGAUTO,-,M3-BO-460,S_CA,BOX PRONTI CAMION,14,397,418,0,9/11/2022 17:10,9/11/2022 17:34,9/11/2022 17:36,1,"1,385,924","1,308,937",0,0,0,0,1,1,749066,BUILDTECH GG COAL NAT 60X60 RET,906,820,1,9/11/2022 17:35,1,254
2562123784,"3,913,794",6,60,POSIZIONAMENTO INTERI,1,"3,805,298",40,168,283,0,M0-C90-02,STOCK,PIAZZALE NUOVO,35,M3-BO-480,S_CA,BOX PRONTI CAMION,18,402,431,0,9/11/2022 17:35,9/11/2022 17:37,9/11/2022 17:43,6,"1,385,589","1,309,578","40,288,714","1,837,848","455,881",0,9,9,768319,SENSI TAUPE SAND 60X120 RET,"1,850",,1,9/11/2022 17:39,2,310
2562123398,"3,913,727",5,15,CARICO DA MAG AUTO,1,"3,805,301",34,246,426,0,MA-RUL-PIC,OUT_AUTO,RULLIERA PICKING MAGAUTO,-,0,STOCK,0,-,1,230,4,9/11/2022 17:15,9/11/2022 17:37,9/11/2022 17:40,3,"1,385,926","1,309,156",0,0,0,0,1,1,761521,STONTECH 4.0 STONE_02 NAT 6MM 60X120 RT,313,520,1,9/11/2022 17:39,2,367
2562122797,"3,913,108",6,60,POSIZIONAMENTO INTERI,1,"3,805,309",64,190,328,0,M0-C68-02,STOCK,PIAZZALE NUOVO,15,0,STOCK,0,-,1,230,1,9/11/2022 13:58,9/11/2022 17:39,9/11/2022 17:43,4,"1,385,739","1,308,460","40,287,066","186,236","411,509",0,1,1,738658,INDUSTRIAL STEEL NAT 80x80 RET,"2,381",,1,9/11/2022 17:41,2,278
2562123364,"3,913,744",6,61,POSIZIONAMENTO DA STOCK A PICK_FTR,1,"3,805,329",45,216,857,0,M1-BD-01,STOCK,MAGAZZINO COPERTO,10,M1-PIK-P10,PICK_FTR,PICKING MANUALE M1,1,236,747,0,9/11/2022 17:22,9/11/2022 17:40,9/11/2022 17:55,14,"1,385,467","1,309,126","40,288,051","2,592,244","430,450",1,0,1,774646,NATURE MOOD RAINFOREST COMFORT 80X180RET,"1,259",700,4,9/11/2022 17:53,13,187
2562123726,"3,913,754",5,15,CARICO DA MAG AUTO,1,"3,805,305",34,246,426,0,MA-RUL-PIC,OUT_AUTO,RULLIERA PICKING MAGAUTO,-,M3-BO-120,S_CA,BOX PRONTI CAMION,32,264,408,0,9/11/2022 17:25,9/11/2022 17:40,9/11/2022 17:42,2,"1,385,927","1,309,534",0,0,0,0,1,1,754010,NEUTRA 6.0 01 BIANCO 40X80 RETT,"1,232","1,020",1,9/11/2022 17:41,1,35
2562124077,"3,913,721",9,94,POSIZIONAMENTO DA PREBOX A BDP,1,"3,805,324",65,129,202,0,PRE-BOX-6A,PRE_BOX,AREA PRE-BOX PLANT2,3,M3-CL-06,S_CANT,Cantilever M3,-,384,424,52,9/11/2022 17:12,9/11/2022 17:41,9/11/2022 17:51,9,"1,385,911","1,309,869",0,0,0,0,1,1,,,,,,9/11/2022 17:49,8,403
2562123895,"3,913,763",6,61,POSIZIONAMENTO DA STOCK A PICK_FTR,1,"3,805,343",39,314,288,0,M0-B30-01,STOCK,PIAZZALE NUOVO,6,M3-BO-480,S_CA,BOX PRONTI CAMION,11,402,422,0,9/11/2022 17:30,9/11/2022 17:41,9/11/2022 18:05,24,"1,385,761","1,309,696","40,288,941","585,730","447,564",38,0,1,749115,BUILDTECH GG WHITE NAT 30X60 RET,882,750,1,9/11/2022 18:02,21,199
2562123726,"3,913,792",5,15,CARICO DA MAG AUTO,1,"3,805,312",34,246,426,0,MA-RUL-PIC,OUT_AUTO,RULLIERA PICKING MAGAUTO,-,0,STOCK,0,-,1,230,2,9/11/2022 17:34,9/11/2022 17:42,9/11/2022 17:44,1,"1,385,928","1,309,534",0,0,0,0,1,1,758105,STUDIOS OF CASAMOOD CLOUD 20X20 RET,394,440,1,9/11/2022 17:43,1,367
2562120903,"3,913,109",6,60,POSIZIONAMENTO INTERI,2,"3,805,320",64,190,260,0,M0-C70-03,STOCK,PIAZZALE NUOVO,18,M3-BO-101,S_CO,BOX PRONTI CONTAINER,8,257,427,0,9/11/2022 13:58,9/11/2022 17:43,9/11/2022 17:53,10,"1,385,740","1,309,681","40,288,915","1,154,350","177,323",0,2,2,756259,STONES 2.0 BURL WHITE GLOSSY 30X60 RET,"5,806",,1,9/11/2022 17:46,3,183
2562123726,"3,913,796",5,15,CARICO DA MAG AUTO,1,"3,805,316",34,246,426,0,MA-RUL-PIC,OUT_AUTO,RULLIERA PICKING MAGAUTO,-,0,STOCK,0,-,1,230,3,9/11/2022 17:35,9/11/2022 17:44,9/11/2022 17:45,2,"1,385,929","1,309,534",0,0,0,0,1,1,745388,"STONES 2.0 BUR.GRAY MATTE BATTISC.4,6X60",210,420,1,9/11/2022 17:44,1,367
2562123781,"3,913,799",5,15,CARICO DA MAG AUTO,1,"3,805,321",34,246,426,0,MA-RUL-PIC,OUT_AUTO,RULLIERA PICKING MAGAUTO,-,0,STOCK,0,-,1,230,3,9/11/2022 17:37,9/11/2022 17:45,9/11/2022 17:47,2,"1,385,930","1,309,573",0,0,0,0,1,1,756127,MATIÈRES REX SABLE 6MM MATTE 60X120 RET,938,760,1,9/11/2022 17:46,1,367
2562122919,"3,913,856",5,15,CARICO DA MAG AUTO,1,"3,805,323",34,246,426,0,MA-RUL-PIC,OUT_AUTO,RULLIERA PICKING MAGAUTO,-,0,STOCK,0,-,1,230,1,9/11/2022 17:39,9/11/2022 17:47,9/11/2022 17:49,2,"1,385,931","1,308,601",0,0,0,0,1,1,752189,RAWTECH RAW-COAL NAT 80X80 RET,"1,091","1,010",1,9/11/2022 17:48,1,367
2562123213,"3,913,860",5,15,CARICO DA MAG AUTO,1,"3,805,328",34,246,426,0,MA-RUL-PIC,OUT_AUTO,RULLIERA PICKING MAGAUTO,-,0,STOCK,0,-,1,230,5,9/11/2022 17:41,9/11/2022 17:49,9/11/2022 17:52,3,"1,385,932","1,308,937",0,0,0,0,1,1,749062,BUILDTECH GG BONE NAT 60X60 RET,193,380,1,9/11/2022 17:51,2,367
2562122948,"3,913,322",6,94,POSIZIONAMENTO DA PREBOX A BDP,1,"3,805,336",65,130,191,0,PRE-BOX-9A,PRE_BOX,AREA PRE-BOX PLANT2,4,M3-CL-05,S_CANT,Cantilever M3,-,364,420,3797,9/11/2022 14:46,9/11/2022 17:51,9/11/2022 18:01,10,"1,385,828","1,308,628",0,0,0,0,1,1,,,,,,9/11/2022 17:59,8,374
2562123398,"3,913,865",5,15,CARICO DA MAG AUTO,1,"3,805,330",34,246,426,0,MA-RUL-PIC,OUT_AUTO,RULLIERA PICKING MAGAUTO,-,0,STOCK,0,-,1,230,5,9/11/2022 17:43,9/11/2022 17:52,9/11/2022 17:54,2,"1,385,933","1,309,156",0,0,0,0,1,1,765269,BUILDTECH 2.0 CE BONE SOFT 60X60 RET,747,800,1,9/11/2022 17:53,1,367
2562123784,"3,913,853",6,60,POSIZIONAMENTO INTERI,2,"3,805,333",64,168,283,0,M0-C90-02,STOCK,PIAZZALE NUOVO,35,M3-BO-480,S_CA,BOX PRONTI CAMION,18,402,431,0,9/11/2022 17:39,9/11/2022 17:53,9/11/2022 17:58,5,"1,385,589","1,309,578","40,288,714","1,837,848","455,881",0,9,9,768319,SENSI TAUPE SAND 60X120 RET,"1,850",,1,9/11/2022 17:55,2,310
2562123825,"3,913,869",5,15,CARICO DA MAG AUTO,1,"3,805,332",34,246,426,0,MA-RUL-PIC,OUT_AUTO,RULLIERA PICKING MAGAUTO,-,0,STOCK,0,-,1,230,4,9/11/2022 17:45,9/11/2022 17:54,9/11/2022 17:56,1,"1,385,934","1,309,615",0,0,0,0,1,1,768358,SENSI WHITE LITHOS 80x80 RETT,218,420,1,9/11/2022 17:55,1,367
2562123242,"3,913,872",5,15,CARICO DA MAG AUTO,1,"3,805,334",34,246,426,0,MA-RUL-PIC,OUT_AUTO,RULLIERA PICKING MAGAUTO,-,0,STOCK,0,-,1,230,3,9/11/2022 17:46,9/11/2022 17:56,9/11/2022 17:57,2,"1,385,935","1,308,980",0,0,0,0,1,1,765470,ONYX&MORE SILVER BLEND GLOS 60X120 RET,743,760,1,9/11/2022 17:56,1,367
2562123784,"3,913,883",6,60,POSIZIONAMENTO INTERI,2,"3,805,342",64,168,283,0,M0-C90-02,STOCK,PIAZZALE NUOVO,35,M3-BO-480,S_CA,BOX PRONTI CAMION,18,402,431,0,9/11/2022 17:55,9/11/2022 17:58,9/11/2022 18:07,9,"1,385,589","1,309,578","40,288,714","1,837,848","455,881",0,9,9,768319,SENSI TAUPE SAND 60X120 RET,"1,850",,1,9/11/2022 18:01,3,310
2562123777,"3,912,852",6,94,POSIZIONAMENTO DA PREBOX A BDP,1,"3,805,346",65,146,225,0,PRE-BOX-1A,PRE_BOX,AREA PRE-BOX PLANT2,11,M3-CL-04,S_CANT,Cantilever M3,-,356,417,3202,9/11/2022 12:10,9/11/2022 18:01,9/11/2022 18:06,5,"1,385,672","1,309,570",0,0,0,0,1,1,,,,,,9/11/2022 18:04,3,378
2562122851,"3,913,894",6,61,POSIZIONAMENTO DA STOCK A PICK_FTR,1,"3,805,446",45,254,884,0,M1-K1H-01,STOCK,PIAZZALE LATO SUD,3,M1-PIK-P11,PICK_FTR,PICKING MANUALE M1,1,239,747,0,9/11/2022 18:02,9/11/2022 18:02,9/11/2022 18:47,45,"1,385,463","1,308,694","40,287,425","1,154,280","179,391",6,0,1,756204,STONES 2.0 CALACAT.BLACK GLOSSY 80X180RT,874,535,4,9/11/2022 18:41,39,209
2562120265,"3,913,900",6,60,POSIZIONAMENTO INTERI,2,"3,805,357",8,265,858,0,M1-CC-01,STOCK,MAGAZZINO COPERTO,4,M3-BO-22A,S_CO,BOX PRONTI CONTAINER,1,202,386,0,9/11/2022 18:04,9/11/2022 18:04,9/11/2022 18:10,6,"1,385,938","1,305,690","40,282,573","1,728,473","461,863",0,9,9,765417,ONYX&MORE GOLDEN PORPHYRY STR 80X180 RET,"2,304",,4,9/11/2022 18:09,5,543
2562123895,"3,913,896",6,61,POSIZIONAMENTO DA STOCK A PICK_FTR,1,"3,805,358",39,186,329,0,M0-C68-03,STOCK,PIAZZALE NUOVO,23,M3-BO-480,S_CA,BOX PRONTI CAMION,11,402,422,0,9/11/2022 18:02,9/11/2022 18:05,9/11/2022 18:19,14,"1,385,760","1,309,696","40,288,943","187,662","461,818",20,0,1,742037,LA ROCHE MUD 80X80 RETT,506,950,1,9/11/2022 18:09,3,275
2562123687,"3,913,733",6,94,POSIZIONAMENTO DA PREBOX A BDP,1,"3,805,406",65,101,217,0,PRE-BOX-03,PRE_BOX,AREA PRE-BOX PLANT2,2,M3-CL-07,S_CANT,Cantilever M3,-,358,429,37,9/11/2022 17:16,9/11/2022 18:06,9/11/2022 18:29,23,"1,385,914","1,309,789",0,0,0,0,1,1,,,,,,9/11/2022 18:27,21,391
2562123391,"3,913,127",6,60,POSIZIONAMENTO INTERI,1,"3,805,373",43,114,496,0,M3-98C-01,STOCK,PIAZZALE LATO NORD,9,M3-BO-251,S_CA,BOX PRONTI CAMION,3,347,423,0,9/11/2022 14:02,9/11/2022 18:10,9/11/2022 18:16,6,"1,385,747","1,309,148","40,288,074","1,728,075","447,091",0,1,1,765264,BUILDTECH 2.0 CE WHITE NAT 60X60 RET,"2,786",,1,9/11/2022 18:15,4,304
2562120265,"3,913,911",6,60,POSIZIONAMENTO INTERI,2,"3,805,365",8,265,858,0,M1-CC-01,STOCK,MAGAZZINO COPERTO,4,M1-BO-181,S_CO,BOX PRONTI CONTAINER,1,219,723,0,9/11/2022 18:09,9/11/2022 18:10,9/11/2022 18:13,3,"1,385,938","1,305,690","40,282,573","1,728,473","461,863",0,9,9,765417,ONYX&MORE GOLDEN PORPHYRY STR 80X180 RET,"2,304",,4,9/11/2022 18:11,1,277
2562123410,"3,913,920",8,15,CARICO DA MAG AUTO,1,"3,805,370",34,242,416,0,MA-TE-PIC,OUT_AUTO_T,DEPOSITO TERRA USCITA MA,-,0,STOCK,0,-,1,230,5,9/11/2022 18:11,9/11/2022 18:13,9/11/2022 18:15,2,"1,385,948","1,309,166",0,0,0,0,1,1,765434,ONYX&MORE GOLDEN PORPHYRY STR 80X80 RET,114,320,1,9/11/2022 18:14,0,363
2562120265,"3,913,919",6,60,POSIZIONAMENTO INTERI,2,"3,805,377",8,265,858,0,M1-CC-01,STOCK,MAGAZZINO COPERTO,4,M1-BO-181,S_CO,BOX PRONTI CONTAINER,1,219,723,0,9/11/2022 18:11,9/11/2022 18:13,9/11/2022 18:17,4,"1,385,938","1,305,690","40,282,573","1,728,473","461,863",0,9,9,765417,ONYX&MORE GOLDEN PORPHYRY STR 80X180 RET,"2,304",,4,9/11/2022 18:16,2,277
2562123190,"3,913,928",8,15,CARICO DA MAG AUTO,1,"3,805,376",34,242,416,0,MA-TE-PIC,OUT_AUTO_T,DEPOSITO TERRA USCITA MA,-,0,STOCK,0,-,1,230,5,9/11/2022 18:14,9/11/2022 18:15,9/11/2022 18:16,1,"1,385,949","1,308,907",0,0,0,0,1,1,764059,POLICROMA BRECCIA MAT 6MM 60x120 RET,156,380,1,9/11/2022 18:15,0,363
2562123425,"3,913,135",6,60,POSIZIONAMENTO INTERI,1,"3,805,388",64,168,263,0,M0-C90-02,STOCK,PIAZZALE NUOVO,22,M3-BO-460,S_CA,BOX PRONTI CAMION,9,397,425,0,9/11/2022 14:03,9/11/2022 18:16,9/11/2022 18:21,5,"1,385,748","1,309,197","40,288,157","1,542,666","464,340",0,1,1,762195,AIRTECH BERLIN_RED STR 30X60 RET,"5,119",,1,9/11/2022 18:19,3,337
2562123784,"3,913,934",8,15,CARICO DA MAG AUTO,1,"3,805,382",34,242,416,0,MA-TE-PIC,OUT_AUTO_T,DEPOSITO TERRA USCITA MA,-,0,STOCK,0,-,1,230,5,9/11/2022 18:15,9/11/2022 18:16,9/11/2022 18:18,2,"1,385,950","1,309,578",0,0,0,0,1,1,768319,SENSI TAUPE SAND 60X120 RET,762,760,1,9/11/2022 18:17,1,363
2562123595,"3,913,140",6,60,POSIZIONAMENTO INTERI,1,"3,805,395",43,258,251,0,M0-B90-03,STOCK,PIAZZALE NUOVO,6,M3-BO-100,S_CA,BOX PRONTI CONTAINER,10,256,409,0,9/11/2022 14:05,9/11/2022 18:16,9/11/2022 18:25,8,"1,385,751","1,309,368","40,288,406","187,697","437,448",0,1,1,742083,STONES 2.0 BURL GRAY MATTE 60X120 RETT,"1,909",,1,9/11/2022 18:23,7,159
2562120265,"3,913,936",6,60,POSIZIONAMENTO INTERI,2,"3,805,385",8,265,858,0,M1-CC-01,STOCK,MAGAZZINO COPERTO,4,M1-BO-181,S_CO,BOX PRONTI CONTAINER,1,219,723,0,9/11/2022 18:16,9/11/2022 18:17,9/11/2022 18:21,3,"1,385,938","1,305,690","40,282,573","1,728,473","461,863",0,9,9,765417,ONYX&MORE GOLDEN PORPHYRY STR 80X180 RET,"2,304",,4,9/11/2022 18:19,1,277
2562123784,"3,913,939",8,15,CARICO DA MAG AUTO,1,"3,805,387",34,242,416,0,MA-TE-PIC,OUT_AUTO_T,DEPOSITO TERRA USCITA MA,-,0,STOCK,0,-,1,230,2,9/11/2022 18:17,9/11/2022 18:18,9/11/2022 18:20,2,"1,385,951","1,309,578",0,0,0,0,1,1,770970,"SENSI BY THUN TAUPE SAND NAT BS 4,6X60",302,460,1,9/11/2022 18:19,1,363
2562123895,"3,913,912",6,61,POSIZIONAMENTO DA STOCK A PICK_FTR,1,"3,805,400",39,200,288,0,M0-C70-01,STOCK,PIAZZALE NUOVO,2,M3-BO-480,S_CA,BOX PRONTI CAMION,11,402,422,0,9/11/2022 18:09,9/11/2022 18:19,9/11/2022 18:45,26,"1,385,776","1,309,696","40,288,945","2,598,128","461,259",45,0,1,774905,NATURE MOOD TUNDRA GLOS 6M 60X120 RT,938,750,1,9/11/2022 18:24,5,280
2562123435,"3,913,946",8,15,CARICO DA MAG AUTO,1,"3,805,390",34,242,416,0,MA-TE-PIC,OUT_AUTO_T,DEPOSITO TERRA USCITA MA,-,0,STOCK,0,-,1,230,4,9/11/2022 18:19,9/11/2022 18:20,9/11/2022 18:23,3,"1,385,952","1,309,189",0,0,0,0,1,1,738794,INDUSTRIAL TAUPE NAT 30x60 RET,302,520,1,9/11/2022 18:21,1,363
2562123675,"3,913,147",6,60,POSIZIONAMENTO INTERI,1,"3,805,399",64,168,299,0,M0-C88-03,STOCK,PIAZZALE NUOVO,3,0,STOCK,0,-,1,230,3,9/11/2022 14:06,9/11/2022 18:21,9/11/2022 18:27,6,"1,385,753","1,309,465","40,288,535","911,109","449,019",0,1,1,754016,NEUTRA 6.0 02 POLVERE 60X120 RETT,"1,850",,1,9/11/2022 18:24,3,238
2562120265,"3,913,944",6,60,POSIZIONAMENTO INTERI,1,"3,805,392",8,265,858,0,M1-CC-01,STOCK,MAGAZZINO COPERTO,4,M1-BO-181,S_CO,BOX PRONTI CONTAINER,1,219,723,0,9/11/2022 18:19,9/11/2022 18:21,9/11/2022 18:23,3,"1,385,938","1,305,690","40,282,573","1,728,473","461,863",0,9,9,765417,ONYX&MORE GOLDEN PORPHYRY STR 80X180 RET,"2,304",,4,9/11/2022 18:22,1,277
2562123439,"3,913,948",8,15,CARICO DA MAG AUTO,1,"3,805,401",34,242,416,0,MA-TE-PIC,OUT_AUTO_T,DEPOSITO TERRA USCITA MA,-,0,STOCK,0,-,1,230,4,9/11/2022 18:21,9/11/2022 18:23,9/11/2022 18:25,3,"1,385,954","1,309,193",0,0,0,0,1,1,745560,"WALKS 1.0 BEIGE SOFT BATTISCOPA 4,6X60",440,580,1,9/11/2022 18:24,1,363
2562120263,"3,913,901",6,60,POSIZIONAMENTO INTERI,2,"3,805,417",8,247,843,0,M1-BF-02,STOCK,MAGAZZINO COPERTO,3,M1-BO-181,S_CO,BOX PRONTI CONTAINER,1,219,723,0,9/11/2022 18:04,9/11/2022 18:23,9/11/2022 18:35,11,"1,385,940","1,305,688","40,282,566","1,728,472","461,662",0,4,4,765415,ONYX&MORE WHITE PORPHYRY STR 80X180 RET,"2,304",,4,9/11/2022 18:33,9,254
2562123313,"3,913,955",8,15,CARICO DA MAG AUTO,1,"3,805,405",34,242,416,0,MA-TE-PIC,OUT_AUTO_T,DEPOSITO TERRA USCITA MA,-,0,STOCK,0,-,1,230,5,9/11/2022 18:24,9/11/2022 18:25,9/11/2022 18:27,1,"1,385,955","1,309,067",0,0,0,0,1,1,761778,ETOILE ILLUSION GLO 6MM 60X120 RET,94,340,1,9/11/2022 18:26,1,363
2562123595,"3,913,141",6,60,POSIZIONAMENTO INTERI,2,"3,805,416",64,173,252,0,M0-C90-03,STOCK,PIAZZALE NUOVO,23,M3-BO-100,S_CA,BOX PRONTI CONTAINER,10,256,409,0,9/11/2022 14:05,9/11/2022 18:27,9/11/2022 18:34,7,"1,385,750","1,309,368","40,288,407","187,696","437,502",0,2,2,742082,STONES 2.0 BURL WHITE MATTE 60X120 RETT,"1,909",,1,9/11/2022 18:32,5,185
2562122919,"3,913,958",8,15,CARICO DA MAG AUTO,1,"3,805,408",34,242,416,0,MA-TE-PIC,OUT_AUTO_T,DEPOSITO TERRA USCITA MA,-,0,STOCK,0,-,1,230,1,9/11/2022 18:26,9/11/2022 18:27,9/11/2022 18:29,2,"1,385,956","1,308,601",0,0,0,0,1,1,752189,RAWTECH RAW-COAL NAT 80X80 RET,"1,091","1,010",1,9/11/2022 18:28,1,363
2562123601,"3,913,960",8,15,CARICO DA MAG AUTO,1,"3,805,411",34,242,416,0,MA-TE-PIC,OUT_AUTO_T,DEPOSITO TERRA USCITA MA,-,0,STOCK,0,-,1,230,5,9/11/2022 18:26,9/11/2022 18:29,9/11/2022 18:30,2,"1,385,957","1,309,392",0,0,0,0,1,1,770364,"ORIGINES DE REX O.DOREE GLO BS 4,6X60",454,780,1,9/11/2022 18:29,1,363
2562121934,"3,913,921",6,93,POSIZIONAMENTO DA PREBOX A BDP FLORIM STONE,1,"3,805,413",65,243,286,0,PRE-BO-M09,PRE_BOX,AREA PRE-BOX M0,5,BOXFITCAV,S_GL,BOX FITTIZIO CAVALLETTI,21,282,358,0,9/11/2022 18:13,9/11/2022 18:29,9/11/2022 18:32,3,"1,385,943","1,307,651",0,0,0,0,3,3,,,,,,9/11/2022 18:31,2,97
2562123425,"3,913,964",8,15,CARICO DA MAG AUTO,1,"3,805,415",34,242,416,0,MA-TE-PIC,OUT_AUTO_T,DEPOSITO TERRA USCITA MA,-,M3-BO-460,S_CA,BOX PRONTI CAMION,9,397,425,0,9/11/2022 18:29,9/11/2022 18:31,9/11/2022 18:34,3,"1,385,958","1,309,197",0,0,0,0,1,1,762199,AIRTECH STOCKHOLM_GREIGE STR 30X60 RET,919,800,1,9/11/2022 18:31,1,185
2562121934,"3,913,968",6,93,POSIZIONAMENTO DA PREBOX A BDP FLORIM STONE,1,"3,805,418",65,243,286,0,PRE-BO-M09,PRE_BOX,AREA PRE-BOX M0,5,M0-BO-02,S_GL,BOX PRONTI CAVALLETTI,1,243,320,0,9/11/2022 18:31,9/11/2022 18:32,9/11/2022 18:34,2,"1,385,943","1,307,651",0,0,0,0,3,3,,,,,,9/11/2022 18:33,1,35
2562121934,"3,913,971",6,93,POSIZIONAMENTO DA PREBOX A BDP FLORIM STONE,1,"3,805,425",65,243,286,0,PRE-BO-M09,PRE_BOX,AREA PRE-BOX M0,5,M0-BO-02,S_GL,BOX PRONTI CAVALLETTI,1,243,320,0,9/11/2022 18:33,9/11/2022 18:34,9/11/2022 18:36,2,"1,385,943","1,307,651",0,0,0,0,3,3,,,,,,9/11/2022 18:35,1,35
2562123895,"3,913,648",6,60,POSIZIONAMENTO INTERI,1,"3,805,430",64,305,320,0,M0-B28-03,STOCK,PIAZZALE NUOVO,17,M3-BO-480,S_CA,BOX PRONTI CAMION,11,402,422,0,9/11/2022 16:44,9/11/2022 18:34,9/11/2022 18:38,4,"1,385,772","1,309,696","40,288,939","1,727,980","461,850",0,3,3,765277,BUILDTECH 2.0 CE BONE R+PTV 60X60 RET,"2,560",,1,9/11/2022 18:36,2,175
2562120263,"3,913,970",6,60,POSIZIONAMENTO INTERI,2,"3,805,426",8,247,843,0,M1-BF-02,STOCK,MAGAZZINO COPERTO,3,M1-BO-181,S_CO,BOX PRONTI CONTAINER,2,217,723,0,9/11/2022 18:33,9/11/2022 18:35,9/11/2022 18:37,2,"1,385,940","1,305,688","40,282,566","1,728,472","461,662",0,4,4,765415,ONYX&MORE WHITE PORPHYRY STR 80X180 RET,"2,304",,4,9/11/2022 18:35,1,252
2562121934,"3,913,922",6,93,POSIZIONAMENTO DA PREBOX A BDP FLORIM STONE,1,"3,805,437",65,256,286,0,PRE-BO-M09,PRE_BOX,AREA PRE-BOX M0,1,BOXFITCAV,S_GL,BOX FITTIZIO CAVALLETTI,21,282,358,0,9/11/2022 18:13,9/11/2022 18:36,9/11/2022 18:40,4,"1,385,944","1,307,651",0,0,0,0,1,1,,,,,,9/11/2022 18:38,2,83
2562120263,"3,913,902",6,60,POSIZIONAMENTO INTERI,1,"3,805,450",8,274,858,0,M1-CC-01,STOCK,MAGAZZINO COPERTO,8,M1-BO-181,S_CO,BOX PRONTI CONTAINER,2,217,723,0,9/11/2022 18:04,9/11/2022 18:37,9/11/2022 18:43,6,"1,385,941","1,305,688","40,282,566","1,728,472","461,662",0,1,1,765415,ONYX&MORE WHITE PORPHYRY STR 80X180 RET,"2,304",,4,9/11/2022 18:42,5,284
2562123237,"3,913,184",6,60,POSIZIONAMENTO INTERI,1,"3,805,445",64,168,257,0,M0-C90-02,STOCK,PIAZZALE NUOVO,18,M3-BO-460,S_CA,BOX PRONTI CAMION,1,398,436,0,9/11/2022 14:11,9/11/2022 18:38,9/11/2022 18:43,4,"1,385,779","1,308,975","40,287,824","1,177,785","464,631",0,2,2,757064,FLOWTECH RUSSET NAT.80X80 RET,"1,997",,1,9/11/2022 18:41,3,330
2562123675,"3,913,882",5,15,CARICO DA MAG AUTO,1,"3,805,440",34,246,426,0,MA-RUL-PIC,OUT_AUTO,RULLIERA PICKING MAGAUTO,-,0,STOCK,0,-,1,230,2,9/11/2022 17:55,9/11/2022 18:38,9/11/2022 18:40,2,"1,385,960","1,309,465",0,0,0,0,1,1,754019,NEUTRA 6.0 05 QUARZO 60X120 RETT,234,460,1,9/11/2022 18:39,1,367
2562121934,"3,913,923",6,93,POSIZIONAMENTO DA PREBOX A BDP FLORIM STONE,1,"3,805,447",65,246,286,0,PRE-BO-M09,PRE_BOX,AREA PRE-BOX M0,4,M0-BO-03,S_GL,BOX PRONTI CAVALLETTI,4,246,315,0,9/11/2022 18:13,9/11/2022 18:40,9/11/2022 18:42,2,"1,385,945","1,307,651",0,0,0,0,1,1,,,,,,9/11/2022 18:41,1,31
2562123572,"3,913,884",5,15,CARICO DA MAG AUTO,1,"3,805,444",34,246,426,0,MA-RUL-PIC,OUT_AUTO,RULLIERA PICKING MAGAUTO,-,0,STOCK,0,-,1,230,5,9/11/2022 17:56,9/11/2022 18:40,9/11/2022 18:42,2,"1,385,961","1,309,344",0,0,0,0,1,1,735638,"VETRO METALLI COBALTO 4,5 mm",19,280,7,9/11/2022 18:41,1,367
2562123336,"3,913,885",5,15,CARICO DA MAG AUTO,1,"3,805,451",34,246,426,0,MA-RUL-PIC,OUT_AUTO,RULLIERA PICKING MAGAUTO,-,0,STOCK,0,-,1,230,2,9/11/2022 17:57,9/11/2022 18:42,9/11/2022 18:43,2,"1,385,962","1,309,097",0,0,0,0,1,1,761182,STONTECH 4.0 STONE_05 40x80 RET,132,400,7,9/11/2022 18:42,1,367
2562121934,"3,913,924",6,93,POSIZIONAMENTO DA PREBOX A BDP FLORIM STONE,1,"3,805,454",65,256,266,0,PRE-BO-M13,PRE_BOX,AREA PRE-BOX M0,1,M0-BO-03,S_GL,BOX PRONTI CAVALLETTI,4,246,315,0,9/11/2022 18:13,9/11/2022 18:42,9/11/2022 18:47,5,"1,385,946","1,307,651",0,0,0,0,1,1,,,,,,9/11/2022 18:44,1,64
2562123237,"3,913,988",6,60,POSIZIONAMENTO INTERI,1,"3,805,456",64,168,257,0,M0-C90-02,STOCK,PIAZZALE NUOVO,18,M3-BO-460,S_CA,BOX PRONTI CAMION,1,398,436,0,9/11/2022 18:41,9/11/2022 18:43,9/11/2022 18:46,4,"1,385,779","1,308,975","40,287,824","1,177,785","464,631",0,2,2,757064,FLOWTECH RUSSET NAT.80X80 RET,"1,997",,1,9/11/2022 18:44,2,330
2562123515,"3,913,886",5,15,CARICO DA MAG AUTO,1,"3,805,455",34,246,426,0,MA-RUL-PIC,OUT_AUTO,RULLIERA PICKING MAGAUTO,-,0,STOCK,0,-,1,230,5,9/11/2022 17:59,9/11/2022 18:43,9/11/2022 18:45,1,"1,385,963","1,309,287",0,0,0,0,1,1,768292,SENSI WHITE LITHOS 60X120 RET,92,340,1,9/11/2022 18:44,0,367
2562120263,"3,913,903",6,60,POSIZIONAMENTO INTERI,2,"3,805,459",8,273,846,0,M1-CE-01,STOCK,MAGAZZINO COPERTO,8,M1-BO-181,S_CO,BOX PRONTI CONTAINER,2,217,723,0,9/11/2022 18:04,9/11/2022 18:43,9/11/2022 18:48,4,"1,385,939","1,305,688","40,282,566","1,728,472","461,662",0,4,4,765415,ONYX&MORE WHITE PORPHYRY STR 80X180 RET,"2,304",,4,9/11/2022 18:45,2,271
2562122786,"3,913,888",5,15,CARICO DA MAG AUTO,1,"3,805,460",34,246,426,0,MA-RUL-PIC,OUT_AUTO,RULLIERA PICKING MAGAUTO,-,0,STOCK,0,-,1,230,5,9/11/2022 18:00,9/11/2022 18:45,9/11/2022 18:46,2,"1,385,964","1,308,450",0,0,0,0,1,1,768292,SENSI WHITE LITHOS 60X120 RET,90,320,1,9/11/2022 18:45,1,367
2562123895,"3,913,954",6,61,POSIZIONAMENTO DA STOCK A PICK_FTR,1,"3,805,464",39,316,474,0,M3-44B-02,STOCK,PIAZZALE LATO NORD,13,0,STOCK,0,-,1,230,5,9/11/2022 18:24,9/11/2022 18:45,9/11/2022 18:49,3,"1,385,762","1,309,696","40,288,942","585,730","461,437",10,0,1,749115,BUILDTECH GG WHITE NAT 30X60 RET,213,750,1,9/11/2022 18:47,2,500
2562123270,"3,913,983",5,15,CARICO DA MAG AUTO,1,"3,805,463",34,246,426,0,MA-RUL-PIC,OUT_AUTO,RULLIERA PICKING MAGAUTO,-,0,STOCK,0,-,1,230,4,9/11/2022 18:39,9/11/2022 18:46,9/11/2022 18:48,2,"1,385,965","1,309,019",0,0,0,0,1,1,769818,REVES DE REX NOISETTE GLOSSY 60X120 RETT,513,600,1,9/11/2022 18:47,1,367
2562121502,"3,913,525",6,60,POSIZIONAMENTO INTERI,2,"3,805,469",64,322,349,0,M0-B08-03,STOCK,PIAZZALE NUOVO,36,M3-BO-480,S_CA,BOX PRONTI CAMION,3,401,410,0,9/11/2022 15:41,9/11/2022 18:46,9/11/2022 18:53,7,"1,385,276","1,307,058","40,284,773","1,741,020","230,878",0,19,19,766594,B&W_MARBLE PEBBLE HIGH-GLOSSY 30X60 RET,"5,806",,1,9/11/2022 18:49,3,121
2562121934,"3,913,925",6,93,POSIZIONAMENTO DA PREBOX A BDP FLORIM STONE,1,"3,805,480",65,229,266,0,PRE-BO-M31,PRE_BOX,AREA PRE-BOX M0,2,M3-BO-260,S_GL,BOX PRONTI CAVALLETTI,4,362,399,0,9/11/2022 18:13,9/11/2022 18:47,9/11/2022 18:54,7,"1,385,947","1,307,651",0,0,0,0,1,1,,,,,,9/11/2022 18:53,6,284
2562123231,"3,913,987",5,15,CARICO DA MAG AUTO,1,"3,805,466",34,246,426,0,MA-RUL-PIC,OUT_AUTO,RULLIERA PICKING MAGAUTO,-,0,STOCK,0,-,1,230,5,9/11/2022 18:41,9/11/2022 18:48,9/11/2022 18:50,2,"1,385,983","1,308,964",0,0,0,0,1,1,738813,INDUSTRIAL TAUPE SOFT 60x60 RET,726,780,1,9/11/2022 18:49,1,367
2562120263,"3,913,996",6,60,POSIZIONAMENTO INTERI,2,"3,805,467",8,273,846,0,M1-CE-01,STOCK,MAGAZZINO COPERTO,8,M1-BO-181,S_CO,BOX PRONTI CONTAINER,2,217,723,0,9/11/2022 18:46,9/11/2022 18:48,9/11/2022 18:50,2,"1,385,939","1,305,688","40,282,566","1,728,472","461,662",0,4,4,765415,ONYX&MORE WHITE PORPHYRY STR 80X180 RET,"2,304",,4,9/11/2022 18:49,1,271
2562123895,"3,914,000",6,61,POSIZIONAMENTO DA STOCK A PICK_FTR,1,"3,805,488",39,134,482,0,M3-60B-02,STOCK,PIAZZALE LATO NORD,42,0,STOCK,0,-,1,230,5,9/11/2022 18:47,9/11/2022 18:49,9/11/2022 19:01,12,"1,385,766","1,309,696","40,288,944","1,904,321","456,845",9,0,1,768516,MATIERES DE REX BRUN STR 20MM 60X120 RET,290,750,1,9/11/2022 18:57,8,292
2562123637,"3,913,997",5,15,CARICO DA MAG AUTO,1,"3,805,472",34,246,426,0,MA-RUL-PIC,OUT_AUTO,RULLIERA PICKING MAGAUTO,-,0,STOCK,0,-,1,230,4,9/11/2022 18:46,9/11/2022 18:50,9/11/2022 18:52,1,"1,386,006","1,309,417",0,0,0,0,1,1,738121,SELECTION WHITE OAK GRADINO 40X120X3,24,280,1,9/11/2022 18:51,1,367
2562123510,"3,913,999",5,15,CARICO DA MAG AUTO,1,"3,805,478",34,246,426,0,MA-RUL-PIC,OUT_AUTO,RULLIERA PICKING MAGAUTO,-,0,STOCK,0,-,1,230,5,9/11/2022 18:47,9/11/2022 18:52,9/11/2022 18:54,2,"1,386,008","1,309,280",0,0,0,0,1,1,755687,PLANCHES DE REX AMANDE DEC 80X80 RET,89,260,1,9/11/2022 18:52,1,367
2562121502,"3,914,034",6,60,POSIZIONAMENTO INTERI,2,"3,805,490",64,322,349,0,M0-B08-03,STOCK,PIAZZALE NUOVO,36,M3-BO-480,S_CA,BOX PRONTI CAMION,3,401,410,0,9/11/2022 18:50,9/11/2022 18:53,9/11/2022 19:02,9,"1,385,276","1,307,058","40,284,773","1,741,020","230,878",0,19,19,766594,B&W_MARBLE PEBBLE HIGH-GLOSSY 30X60 RET,"5,806",,1,9/11/2022 18:57,4,121
2562123508,"3,914,017",5,15,CARICO DA MAG AUTO,1,"3,805,481",34,246,426,0,MA-RUL-PIC,OUT_AUTO,RULLIERA PICKING MAGAUTO,-,0,STOCK,0,-,1,230,5,9/11/2022 18:49,9/11/2022 18:54,9/11/2022 18:55,2,"1,386,009","1,309,278",0,0,0,0,1,1,767690,"ONYX&MORE GOLDEN PORPHYRY STR BS 4,6X60",17,220,7,9/11/2022 18:54,1,367
2562123979,"3,914,031",6,94,POSIZIONAMENTO DA PREBOX A BDP,1,"3,805,505",65,168,217,0,PRE-BOX-3B,PRE_BOX,AREA PRE-BOX PLANT2,2,M3-CL-03,S_CANT,Cantilever M3,-,370,411,3187,9/11/2022 18:49,9/11/2022 18:57,9/11/2022 19:09,12,"1,385,991","1,309,774",0,0,0,0,1,1,,,,,,9/11/2022 19:07,10,350
2562123270,"3,914,058",5,15,CARICO DA MAG AUTO,1,"3,805,494",34,246,426,0,MA-RUL-PIC,OUT_AUTO,RULLIERA PICKING MAGAUTO,-,0,STOCK,0,-,1,230,1,9/11/2022 18:57,9/11/2022 18:57,9/11/2022 19:02,5,"1,386,010","1,309,019",0,0,0,0,1,1,766362,BIJOUX ONYX BLANCHE MATTE 80x80 RETT,982,"1,000",1,9/11/2022 19:01,4,367
2562123895,"3,914,060",6,61,POSIZIONAMENTO DA STOCK A PICK_FTR,1,"3,805,500",39,116,484,0,M3-61B-02,STOCK,PIAZZALE LATO NORD,31,0,STOCK,0,-,1,230,5,9/11/2022 18:57,9/11/2022 19:01,9/11/2022 19:06,5,"1,385,763","1,309,696","40,288,938","1,145,701","460,094",15,0,1,755568,B&W BLACK HIGH-GLO 60X120 RET,427,750,1,9/11/2022 19:03,2,262
2562123734,"3,914,063",5,15,CARICO DA MAG AUTO,1,"3,805,498",34,246,426,0,MA-RUL-PIC,OUT_AUTO,RULLIERA PICKING MAGAUTO,-,0,STOCK,0,-,1,230,4,9/11/2022 18:58,9/11/2022 19:02,9/11/2022 19:03,2,"1,386,011","1,309,527",0,0,0,0,1,1,738720,ARDOISE GRIS 40X80 RET,352,580,1,9/11/2022 19:03,1,367
2562122996,"3,914,067",6,61,POSIZIONAMENTO DA STOCK A PICK_FTR,1,"3,805,502",45,296,830,0,M1-CH-02,STOCK,MAGAZZINO COPERTO,11,M1-PIK-P12,PICK_FTR,PICKING MANUALE M1,1,241,747,0,9/11/2022 19:01,9/11/2022 19:02,9/11/2022 19:09,7,"1,385,459","1,308,677","40,287,405","187,542","368,863",3,0,1,741845,STONES 2.0 CALACATTA SMOOTH 80X180 RETT.,0,232,4,9/11/2022 19:04,2,125
2562121502,"3,914,061",6,60,POSIZIONAMENTO INTERI,2,"3,805,554",64,322,349,0,M0-B08-03,STOCK,PIAZZALE NUOVO,36,M3-BO-480,S_CA,BOX PRONTI CAMION,3,401,410,0,9/11/2022 18:58,9/11/2022 19:02,9/11/2022 19:28,26,"1,385,276","1,307,058","40,284,773","1,741,020","230,878",0,19,19,766594,B&W_MARBLE PEBBLE HIGH-GLOSSY 30X60 RET,"5,806",,1,9/11/2022 19:25,22,121
2562123447,"3,914,074",5,15,CARICO DA MAG AUTO,1,"3,805,503",34,246,426,0,MA-RUL-PIC,OUT_AUTO,RULLIERA PICKING MAGAUTO,-,0,STOCK,0,-,1,230,5,9/11/2022 19:04,9/11/2022 19:04,9/11/2022 19:07,2,"1,386,012","1,309,202",0,0,0,0,1,1,768356,SENSI WHITE DUST 80x80 RETT,600,740,1,9/11/2022 19:06,2,367
2562123895,"3,914,072",6,61,POSIZIONAMENTO DA STOCK A PICK_FTR,1,"3,805,507",39,98,492,0,M3-65A-90,STOCK,PIAZZALE LATO NORD,1,0,STOCK,0,-,1,230,5,9/11/2022 19:03,9/11/2022 19:06,9/11/2022 19:12,6,"1,385,765","1,309,696","40,288,940","1,728,057","461,731",5,0,1,765246,BUILDTECH 2.0 CE MUD NAT 80X80 RET,126,950,1,9/11/2022 19:09,3,279
2562123610,"3,914,075",5,15,CARICO DA MAG AUTO,1,"3,805,506",34,246,426,0,MA-RUL-PIC,OUT_AUTO,RULLIERA PICKING MAGAUTO,-,0,STOCK,0,-,1,230,5,9/11/2022 19:06,9/11/2022 19:07,9/11/2022 19:08,2,"1,386,013","1,309,393",0,0,0,0,1,1,752188,RAWTECH RAW-WHITE NAT 80X80 RET,595,680,1,9/11/2022 19:07,1,367
2562124147,"3,914,043",6,94,POSIZIONAMENTO DA PREBOX A BDP,1,"3,805,515",65,168,217,0,PRE-BOX-3B,PRE_BOX,AREA PRE-BOX PLANT2,2,M3-CL-03,S_CANT,Cantilever M3,-,373,411,1987,9/11/2022 18:50,9/11/2022 19:09,9/11/2022 19:13,4,"1,386,002","1,309,957",0,0,0,0,1,1,,,,,,9/11/2022 19:13,4,353
2562123447,"3,914,077",5,15,CARICO DA MAG AUTO,1,"3,805,513",34,246,426,0,MA-RUL-PIC,OUT_AUTO,RULLIERA PICKING MAGAUTO,-,0,STOCK,0,-,1,230,5,9/11/2022 19:09,9/11/2022 19:09,9/11/2022 19:12,3,"1,386,014","1,309,202",0,0,0,0,1,1,768290,SENSI WHITE DUST 60X120 RET,78,280,1,9/11/2022 19:11,2,367
2562122851,"3,914,050",0,63,POSIZIONAMENTO DA PICK_CLD A BOX,1,"3,805,517",45,239,746,0,M1-PIK-F11,PICK_CLD,PICKING MANUALE M1,1,M3-BO-520,S_CA,BOX PRONTI CAMION,11,411,428,0,9/11/2022 18:53,9/11/2022 19:12,9/11/2022 19:14,2,"1,386,007","1,308,694",0,0,0,0,1,1,756204,STONES 2.0 CALACAT.BLACK GLOSSY 80X180RT,538,370,4,9/11/2022 19:13,1,355
2562123645,"3,914,083",5,15,CARICO DA MAG AUTO,1,"3,805,518",34,246,426,0,MA-RUL-PIC,OUT_AUTO,RULLIERA PICKING MAGAUTO,-,0,STOCK,0,-,1,230,2,9/11/2022 19:12,9/11/2022 19:12,9/11/2022 19:14,2,"1,386,015","1,309,425",0,0,0,0,1,1,738814,INDUSTRIAL MOKA SOFT 60x60 RET,257,440,1,9/11/2022 19:13,1,367
2562123783,"3,912,859",6,94,POSIZIONAMENTO DA PREBOX A BDP,1,"3,805,607",65,390,393,0,0,STOCK,0,-,M3-CL-04,S_CANT,Cantilever M3,-,368,417,2012,9/11/2022 12:11,9/11/2022 19:13,9/11/2022 19:51,38,"1,385,675","1,309,575",0,0,0,0,1,1,,,,,,9/11/2022 19:51,37,38
2562123447,"3,914,091",5,15,CARICO DA MAG AUTO,1,"3,805,526",34,246,426,0,MA-RUL-PIC,OUT_AUTO,RULLIERA PICKING MAGAUTO,-,0,STOCK,0,-,1,230,2,9/11/2022 19:15,9/11/2022 19:15,9/11/2022 19:17,2,"1,386,016","1,309,202",0,0,0,0,1,1,769082,"SENSI BY THUN WHITE NAT MOSAICO 0,6X0,6",42,400,1,9/11/2022 19:16,1,367
2562123528,"3,913,952",0,63,POSIZIONAMENTO DA PICK_CLD A BOX,1,"3,805,529",45,233,746,0,M1-PICK-F9,PICK_CLD,PICKING MANUALE M1,1,M3-BO-520,S_CA,BOX PRONTI CAMION,3,410,412,0,9/11/2022 18:22,9/11/2022 19:16,9/11/2022 19:19,2,"1,385,953","1,309,298",0,0,0,0,1,1,774600,HERITAGE LUXE EMERALD GLOSSY 80X180 RET,119,205,4,9/11/2022 19:18,2,362
2562123446,"3,914,094",5,15,CARICO DA MAG AUTO,1,"3,805,532",34,246,426,0,MA-RUL-PIC,OUT_AUTO,RULLIERA PICKING MAGAUTO,-,0,STOCK,0,-,1,230,2,9/11/2022 19:17,9/11/2022 19:17,9/11/2022 19:19,2,"1,386,017","1,309,201",0,0,0,0,1,1,769812,REVES DE REX PERLE MATTE 60X120 RETT,63,320,1,9/11/2022 19:18,1,367
2562123849,"3,914,107",5,15,CARICO DA MAG AUTO,1,"3,805,549",34,246,426,0,MA-RUL-PIC,OUT_AUTO,RULLIERA PICKING MAGAUTO,-,0,STOCK,0,-,1,230,2,9/11/2022 19:20,9/11/2022 19:20,9/11/2022 19:23,3,"1,386,018","1,309,648",0,0,0,0,1,1,752725,MATRICE ESSENZA 6MM 60X120 RET,213,400,1,9/11/2022 19:22,2,367
2562123364,"3,914,105",6,61,POSIZIONAMENTO DA STOCK A PICK_FTR,1,"3,805,561",45,314,820,0,M1-CJ-10,STOCK,MAGAZZINO COPERTO,2,M1-PIK-P10,PICK_FTR,PICKING MANUALE M1,1,236,747,0,9/11/2022 19:20,9/11/2022 19:21,9/11/2022 19:28,7,"1,385,466","1,309,126","40,288,051","2,592,244","430,450",1,0,1,774646,NATURE MOOD RAINFOREST COMFORT 80X180RET,0,178,4,9/11/2022 19:27,6,130
2562123170,"3,914,085",6,61,POSIZIONAMENTO DA STOCK A PICK_FTR,1,"3,805,578",45,308,830,0,M1-CH-02,STOCK,MAGAZZINO COPERTO,5,M1-PIK-P11,PICK_FTR,PICKING MANUALE M1,1,239,747,0,9/11/2022 19:13,9/11/2022 19:28,9/11/2022 19:35,7,"1,385,470","1,308,884","40,287,683","2,182,090","392,659",1,0,1,770433,LES ORIGINES DE REX OR MAT 80X180 RET,0,178,4,9/11/2022 19:33,6,172
2562121502,"3,914,119",6,60,POSIZIONAMENTO INTERI,2,"3,805,577",64,322,349,0,M0-B08-03,STOCK,PIAZZALE NUOVO,36,M3-BO-480,S_CA,BOX PRONTI CAMION,3,401,410,0,9/11/2022 19:25,9/11/2022 19:28,9/11/2022 19:37,9,"1,385,276","1,307,058","40,284,773","1,741,020","230,878",0,19,19,766594,B&W_MARBLE PEBBLE HIGH-GLOSSY 30X60 RET,"5,806",,1,9/11/2022 19:33,5,121
2562123440,"3,914,129",5,15,CARICO DA MAG AUTO,1,"3,805,576",34,246,426,0,MA-RUL-PIC,OUT_AUTO,RULLIERA PICKING MAGAUTO,-,0,STOCK,0,-,1,230,4,9/11/2022 19:29,9/11/2022 19:29,9/11/2022 19:34,5,"1,386,022","1,309,196",0,0,0,0,1,1,761681,ETOILE CREME GLOSSY 60x120 RET,539,600,1,9/11/2022 19:33,4,367
2562123306,"3,914,134",5,15,CARICO DA MAG AUTO,1,"3,805,580",34,246,426,0,MA-RUL-PIC,OUT_AUTO,RULLIERA PICKING MAGAUTO,-,0,STOCK,0,-,1,230,2,9/11/2022 19:30,9/11/2022 19:34,9/11/2022 19:36,2,"1,386,023","1,309,057",0,0,0,0,1,1,748510,I CLASSICI DEC.WO.BLACK 20X120 RET,190,400,1,9/11/2022 19:35,1,367
2562122727,"3,914,097",6,61,POSIZIONAMENTO DA STOCK A PICK_FTR,1,"3,805,588",45,258,833,0,M1-CH-01,STOCK,MAGAZZINO COPERTO,11,M1-PICK-P9,PICK_FTR,PICKING MANUALE M1,1,233,747,0,9/11/2022 19:18,9/11/2022 19:35,9/11/2022 19:40,4,"1,385,744","1,308,398","40,286,951","1,154,277","446,769",4,0,1,756200,STONES 2.0 AMANI BRONZE MATTE 80X180 RET,0,232,4,9/11/2022 19:39,4,130
2562122369,"3,914,142",5,15,CARICO DA MAG AUTO,1,"3,805,582",34,246,426,0,MA-RUL-PIC,OUT_AUTO,RULLIERA PICKING MAGAUTO,-,0,STOCK,0,-,1,230,3,9/11/2022 19:35,9/11/2022 19:36,9/11/2022 19:37,2,"1,386,024","1,308,023",0,0,0,0,1,1,758198,"AIRTECH LONDON_BLACK STR 20MM 20,2X30,4",199,420,1,9/11/2022 19:36,1,367
2562123520,"3,914,138",0,63,POSIZIONAMENTO DA PICK_CLD A BOX,1,"3,805,585",39,415,376,0,M3-PICK-F5,PICK_CLD,PICKING MANUALE M3,1,0,STOCK,0,-,1,230,1,9/11/2022 19:32,9/11/2022 19:36,9/11/2022 19:39,3,"1,386,021","1,309,291",0,0,0,0,1,1,771521,*ARTWORK MACRO CARPISA MAT 80X80 RET,"1,131",950,1,9/11/2022 19:37,1,486
2562118187,"3,914,144",5,15,CARICO DA MAG AUTO,1,"3,805,587",34,246,426,0,MA-RUL-PIC,OUT_AUTO,RULLIERA PICKING MAGAUTO,-,0,STOCK,0,-,1,230,5,9/11/2022 19:36,9/11/2022 19:37,9/11/2022 19:38,1,"1,386,025","1,303,382",0,0,0,0,1,1,753296,I CLASSICI CAL.GOLD MATTE 60x120 RET,602,660,1,9/11/2022 19:38,1,367
2562123571,"3,914,150",5,15,CARICO DA MAG AUTO,1,"3,805,589",34,246,426,0,MA-RUL-PIC,OUT_AUTO,RULLIERA PICKING MAGAUTO,-,0,STOCK,0,-,1,230,5,9/11/2022 19:38,9/11/2022 19:39,9/11/2022 19:40,2,"1,386,026","1,309,343",0,0,0,0,1,1,773336,ATMOSPHERES HARMO PAT SMOOTH 60X120 RET,636,680,1,9/11/2022 19:39,1,367
2562123342,"3,914,156",5,15,CARICO DA MAG AUTO,1,"3,805,600",34,246,426,0,MA-RUL-PIC,OUT_AUTO,RULLIERA PICKING MAGAUTO,-,0,STOCK,0,-,1,230,2,9/11/2022 19:44,9/11/2022 19:44,9/11/2022 19:47,4,"1,386,027","1,309,102",0,0,0,0,1,1,738665,INDUSTRIAL TAUPE SOFT 80x80 RET,327,480,1,9/11/2022 19:47,3,367
2562123351,"3,914,164",5,15,CARICO DA MAG AUTO,1,"3,805,606",34,246,426,0,MA-RUL-PIC,OUT_AUTO,RULLIERA PICKING MAGAUTO,-,0,STOCK,0,-,1,230,5,9/11/2022 19:48,9/11/2022 19:50,9/11/2022 19:52,1,"1,386,028","1,309,112",0,0,0,0,1,1,756236,STONES 2.0 CALACAT.BLACK SMOOTH 60X60 RT,633,740,1,9/11/2022 19:51,0,367
2562123944,"3,914,024",6,94,POSIZIONAMENTO DA PREBOX A BDP,1,"3,806,081",65,171,217,0,PRE-BOX-3B,PRE_BOX,AREA PRE-BOX PLANT2,3,M3-CL-03,S_CANT,Cantilever M3,-,359,412,1477,9/11/2022 18:49,9/11/2022 19:51,10/11/2022 5:22,570,"1,385,987","1,309,742",0,0,0,0,1,1,,,,,,10/11/2022 5:15,564,353
2562121541,"3,911,671",6,60,POSIZIONAMENTO INTERI,1,"3,804,742",8,240,895,0,M1-K1F-01,STOCK,PIAZZALE LATO SUD,8,M3-BO-22,S_CO,BOX PRONTI CONTAINER,1,163,390,0,9/11/2022 5:09,9/11/2022 5:09,9/11/2022 14:25,556,"1,385,267","1,307,098","40,284,823","1,146,436","422,406",0,5,5,755702,PLANCHES DE REX NOISETTE  20x180 RET,"5,380",,4,9/11/2022 14:24,555,0
2562122714,"3,911,665",6,60,POSIZIONAMENTO INTERI,1,"3,803,310",95,262,329,0,M0-B88-02,STOCK,PIAZZALE NUOVO,1,M3-BO-13,S_CO,BOX PRONTI CONTAINER,6,194,373,0,9/11/2022 5:06,9/11/2022 5:11,9/11/2022 5:27,16,"1,385,264","1,308,385","40,286,931","2,104,704","462,612",0,3,3,769819,REVES DE REX CHOCO GLOSSY 60X120 RETT,"1,706",,1,9/11/2022 5:26,15,103
2562122714,"3,911,717",5,15,CARICO DA MAG AUTO,1,"3,803,292",34,246,426,0,MA-RUL-PIC,OUT_AUTO,RULLIERA PICKING MAGAUTO,-,M3-BO-13,S_CO,BOX PRONTI CONTAINER,6,194,373,0,9/11/2022 5:18,9/11/2022 5:18,9/11/2022 5:20,2,"1,385,296","1,308,385",0,0,0,0,1,1,738803,INDUSTRIAL IVORY NAT 60x60 RET,929,800,1,9/11/2022 5:19,0,59
2562122714,"3,911,722",5,15,CARICO DA MAG AUTO,1,"3,803,297",34,246,426,0,MA-RUL-PIC,OUT_AUTO,RULLIERA PICKING MAGAUTO,-,M3-BO-13,S_CO,BOX PRONTI CONTAINER,6,194,373,0,9/11/2022 5:20,9/11/2022 5:21,9/11/2022 5:23,2,"1,385,298","1,308,385",0,0,0,0,1,1,738803,INDUSTRIAL IVORY NAT 60x60 RET,929,800,1,9/11/2022 5:22,1,59
2562122714,"3,911,727",5,15,CARICO DA MAG AUTO,1,"3,803,303",34,246,426,0,MA-RUL-PIC,OUT_AUTO,RULLIERA PICKING MAGAUTO,-,M3-BO-13,S_CO,BOX PRONTI CONTAINER,6,194,373,0,9/11/2022 5:23,9/11/2022 5:23,9/11/2022 5:25,2,"1,385,302","1,308,385",0,0,0,0,1,1,738803,INDUSTRIAL IVORY NAT 60x60 RET,929,800,1,9/11/2022 5:24,1,59
2562122714,"3,911,733",5,15,CARICO DA MAG AUTO,1,"3,803,309",34,246,426,0,MA-RUL-PIC,OUT_AUTO,RULLIERA PICKING MAGAUTO,-,M3-BO-13,S_CO,BOX PRONTI CONTAINER,6,194,373,0,9/11/2022 5:25,9/11/2022 5:25,9/11/2022 5:31,6,"1,385,304","1,308,385",0,0,0,0,1,1,738803,INDUSTRIAL IVORY NAT 60x60 RET,929,800,1,9/11/2022 5:26,1,59
2562122714,"3,911,740",6,60,POSIZIONAMENTO INTERI,1,"3,803,314",95,262,329,0,M0-B88-02,STOCK,PIAZZALE NUOVO,1,M3-BO-13,S_CO,BOX PRONTI CONTAINER,6,194,373,0,9/11/2022 5:26,9/11/2022 5:27,9/11/2022 5:47,20,"1,385,264","1,308,385","40,286,931","2,104,704","462,612",0,3,3,769819,REVES DE REX CHOCO GLOSSY 60X120 RETT,"1,706",,1,9/11/2022 5:27,0,103
2562122641,"3,911,676",6,60,POSIZIONAMENTO INTERI,1,"3,803,344",24,280,459,0,M3-48B-02,STOCK,PIAZZALE LATO NORD,3,M3-BO-06,S_CO,BOX PRONTI CONTAINER,1,233,378,0,9/11/2022 5:10,9/11/2022 5:34,9/11/2022 5:48,14,"1,385,268","1,308,305","40,286,761","2,104,628","454,103",0,4,4,769812,REVES DE REX PERLE MATTE 60X120 RETT,"1,901",,1,9/11/2022 5:38,4,96
2562121502,"3,911,750",5,15,CARICO DA MAG AUTO,1,"3,803,343",34,246,426,0,MA-RUL-PIC,OUT_AUTO,RULLIERA PICKING MAGAUTO,-,M3-BO-480,S_CA,BOX PRONTI CAMION,5,401,413,0,9/11/2022 5:30,9/11/2022 5:35,9/11/2022 5:37,2,"1,385,307","1,307,058",0,0,0,0,1,1,766594,B&W_MARBLE PEBBLE HIGH-GLOSSY 30X60 RET,968,780,1,9/11/2022 5:36,1,198
2562122920,"3,912,177",6,60,POSIZIONAMENTO INTERI,1,"3,803,993",24,260,483,0,M3-52A-90,STOCK,PIAZZALE LATO NORD,3,0,STOCK,0,-,1,230,3,9/11/2022 8:25,9/11/2022 9:46,9/11/2022 9:49,3,"1,385,443","1,308,602","40,287,262","814,617","441,238",0,1,1,752196,RAWTECH RAW-WHITE NAT 60X120 RET,"1,927",,1,9/11/2022 9:47,1,374
2562121493,"3,912,364",8,15,CARICO DA MAG AUTO,1,"3,804,000",34,242,416,0,MA-TE-PIC,OUT_AUTO_T,DEPOSITO TERRA USCITA MA,-,M3-BO-480,S_CA,BOX PRONTI CAMION,9,401,419,0,9/11/2022 9:46,9/11/2022 9:48,9/11/2022 9:52,4,"1,385,504","1,307,055",0,0,0,0,1,1,756223,STONES 2.0 ARABESC.WHITE GLOSSY 40X80 RT,513,600,1,9/11/2022 9:50,2,197
2562121493,"3,912,363",6,60,POSIZIONAMENTO INTERI,1,"3,804,005",58,91,328,0,M0-D88-08,STOCK,PIAZZALE NUOVO,5,M3-BO-480,S_CA,BOX PRONTI CAMION,14,402,426,0,9/11/2022 9:46,9/11/2022 9:49,9/11/2022 9:53,5,"1,385,441","1,307,055","40,284,764","1,154,282","179,226",0,11,11,756209,STONES 2.0 ARABESC.WHITE MATTE 80X80 RET,"2,381",,1,9/11/2022 9:51,2,356
2562123212,"3,912,180",6,60,POSIZIONAMENTO INTERI,1,"3,804,004",24,133,472,0,M3-60B-02,STOCK,PIAZZALE LATO NORD,35,0,STOCK,0,-,1,230,5,9/11/2022 8:26,9/11/2022 9:49,9/11/2022 9:53,5,"1,385,447","1,308,936","40,287,751","1,727,920","458,463",0,1,1,765232,BUILDTECH 2.0 CE WHITE NAT 60X120 RET,"1,685",,1,9/11/2022 9:51,2,282
2562121765,"3,912,369",6,94,POSIZIONAMENTO DA PREBOX A BDP,1,"3,804,013",65,131,194,0,PRE-BOX-8A,PRE_BOX,AREA PRE-BOX PLANT2,2,M3-CL-03,S_CANT,Cantilever M3,-,373,411,3807,9/11/2022 9:47,9/11/2022 9:50,9/11/2022 9:57,6,"1,385,503","1,309,489",0,0,0,0,1,1,,,,,,9/11/2022 9:53,3,402
2562122967,"3,912,378",8,15,CARICO DA MAG AUTO,1,"3,804,011",34,242,416,0,MA-TE-PIC,OUT_AUTO_T,DEPOSITO TERRA USCITA MA,-,0,STOCK,0,-,1,230,5,9/11/2022 9:50,9/11/2022 9:52,9/11/2022 9:54,2,"1,385,505","1,308,647",0,0,0,0,1,1,755473,B&W WHITE NATURALE 60X60 RET,88,360,1,9/11/2022 9:53,1,363
2562121493,"3,912,382",6,60,POSIZIONAMENTO INTERI,1,"3,804,021",58,91,328,0,M0-D88-08,STOCK,PIAZZALE NUOVO,5,M3-BO-480,S_CA,BOX PRONTI CAMION,9,401,419,0,9/11/2022 9:51,9/11/2022 9:53,9/11/2022 9:58,5,"1,385,441","1,307,055","40,284,764","1,154,282","179,226",0,11,11,756209,STONES 2.0 ARABESC.WHITE MATTE 80X80 RET,"2,381",,1,9/11/2022 9:56,3,367
2562122713,"3,912,387",8,15,CARICO DA MAG AUTO,1,"3,804,016",34,242,416,0,MA-TE-PIC,OUT_AUTO_T,DEPOSITO TERRA USCITA MA,-,0,STOCK,0,-,1,230,2,9/11/2022 9:53,9/11/2022 9:54,9/11/2022 9:55,2,"1,385,506","1,308,382",0,0,0,0,1,1,765957,ONYX&MORE GOLDEN BLEND SAT 6MM 60X120R,250,460,1,9/11/2022 9:55,1,363
2562123088,"3,912,391",8,15,CARICO DA MAG AUTO,1,"3,804,020",34,242,416,0,MA-TE-PIC,OUT_AUTO_T,DEPOSITO TERRA USCITA MA,-,0,STOCK,0,-,1,230,1,9/11/2022 9:55,9/11/2022 9:55,9/11/2022 9:57,1,"1,385,507","1,308,780",0,0,0,0,1,1,761238,*IGA UNICO GRAU 6MM 60X120 RET,938,760,1,9/11/2022 9:56,1,363
2562122642,"3,912,309",6,94,POSIZIONAMENTO DA PREBOX A BDP,1,"3,804,031",65,214,225,0,PRE-BOX-AA,PRE_BOX,AREA PRE-BOX PLANT2,16,M3-BO-24,S_GL,BOX PRONTI GRANDI LASTRE,4,144,391,0,9/11/2022 9:20,9/11/2022 9:57,9/11/2022 10:02,6,"1,385,477","1,308,306",0,0,0,0,1,1,,,,,,9/11/2022 9:59,3,185
2562121493,"3,912,394",8,15,CARICO DA MAG AUTO,1,"3,804,027",34,242,416,0,MA-TE-PIC,OUT_AUTO_T,DEPOSITO TERRA USCITA MA,-,M3-BO-480,S_CA,BOX PRONTI CAMION,9,401,419,0,9/11/2022 9:56,9/11/2022 9:57,9/11/2022 9:59,2,"1,385,508","1,307,055",0,0,0,0,1,1,756209,STONES 2.0 ARABESC.WHITE MATTE 80X80 RET,"1,190","1,020",1,9/11/2022 9:57,1,197
