Operator_ID,Sequence_Rank,From_Node,To_Node,Activity_Type,Travel_Time,Start_Service,Finish_Service,Processing_Time
1,1,0,3885372,Service,10.566508992981428,0.0,11.266301002232366,11.266301002232366
1,2,3885372,3882178,Service,11.07162292268408,22.33792392491644,33.56089159381547,11.222967668899031
1,3,3882178,3891428,Service,11.013018544099795,44.57391013791526,55.796877806814294,11.222967668899031
1,4,3891428,0,Return to Base,10.569299677675918,,,
2,1,0,3891409,Service,10.572090362370407,0.0,11.22,11.22
2,2,3891409,3888283,Service,10.993483751238367,22.213483751238357,33.41978475347072,11.206301002232365
2,3,3888283,3891430,Service,11.040925391044693,44.4607101445154,55.827011146747765,11.366301002232362
2,4,3891430,0,Return to Base,10.566508992981428,,,
