Operator,Task,Start,Finish,Successor
1,3879884,0.0,10.57,3879902
1,3879902,21.077904614397134,31.647904614397135,3879863
1,3879863,42.155809228794276,52.725809228794276,3879839
1,3879839,63.23371384319142,73.80371384319142,0
2,3874375,-1.7763568394002505e-15,10.616666666666665,3891125
2,3891125,21.110617857591365,31.783951190924697,3876860
2,3876860,42.36999497676756,52.89666164343423,0
