Operator,Task,Start,Finish,Successor
1,3874779,0.0,11.21,3885051
1,3885051,21.974647606290205,33.184647606290206,3877309
1,3877309,43.94929521258041,55.15929521258041,3877280
1,3877280,65.92394281887061,77.13394281887062,0
2,3877432,0.0,11.21,3877321
2,3877321,21.974647606290205,33.184647606290206,3877425
2,3877425,43.94929521258041,55.15929521258041,3878218
2,3878218,65.92394281887061,77.13394281887062,0
