Operator,Task,Start,Finish,Successor
1,3890865,0.0,11.361503356165453,3888180
1,3888180,22.39684737782117,33.783049341926606,3891381
1,3891381,44.804439940109866,56.04260996294199,3894181
1,3894181,67.04446576826382,78.33930245776261,3888173
1,3888173,89.38859990289077,100.7719332362241,0
