Operator,Task,Start,Finish,Successor
1,3888232,-1.7763568394002505e-15,10.243333333333332,3887822
1,3887822,20.413565099697223,30.626898433030554,3886841
1,3886841,40.77759540653301,51.044262073199675,3883603
1,3883603,61.17263356914622,71.41596690247955,0
2,3889937,0.0,10.359949450302405,3888184
2,3888184,20.530181216666286,30.790821486050387,3883751
2,3883751,61.042684118843816,71.41596690247955,0
