Operator,Task,Start,Finish,Successor
1,3880684,0.0,10.143333333333333,3881215
1,3881215,20.221472504779047,30.37480583811238,3881962
1,3881962,40.45294500955809,50.60627834289143,0
2,3881746,0.0,10.153333333333332,3882911
2,3882911,20.214728396612117,30.28806172994545,3882001
2,3882001,40.349456793224235,50.50279012655757,0
