Operator,Task,Start,Finish,Successor
1,3880393,0.0,11.242967668899036,3876672
1,3876672,22.00761527518923,33.250582944088265,3887542
1,3887542,44.01523055037846,55.258198219277496,0
2,3878399,0.0,11.21,3880297
2,3880297,21.974647606290198,33.21761527518923,3887310
2,3887310,43.98226288147943,55.22523055037846,0
