Operator,Task,Start,Finish,Successor
1,3879856,0.0,10.86,3879894
1,3879894,21.518601587899596,32.378601587899595,3879750
1,3879750,43.03720317579919,53.89720317579919,3879811
1,3879811,64.55580476369879,75.41580476369879,3879711
1,3879711,86.07440635159838,96.93440635159838,0
