Operator_ID,Sequence_Rank,From_Node,To_Node,Activity_Type,Travel_Time,Start_Service,Finish_Service,Processing_Time
1,1,0,3894529,Service,11.370226184994488,0.0,10.763333333333334,10.763333333333334
1,2,3894529,3894501,Service,10.586043785842856,21.349377119176197,32.11271045250953,10.763333333333335
1,3,3894501,3894520,Service,10.574881047064897,42.68759149957444,53.5342581662411,10.846666666666664
1,4,3894520,3894526,Service,10.574881047064897,64.10913921330601,74.95580587997267,10.846666666666664
1,5,3894526,3894518,Service,10.574881047064897,85.53068692703758,96.29402026037091,10.763333333333335
1,6,3894518,3894538,Service,10.586043785842856,106.88006404621377,117.64339737954711,10.763333333333335
1,7,3894538,0,Return to Base,11.370226184994488,,,
