Operator,Task,Start,Finish,Successor
1,3879725,1.7763568394002505e-15,10.416666666666668,3879105
1,3879105,20.821315947367694,31.271315947367693,3879734
1,3879734,41.675965228068726,52.09263189473539,0
2,3879742,0.0,10.416666666666666,3879914
2,3879914,20.82131594736769,31.27131594736769,3879708
2,3879708,41.67596522806872,52.09263189473538,0
