Operator_ID,Sequence_Rank,From_Node,To_Node,Activity_Type,Travel_Time,Start_Service,Finish_Service,Processing_Time
1,1,0,3885349,Service,11.174878256380202,0.0,10.15,10.15
1,2,3885349,3885749,Service,10.150696973502448,20.300696973502454,30.450696973502453,10.149999999999999
1,3,3885749,3886478,Service,10.167441081669388,40.618138055171826,50.75147138850516,10.133333333333333
1,4,3886478,0,Return to Base,11.174878256380202,,,
2,1,0,3885751,Service,11.174878256380202,1.7763568394002505e-15,10.136666666666668,10.136666666666667
2,2,3885751,3885756,Service,10.159069027585918,20.295735694252603,30.43240236091927,10.136666666666667
2,3,3885756,3885207,Service,10.159069027585918,40.591471388505205,50.741471388505204,10.149999999999999
2,4,3885207,3885455,Service,10.150696973502448,60.89216836200766,71.04216836200766,10.149999999999999
2,5,3885455,0,Return to Base,11.174878256380202,,,
