Operator,Task,Start,Finish,Successor
1,3894384,0.0,10.43,3894410
1,3894410,20.78999832558919,31.219998325589188,3894373
1,3894373,41.57999665117838,52.009996651178376,3894361
1,3894361,62.369994976767565,72.79999497676756,3876913
1,3876913,83.20464425746859,93.74797759080192,0
