Operator,Task,Start,Finish,Successor
1,3877135,0.0,10.426666666666666,3877152
1,3877152,20.77550225347788,31.202168920144548,3877071
1,3877071,41.604027516151056,52.000694182817725,0
2,3877144,0.0,10.426666666666666,3877157
2,3877157,20.77550225347788,31.202168920144548,3877131
2,3877131,41.55100450695576,51.977671173622426,0
