Operator_ID,Sequence_Rank,From_Node,To_Node,Activity_Type,Travel_Time,Start_Service,Finish_Service,Processing_Time
1,1,0,3888563,Service,11.199994418630611,0.0,10.2,10.2
1,2,3888563,3881004,Service,10.167441081669388,20.367441081669377,30.564107748336045,10.196666666666669
1,3,3881004,0,Return to Base,11.199994418630611,,,
2,1,0,3879893,Service,11.199994418630611,0.0,10.196666666666667,10.196666666666667
2,2,3879893,3888567,Service,10.167441081669388,20.36410774833605,30.56410774833605,10.2
2,3,3888567,0,Return to Base,11.199994418630611,,,
3,1,0,3881541,Service,11.199994418630611,0.0,10.196666666666667,10.196666666666667
3,2,3881541,3878446,Service,10.164650396974897,20.36131706364157,30.557983730308237,10.196666666666665
3,3,3878446,0,Return to Base,11.199994418630611,,,
