Operator,Task,Start,Finish,Successor
1,3887109,0.0,10.876666666666667,3880883
1,3880883,21.68844614676211,32.55844614676211,0
2,3880709,0.0,10.936666666666667,3887090
2,3887090,21.75154659745769,32.628213264124355,0
3,3880800,0.0,10.936666666666667,3887120
3,3887120,21.75154659745769,32.628213264124355,0
4,3880909,0.0,10.87,0
