Operator,Task,Start,Finish,Successor
1,3882203,0.0,10.223333333333333,3882155
1,3882155,20.36286756805782,30.59009620765426,3882167
1,3882167,40.72963044237874,50.95685908197518,0
2,3886617,0.0,10.279515035560834,3888338
2,3888338,20.43021200906329,30.650250513308592,0
