Operator,Task,Start,Finish,Successor
1,3883102,0.0,11.223333333333333,3883156
1,3883156,21.999143678401484,33.22247701173482,3881353
1,3881353,43.99828735680297,55.221620690136305,3873482
1,3873482,65.99743103520446,77.22076436853779,3878598
1,3878598,87.99657471360594,99.21990804693927,3882915
1,3882915,109.99571839200742,121.21905172534075,0
