Operator,Task,Start,Finish,Successor
1,3873599,0.0,11.261017203033155,3873689
1,3873689,22.279617116521912,33.512950449855246,3891443
1,3891443,44.51480625517709,55.72480625517709,3877625
1,3877625,66.72108069110996,78.16876456080979,3888258
1,3888258,89.19573652838204,100.5124031950487,3882161
1,3882161,111.54216584731543,122.75216584731544,3881659
1,3881659,133.78750986897114,145.09750986897114,0
