Operator,Task,Start,Finish,Successor
1,3889415,0.0,10.55,3889442
1,3889442,20.549999999999997,31.099999999999998,3889378
1,3889378,41.099999999999994,51.64999999999999,3889354
1,3889354,61.64999999999999,72.19999999999999,0
2,3874910,1.7763568394002505e-15,10.530000000000001,3889393
2,3889393,20.976509551118365,31.526509551118366,3889457
2,3889457,41.526509551118366,52.07650955111836,3889488
2,3889488,62.07650955111836,72.62650955111836,0
