Operator,Task,Start,Finish,Successor
1,3883162,0.0,10.306666666666667,3883130
1,3883130,20.56340965855972,30.870076325226385,3877620
1,3877620,41.377980939623534,51.95798093962353,0
2,3883139,0.0,10.306666666666667,3883147
2,3883147,20.56340965855972,30.870076325226385,3883118
2,3883118,41.12681931711944,51.433485983786106,0
