Operator,Task,Start,Finish,Successor
1,3879789,-2.3092638912203256e-14,11.966666666666644,3878160
1,3878160,23.342474221050125,35.309140887716794,3881123
1,3881123,46.65704159515535,58.60704159515535,3879801
1,3879801,68.60704159515535,80.45704159515535,0
2,3881607,-1.7763568394002505e-15,12.006666666666666,3881587
2,3881587,23.76200733950074,35.76867400616741,3881650
2,3881650,47.52401467900148,59.53068134566815,0
