Operator_ID,Sequence_Rank,From_Node,To_Node,Activity_Type,Travel_Time,Start_Service,Finish_Service,Processing_Time
1,1,0,3871487,Service,11.504179050329999,0.0,10.493333333333334,10.493333333333334
1,2,3871487,3879956,Service,10.466044343979796,20.95937767731312,31.509377677313122,10.55
1,3,3879956,3880280,Service,10.429765442951428,41.939143120264546,52.35914312026455,10.420000000000002
1,4,3880280,0,Return to Base,11.381388923772448,,,
