Operator_ID,Sequence_Rank,From_Node,To_Node,Activity_Type,Travel_Time,Start_Service,Finish_Service,Processing_Time
1,1,0,3886514,Service,11.174878256380202,0.0,10.153333333333332,10.153333333333332
1,2,3886514,3885550,Service,10.12837149594653,20.281704829279857,30.43503816261319,10.153333333333332
1,3,3885550,3886498,Service,10.12837149594653,40.56340965855971,50.71674299189304,10.153333333333329
1,4,3886498,3886517,Service,10.12837149594653,60.84511448783957,70.9984478211729,10.153333333333336
1,5,3886517,3886492,Service,10.12837149594653,81.12681931711943,91.28015265045276,10.153333333333336
1,6,3886492,0,Return to Base,11.174878256380202,,,
