Operator,Task,Start,Finish,Successor
1,3877273,0.0,11.223333333333333,3881248
1,3881248,21.999143678401477,33.22247701173481,0
2,3880642,0.0,11.223333333333333,3887899
2,3887899,21.999143678401477,33.22247701173481,0
3,3878450,-1.7763568394002505e-15,11.223333333333331,3878602
3,3878602,21.999143678401477,33.22247701173481,0
