Operator_ID,Sequence_Rank,From_Node,To_Node,Activity_Type,Travel_Time,Start_Service,Finish_Service,Processing_Time
1,1,0,3880587,Service,10.0,0.0,10.463333333333333,10.463333333333333
1,2,3880587,3880593,Service,10.39348654192306,20.8568198752564,31.32015320858973,10.463333333333331
1,3,3880593,0,Return to Base,10.0,,,
2,1,0,3880440,Service,10.0,0.0,10.463333333333333,10.463333333333333
2,2,3880440,0,Return to Base,10.0,,,
3,1,0,3880545,Service,10.0,0.0,10.463333333333333,10.463333333333333
3,2,3880545,3880576,Service,10.39348654192306,20.8568198752564,31.32015320858973,10.463333333333331
3,3,3880576,0,Return to Base,10.0,,,
