Operator_ID,Sequence_Rank,From_Node,To_Node,Activity_Type,Travel_Time,Start_Service,Finish_Service,Processing_Time
1,1,0,3877025,Service,11.102320454323468,0.0,10.223333333333333,10.223333333333333
1,2,3877025,3879858,Service,10.175813135752858,20.39914646908619,30.667266145159136,10.268119676072946
1,3,3879858,3880933,Service,10.329300793949795,40.99656693910891,51.64323360577558,10.646666666666668
1,4,3880933,0,Return to Base,11.07441360737857,,,
2,1,0,3873540,Service,11.09673908493449,0.0,10.616666666666667,10.616666666666667
2,2,3873540,3879887,Service,10.231626829642654,20.84829349630933,31.025359268534153,10.177065772224822
2,3,3879887,3871662,Service,10.022325477555919,41.04768474609007,51.72768474609007,10.68
2,4,3871662,0,Return to Base,11.07720429207306,,,
