Operator,Task,Start,Finish,Successor
1,3881010,0.0,10.313333333333333,3881172
1,3881172,20.53937879358701,30.76937879358701,3881853
1,3881853,40.97309877628478,51.18309877628478,3887810
1,3887810,61.36170259673213,71.65503593006547,3882286
1,3882286,81.83363975051282,92.04363975051282,0
