Operator_ID,Sequence_Rank,From_Node,To_Node,Activity_Type,Travel_Time,Start_Service,Finish_Service,Processing_Time
1,1,0,3878761,Service,11.462318779912652,1.7763568394002505e-15,10.274495783438185,10.274495783438184
1,2,3878761,3878730,Service,10.075348486751224,20.349844270189394,30.501006720294242,10.151162450104849
1,3,3878730,3888346,Service,10.075348486751224,40.57635520704545,50.737517657150306,10.161162450104854
1,4,3888346,0,Return to Base,11.49022562685755,,,
2,1,0,3878737,Service,11.462318779912652,0.0,10.106666666666667,10.106666666666667
2,2,3878737,3888247,Service,10.066976432667754,20.173643099334434,30.2603097660011,10.086666666666666
2,3,3888247,3888351,Service,10.061395063278775,40.32170482927988,50.4695339460514,10.147829116771518
2,4,3888351,3888243,Service,10.092092594918164,60.56162654096957,70.67162654096957,10.11
2,5,3888243,0,Return to Base,11.462318779912652,,,
