Operator,Task,Start,Finish,Successor
1,3882129,0.0,10.83,3891390
1,3891390,21.43557857870428,32.18224524537095,3882135
1,3882135,42.782242454686255,53.59557578801959,3888269
1,3888269,64.21789847489082,75.09789847489081,0
