Operator_ID,Sequence_Rank,From_Node,To_Node,Activity_Type,Travel_Time,Start_Service,Finish_Service,Processing_Time
1,1,0,3874568,Service,10.839996093041428,0.0,10.646666666666667,10.646666666666667
1,2,3874568,3873123,Service,10.0,20.64666666666667,31.293333333333337,10.646666666666668
1,3,3873123,3873379,Service,10.0,41.29333333333334,51.940000000000005,10.646666666666668
1,4,3873379,3874588,Service,10.0,61.940000000000005,72.58666666666667,10.646666666666668
1,5,3874588,0,Return to Base,10.839996093041428,,,
