Operator_ID,Sequence_Rank,From_Node,To_Node,Activity_Type,Travel_Time,Start_Service,Finish_Service,Processing_Time
1,1,0,3880395,Service,11.412086455411835,0.0,10.0,10.0
1,2,3880395,3880371,Service,10.502323245008164,20.50232324500817,30.50232324500817,10.0
1,3,3880371,0,Return to Base,11.412086455411835,,,
2,1,0,3881149,Service,11.34231933804959,0.0,10.306666666666667,10.306666666666667
2,2,3881149,0,Return to Base,11.34231933804959,,,
3,1,0,3880385,Service,11.412086455411835,0.0,10.0,10.0
3,2,3880385,3880406,Service,10.502323245008164,20.50232324500817,30.50232324500817,10.0
3,3,3880406,0,Return to Base,11.412086455411835,,,
