Operator,Task,Start,Finish,Successor
1,3879000,0.0,10.33,3878987
1,3878987,20.606277784754482,30.93627778475448,3878964
1,3878964,41.212555569508964,51.54255556950896,3879005
1,3879005,61.81883335426345,72.14883335426345,3878980
1,3878980,82.42511113901793,92.75511113901793,3877098
1,3877098,103.10394672582915,113.45061339249581,0
