Operator,Task,Start,Finish,Successor
1,3883748,1.7763568394002505e-15,11.223333333333334,3886359
1,3886359,21.999143678401484,33.22247701173482,3889774
1,3889774,43.99828735680296,55.2216206901363,0
2,3888605,0.0,11.223333333333333,3888476
2,3888476,21.999143678401477,33.22247701173481,3888759
2,3888759,43.99828735680296,55.22162069013629,0
