Operator,Task,Start,Finish,Successor
1,3889765,0.0,11.223333333333333,3894548
1,3894548,21.9991436784015,33.22247701173483,0
2,3881331,0.0,11.223333333333333,3890490
2,3890490,21.9991436784015,33.22247701173483,0
