Operator,Task,Start,Finish,Successor
1,3883263,0.0,10.693333333333333,3882261
1,3882261,21.164959046702123,31.908292380035455,3883253
1,3883253,42.37991809340423,53.07325142673756,3883252
1,3883252,63.5532491941898,74.28658252752314,0
2,3894285,0.0,10.74,3894281
2,3894281,21.24511392970264,31.985113929702642,3882273
2,3882273,42.47906512062734,53.22239845396067,0
