Operator,Task,Start,Finish,Successor
1,3887643,0.0,11.223333333333333,3889587
1,3889587,21.999143678401477,33.22247701173481,3889655
1,3889655,43.99828735680296,55.22162069013629,3889613
1,3889613,65.99743103520444,77.22076436853777,0
2,3889526,0.0,11.223333333333333,3890071
2,3890071,21.999143678401477,33.22247701173481,3889841
2,3889841,43.99828735680296,55.22162069013629,3889604
2,3889604,65.99743103520444,77.22076436853777,0
