Operator_ID,Sequence_Rank,From_Node,To_Node,Activity_Type,Travel_Time,Start_Service,Finish_Service,Processing_Time
1,1,0,3883330,Service,11.208366472714081,0.0,10.806666666666667,10.806666666666667
1,2,3883330,3883365,Service,10.736740759345306,21.54340742601198,32.350074092678646,10.806666666666665
1,3,3883365,3873085,Service,10.683717750149999,43.03379184282865,53.60379184282865,10.57
1,4,3873085,3883352,Service,10.683717750149999,64.28750959297867,75.09417625964534,10.806666666666672
1,5,3883352,0,Return to Base,11.208366472714081,,,
2,1,0,3887235,Service,11.07720429207306,0.0,11.023904692576965,11.023904692576965
2,2,3887235,3883340,Service,10.6558109032051,21.679715595782064,32.48638226244873,10.806666666666665
2,3,3883340,3883072,Service,10.736740759345306,43.223123021794045,54.02978968846071,10.806666666666665
2,4,3883072,0,Return to Base,11.208366472714081,,,
