Operator,Task,Start,Finish,Successor
1,3880977,-1.7763568394002505e-15,10.173333333333332,3888665
1,3888665,20.318448937446803,30.491782270780135,3881305
1,3881305,40.636897874893606,50.81023120822694,0
2,3886516,-1.7763568394002505e-15,10.173333333333332,3888686
2,3888686,20.318448937446803,30.491782270780135,3881204
2,3881204,40.636897874893606,50.81023120822694,0
3,3886830,0.0,10.173333333333334,3887861
3,3887861,20.318448937446803,30.491782270780135,3886942
3,3886942,40.636897874893606,50.81023120822694,0
