Operator,Task,Start,Finish,Successor
1,3884919,0.0,10.51,3883001
1,3883001,20.920230650089998,31.370230650089997,0
2,3884931,0.0,10.51,3883035
2,3883035,20.920230650089998,31.370230650089997,0
