Operator,Task,Start,Finish,Successor
1,3887518,0.0,10.21,3887530
1,3887530,20.38581313575287,30.59581313575287,3887498
1,3887498,40.77162627150574,51.001626271505735,0
2,3887772,0.0,10.23,3887548
2,3887548,20.40581313575287,30.61581313575287,3887568
2,3887568,40.79162627150574,51.00162627150574,0
