Operator,Task,Start,Finish,Successor
1,3883032,0.0,10.426666666666666,3880613
1,3880613,20.8034091004228,31.196742433756135,0
2,3883056,0.0,10.426666666666666,3880604
2,3880604,20.8034091004228,31.196742433756135,0
3,3880629,0.0,10.393333333333333,3880641
3,3880641,20.803409100422805,31.196742433756135,0
4,3880599,0.0,10.393333333333333,3880619
4,3880619,20.722634127283115,31.115967460616446,0
