Operator_ID,Sequence_Rank,From_Node,To_Node,Activity_Type,Travel_Time,Start_Service,Finish_Service,Processing_Time
1,1,0,3888696,Service,11.199994418630611,0.0,10.166666666666666,10.166666666666666
1,2,3888696,3889904,Service,10.13395286533551,20.300619532002177,30.460619532002177,10.16
1,3,3889904,3886930,Service,10.13395286533551,40.594572397337686,50.75457239733769,10.160000000000004
1,4,3886930,0,Return to Base,11.199994418630611,,,
2,1,0,3883110,Service,11.199994418630611,0.0,10.166666666666666,10.166666666666666
2,2,3883110,3889366,Service,10.13395286533551,20.300619532002177,30.460619532002177,10.16
2,3,3889366,3887841,Service,10.13395286533551,40.594572397337686,50.75457239733769,10.160000000000004
2,4,3887841,0,Return to Base,11.199994418630611,,,
