Operator_ID,Sequence_Rank,From_Node,To_Node,Activity_Type,Travel_Time,Start_Service,Finish_Service,Processing_Time
1,1,0,3878497,Service,11.174878256380202,0.0,11.21,11.21
1,2,3878497,3874832,Service,10.764647606290204,21.97464760629019,33.18464760629019,11.21
1,3,3874832,0,Return to Base,11.174878256380202,,,
2,1,0,3890895,Service,11.174878256380202,0.0,11.21,11.21
2,2,3890895,0,Return to Base,11.174878256380202,,,
