Operator_ID,Sequence_Rank,From_Node,To_Node,Activity_Type,Travel_Time,Start_Service,Finish_Service,Processing_Time
1,1,0,3884561,Service,11.174878256380202,0.0,10.176666666666666,10.176666666666666
1,2,3884561,3880617,Service,10.14790628880796,20.32457295547464,30.501239622141306,10.176666666666666
1,3,3880617,3885103,Service,10.14790628880796,40.64914591094928,50.82581257761595,10.17666666666667
1,4,3885103,3880607,Service,10.14790628880796,60.97371886642392,71.15038553309058,10.176666666666662
1,5,3880607,3880665,Service,10.14790628880796,81.29829182189856,91.47495848856522,10.176666666666662
1,6,3880665,3880652,Service,10.14790628880796,101.6228647773732,111.79953144403986,10.176666666666662
1,7,3880652,3881562,Service,10.14790628880796,121.94743773284783,132.1241043995145,10.176666666666662
1,8,3881562,3884819,Service,10.14790628880796,142.27201068832247,152.44867735498914,10.176666666666677
1,9,3884819,0,Return to Base,11.174878256380202,,,
