Operator_ID,Sequence_Rank,From_Node,To_Node,Activity_Type,Travel_Time,Start_Service,Finish_Service,Processing_Time
1,1,0,3879849,Service,10.0,0.0,11.253333333333334,11.253333333333334
1,2,3879849,3879048,Service,10.937670057348571,22.191003390681917,33.431003390681916,11.239999999999998
1,3,3879048,3880075,Service,10.92650731857061,44.357510709252516,55.59751070925252,11.240000000000002
1,4,3880075,3884553,Service,10.851158831819387,66.44866954107191,77.63200287440525,11.183333333333337
1,5,3884553,3879868,Service,10.862321570597345,88.49432444500259,99.74765777833592,11.25333333333333
1,6,3879868,3879047,Service,10.937670057348571,110.6853278356845,121.93866116901783,11.25333333333333
1,7,3879047,3879924,Service,10.937670057348571,132.8763312263664,144.12966455969973,11.25333333333333
1,8,3879924,0,Return to Base,10.0,,,
