Operator_ID,Sequence_Rank,From_Node,To_Node,Activity_Type,Travel_Time,Start_Service,Finish_Service,Processing_Time
1,1,0,3877502,Service,10.622322686871223,0.0,11.18879312810029,11.18879312810029
1,2,3877502,3881672,Service,10.94883279612653,22.137625924226825,33.387625924226825,11.25
1,3,3881672,3891403,Service,11.054878814517142,44.44250473874396,55.65463120017759,11.212126461433627
1,4,3891403,0,Return to Base,10.636276110343672,,,
2,1,0,3891405,Service,10.641857479732652,0.0,11.27879312810029,11.27879312810029
2,2,3891405,3888228,Service,11.054878814517142,22.333671942617432,33.59246507071772,11.25879312810029
2,3,3888228,3888306,Service,10.937670057348571,44.53013512806631,55.68013512806631,11.149999999999999
2,4,3888306,0,Return to Base,10.616741317482244,,,
