Operator,Task,Start,Finish,Successor
1,3877511,0.0,11.24,3891493
1,3891493,22.11627499406979,33.382941660736456,3873562
1,3873562,44.236891177250335,54.236891177250335,3891472
1,3891472,65.09084069376422,76.508805901746,3877515
1,3877515,87.37670884173232,98.61337550839899,0
