Operator,Task,Start,Finish,Successor
1,3877118,0.0,11.21,3878805
1,3878805,21.974647606290205,33.184647606290206,3881491
1,3881491,43.94929521258041,55.15929521258041,3884164
1,3884164,65.92394281887061,77.13394281887062,0
2,3879004,-1.7763568394002505e-15,11.209999999999999,3879012
2,3879012,21.974647606290205,33.184647606290206,3884500
2,3884500,43.94929521258041,55.15929521258041,0
