Operator_ID,Sequence_Rank,From_Node,To_Node,Activity_Type,Travel_Time,Start_Service,Finish_Service,Processing_Time
1,1,0,3884743,Service,11.462318779912652,0.0,10.246666666666666,10.246666666666666
1,2,3884743,3883861,Service,10.161859712280409,20.40852637894707,30.655193045613736,10.246666666666666
1,3,3883861,3888227,Service,10.12279012655755,40.7779831721713,51.02890276170521,10.250919589533915
1,4,3888227,3873714,Service,10.125580811252041,61.15448357295725,71.42781690629059,10.27333333333334
1,5,3873714,3873723,Service,10.13953423472449,81.56735114101508,91.84068447434842,10.27333333333334
1,6,3873723,3881660,Service,10.153487658196939,101.99417213254537,112.35842505541262,10.364252922867252
1,7,3881660,0,Return to Base,11.462318779912652,,,
