Operator,Task,Start,Finish,Successor
1,3890273,1.7763568394002505e-15,10.130000000000003,3888063
1,3888063,20.238836703085106,30.36550336975177,3888109
1,3888109,40.47154938814237,50.598216054809036,3888427
1,3888427,60.70426207319963,70.8309287398663,0
2,3890316,1.7763568394002505e-15,10.130000000000003,3890359
2,3890359,20.2388367030851,30.3688367030851,3890319
2,3890319,40.4776734061702,50.6076734061702,0
