Operator,Task,Start,Finish,Successor
1,3881832,0.0,10.116666666666667,3881939
1,3881939,20.211549946279312,30.32821661294598,0
2,3881764,0.0,10.116666666666667,3881754
2,3881754,20.211549946279312,30.32821661294598,0
3,3881789,0.0,10.116666666666667,3883470
3,3883470,20.19480583811238,30.288139171445714,0
4,3877977,0.0,10.116666666666667,3885572
4,3885572,20.211549946279312,30.32821661294598,0
