Operator,Task,Start,Finish,Successor
1,3886538,0.0,11.223333333333333,3886417
1,3886417,21.999143678401484,33.22247701173482,3891508
1,3891508,43.99828735680297,55.221620690136305,3884975
1,3884975,65.99743103520446,77.22076436853779,0
2,3886664,0.0,11.223333333333333,3886629
2,3886629,21.999143678401484,33.22247701173482,3890552
2,3890552,43.99828735680297,55.221620690136305,0
