Operator_ID,Sequence_Rank,From_Node,To_Node,Activity_Type,Travel_Time,Start_Service,Finish_Service,Processing_Time
1,1,0,3879744,Service,10.0,-1.7763568394002505e-14,10.816666666666649,10.816666666666666
1,2,3879744,3876679,Service,10.0,20.816666666666656,31.686666666666653,10.869999999999997
1,3,3876679,3896089,Service,10.0,41.68666666666666,52.55333333333333,10.866666666666667
1,4,3896089,0,Return to Base,10.0,,,
2,1,0,3889738,Service,10.0,0.0,10.903333333333332,10.903333333333332
2,2,3889738,3876990,Service,10.82046130018,21.723794633513343,32.64046130018001,10.916666666666664
2,3,3876990,0,Return to Base,10.0,,,
