Operator,Task,Start,Finish,Successor
1,3874696,0.0,10.156666666666666,3874828
1,3874828,20.28782884730768,30.444495513974346,0
2,3874898,0.0,10.156666666666666,3874925
2,3874925,20.28782884730768,30.444495513974346,0
3,3874813,0.0,10.156666666666666,3888489
3,3888489,20.28782884730768,30.444495513974346,0
