Operator,Task,Start,Finish,Successor
1,3878893,0.0,11.21,3878809
1,3878809,21.974647606290198,33.1846476062902,3880906
1,3880906,43.949295212580395,55.159295212580396,3879209
1,3879209,65.92394281887059,77.1339428188706,0
2,3880859,0.0,11.21,3878537
2,3878537,21.974647606290198,33.1846476062902,3880760
2,3880760,43.949295212580395,55.159295212580396,0
