Operator_ID,Sequence_Rank,From_Node,To_Node,Activity_Type,Travel_Time,Start_Service,Finish_Service,Processing_Time
1,1,0,3889759,Service,10.893019102236734,0.0,10.476666666666667,10.476666666666667
1,2,3889759,3894182,Service,10.438137497034898,20.914804163701568,31.384804163701567,10.469999999999999
1,3,3894182,3894102,Service,10.432556127645919,41.81736029134749,52.28736029134749,10.469999999999999
1,4,3894102,3894398,Service,10.432556127645919,62.719916418993414,73.25658308566008,10.536666666666669
1,5,3894398,0,Return to Base,10.842786777735917,,,
