Operator_ID,Sequence_Rank,From_Node,To_Node,Activity_Type,Travel_Time,Start_Service,Finish_Service,Processing_Time
1,1,0,3887197,Service,10.708833912400408,0.0,11.26,11.26
1,2,3887197,3887150,Service,11.233482634964489,22.493482634964487,33.753482634964485,11.259999999999998
1,3,3887150,3894107,Service,11.160924832907753,44.91440746787224,56.131074134538906,11.216666666666669
1,4,3894107,3887170,Service,11.160924832907753,67.29199896744666,78.55199896744666,11.260000000000005
1,5,3887170,0,Return to Base,10.708833912400408,,,
