Operator,Task,Start,Finish,Successor
1,3887190,0.0,11.343333333333334,3877056
1,3877056,22.180538741680266,33.317205408346936,3887175
1,3887175,44.15441081669387,55.4977441500272,3877084
1,3877084,66.33494955837413,77.4716162250408,3887159
1,3887159,88.30882163338774,99.65215496672107,3877069
1,3877069,110.489360375068,121.62602704173467,3887147
1,3887147,132.4632324500816,143.80656578341492,3887166
1,3887166,154.64377119176186,165.9871045250952,0
