Operator_ID,Sequence_Rank,From_Node,To_Node,Activity_Type,Travel_Time,Start_Service,Finish_Service,Processing_Time
1,1,0,3887965,Service,10.0,0.0,10.446666666666667,10.446666666666667
1,2,3887965,3887985,Service,10.357207640894693,20.803874307561365,31.21054097422803,10.406666666666666
1,3,3887985,3887941,Service,10.357207640894693,41.56774861512273,52.0144152817894,10.446666666666665
1,4,3887941,3887934,Service,10.396277226617551,62.41069250840694,72.85735917507361,10.446666666666673
1,5,3887934,3887950,Service,10.396277226617551,83.25363640169115,93.70030306835783,10.446666666666673
1,6,3887950,3887916,Service,10.396277226617551,104.09658029497537,114.54324696164204,10.446666666666673
1,7,3887916,3894924,Service,10.387905172534081,124.93115213417613,135.4478188008428,10.51666666666668
1,8,3894924,3881437,Service,10.474416398063266,145.92223519890607,156.37890186557274,10.456666666666678
1,9,3881437,0,Return to Base,10.0,,,
