Operator,Task,Start,Finish,Successor
1,3881721,0.0,11.320268024128577,3888310
1,3888310,22.324914514144904,33.60824784747824,3877586
1,3877586,44.61010365280008,55.83010365280008,3877624
1,3877624,66.83754082751089,78.09971895708725,0
