Operator_ID,Sequence_Rank,From_Node,To_Node,Activity_Type,Travel_Time,Start_Service,Finish_Service,Processing_Time
1,1,0,3887566,Service,11.174878256380202,0.0,11.21,11.21
1,2,3887566,3885284,Service,10.764647606290204,21.974647606290198,33.1846476062902,11.21
1,3,3885284,0,Return to Base,11.174878256380202,,,
2,1,0,3884367,Service,11.174878256380202,0.0,11.21,11.21
2,2,3884367,3876744,Service,10.764647606290204,21.974647606290198,33.1846476062902,11.21
2,3,3876744,0,Return to Base,11.174878256380202,,,
