Operator,Task,Start,Finish,Successor
1,3879748,0.0,10.516666666666667,3879897
1,3879897,20.91573457797871,31.43573457797871,0
2,3879701,0.0,10.516666666666667,3879886
2,3879886,20.91573457797871,31.43573457797871,0
3,3879733,0.0,10.516666666666667,3879927
3,3879927,20.91573457797871,31.43573457797871,0
4,3879910,0.0,10.52,0
5,3879724,0.0,10.516666666666667,3879838
5,3879838,20.91573457797871,31.43573457797871,0
