Operator,Task,Start,Finish,Successor
1,3878074,0.0,11.21,3882039
1,3882039,21.974647606290198,33.1846476062902,3872021
1,3872021,43.949295212580395,55.159295212580396,3877912
1,3877912,65.92394281887059,77.1339428188706,3871939
1,3871939,87.89859042516079,99.1085904251608,0
