Operator_ID,Sequence_Rank,From_Node,To_Node,Activity_Type,Travel_Time,Start_Service,Finish_Service,Processing_Time
1,1,0,3887708,Service,10.0,0.0,10.216666666666667,10.216666666666667
1,2,3887708,3881135,Service,10.161859712280409,20.413333333333338,30.620000000000005,10.206666666666667
1,3,3881135,0,Return to Base,10.0,,,
2,1,0,3873067,Service,10.0,0.0,10.343333333333334,10.343333333333334
2,2,3873067,3880337,Service,10.0,20.34333333333333,30.549999999999997,10.206666666666667
2,3,3880337,0,Return to Base,10.0,,,
3,1,0,3881120,Service,10.0,0.0,10.206666666666667,10.206666666666667
3,2,3881120,3878274,Service,10.0,20.206666666666667,30.62,10.413333333333334
3,3,3878274,0,Return to Base,10.0,,,
