Operator_ID,Sequence_Rank,From_Node,To_Node,Activity_Type,Travel_Time,Start_Service,Finish_Service,Processing_Time
1,1,0,3879755,Service,10.792554453235102,0.0,10.753333333333334,10.753333333333334
1,2,3879755,3878927,Service,10.79534513792959,21.54867847126292,32.302011804596255,10.753333333333334
1,3,3878927,3878969,Service,10.79534513792959,43.09735694252584,53.85069027585918,10.753333333333337
1,4,3878969,3879719,Service,10.79534513792959,64.64603541378877,75.3993687471221,10.75333333333333
1,5,3879719,3879697,Service,10.79534513792959,86.19471388505168,96.94804721838501,10.75333333333333
1,6,3879697,3878951,Service,10.79534513792959,107.7433923563146,118.49672568964793,10.75333333333333
1,7,3878951,3879678,Service,10.79534513792959,129.2920708275775,140.04540416091083,10.75333333333333
1,8,3879678,3878989,Service,10.79534513792959,150.84074929884042,161.59408263217375,10.75333333333333
1,9,3878989,0,Return to Base,10.792554453235102,,,
