Operator_ID,Sequence_Rank,From_Node,To_Node,Activity_Type,Travel_Time,Start_Service,Finish_Service,Processing_Time
1,1,0,3879789,Service,12.458593215845507,-2.3092638912203256e-14,11.966666666666644,11.966666666666667
1,2,3879789,3878160,Service,11.375807554383467,23.342474221050125,35.309140887716794,11.966666666666669
1,3,3878160,3881123,Service,11.34790070743857,46.65704159515535,58.60704159515535,11.950000000000003
1,4,3881123,3879801,Service,10.0,68.60704159515535,80.45704159515535,11.849999999999994
1,5,3879801,0,Return to Base,10.0,,,
2,1,0,3881607,Service,10.0,-1.7763568394002505e-15,12.006666666666666,12.006666666666668
2,2,3881607,3881587,Service,11.75534067283408,23.76200733950074,35.76867400616741,12.006666666666668
2,3,3881587,3881650,Service,11.75534067283408,47.52401467900148,59.53068134566815,12.006666666666668
2,4,3881650,0,Return to Base,10.0,,,
