Operator_ID,Sequence_Rank,From_Node,To_Node,Activity_Type,Travel_Time,Start_Service,Finish_Service,Processing_Time
1,1,0,3884985,Service,11.451156041134691,0.0,11.7545899446861,11.7545899446861
1,2,3884985,0,Return to Base,11.451156041134691,,,
2,1,0,3889372,Service,11.462318779912652,0.0,11.620000000000001,11.620000000000001
2,2,3889372,3889365,Service,11.255808112520407,22.87580811252042,34.49580811252042,11.620000000000001
2,3,3889365,0,Return to Base,11.451156041134691,,,
3,1,0,3885002,Service,11.462318779912652,0.0,11.620000000000001,11.620000000000001
3,2,3885002,3884890,Service,11.255808112520407,22.87580811252042,34.49580811252042,11.620000000000001
3,3,3884890,0,Return to Base,11.451156041134691,,,
