Operator,Task,Start,Finish,Successor
1,3887506,0.0,10.85,3887513
1,3887513,21.6174382909847,32.45410495765137,3887540
1,3887540,43.22154324863607,54.05820991530273,3887286
1,3887286,64.82564820628744,75.67564820628743,0
