Operator_ID,Sequence_Rank,From_Node,To_Node,Activity_Type,Travel_Time,Start_Service,Finish_Service,Processing_Time
1,1,0,3889524,Service,10.775810345068162,0.0,10.223333333333333,10.223333333333333
1,2,3889524,3889493,Service,10.164650396974897,20.387983730308218,30.61131706364155,10.223333333333333
1,3,3889493,3890023,Service,10.14790628880796,40.75922335244951,51.00589001911618,10.24666666666667
1,4,3890023,0,Return to Base,10.717205966483878,,,
2,1,0,3884344,Service,10.717205966483878,0.0,10.256666666666666,10.256666666666666
2,2,3884344,3884598,Service,10.175813135752858,20.43247980241952,30.669146469086186,10.236666666666665
2,3,3884598,0,Return to Base,10.756275552206734,,,
