Operator,Task,Start,Finish,Successor
1,3883883,0.0,10.13,3871943
1,3871943,20.23046464900161,30.363797982334944,3886761
1,3886761,40.41403030683577,50.47403030683577,3874579
1,3874579,60.5242626313366,70.65092929800326,3874561
1,3874561,80.75139394700489,90.87806061367155,0
2,3884286,0.0,10.133333333333333,3871951
2,3871951,20.239379351723926,30.37271268505726,3871948
2,3871948,40.47875870344785,50.612092036781185,3871961
2,3871961,60.71813805517177,70.8514713885051,0
