Operator,Task,Start,Finish,Successor
1,3877060,0.0,10.346666666666668,3876835
1,3876835,20.709455676950345,31.056122343617012,3877052
1,3877052,41.41891135390069,51.76557802056736,3877018
1,3877018,62.12836703085104,72.4750336975177,3876852
1,3876852,82.83782270780138,93.18448937446804,3876848
1,3876848,103.54727838475172,113.89394505141838,3876858
1,3876858,124.25673406170206,134.60340072836874,3876922
1,3876922,144.96618973865242,155.31285640531908,3876933
1,3876933,165.67564541560276,176.02231208226942,0
