Operator,Task,Start,Finish,Successor
1,3880003,0.0,10.523333333333333,0
2,3880016,0.0,10.523333333333333,3879937
2,3879937,20.925191929339853,31.43185859600652,0
3,3879990,0.0,10.506666666666666,3879958
3,3879958,20.897362523895232,31.4040291905619,0
4,3879965,0.0,10.506666666666666,3879976
4,3879976,20.897362523895232,31.4040291905619,0
