Operator,Task,Start,Finish,Successor
1,3883248,3.552713678800501e-15,10.73666666666667,3883395
1,3883395,21.353407984148923,32.09007465081559,3883439
1,3883439,42.70681596829784,53.443482634964504,3883475
1,3883475,64.06022395244675,74.79689061911341,0
2,3883408,0.0,10.736666666666666,3883420
2,3883420,21.353407984148916,32.09007465081558,3883487
2,3883487,42.70681596829783,53.4434826349645,0
