Operator,Task,Start,Finish,Successor
1,3873205,0.0,11.21,3876682
1,3876682,21.974647606290205,33.184647606290206,3874790
1,3874790,43.94929521258041,55.15929521258041,0
2,3877806,0.0,11.21,3874815
2,3874815,21.974647606290205,33.184647606290206,3877874
2,3877874,43.94929521258041,55.15929521258041,0
