Operator_ID,Sequence_Rank,From_Node,To_Node,Activity_Type,Travel_Time,Start_Service,Finish_Service,Processing_Time
1,1,0,3882816,Service,11.199994418630611,0.0,10.183333333333334,10.183333333333334
1,2,3882816,3885578,Service,10.111627387779592,20.29496072111291,30.438294054446246,10.143333333333334
1,3,3885578,3882218,Service,10.111627387779592,40.54992144222582,50.719921442225825,10.170000000000002
1,4,3882218,3880774,Service,10.13395286533551,60.85387430756134,71.13054097422801,10.27666666666667
1,5,3880774,3882233,Service,10.13395286533551,81.26449383956353,91.43449383956353,10.170000000000002
1,6,3882233,3880484,Service,10.13395286533551,101.56844670489905,111.75178003823238,10.183333333333337
1,7,3880484,3886427,Service,10.111627387779592,121.86340742601196,132.0067407593453,10.14333333333333
1,8,3886427,3880433,Service,10.111627387779592,142.11836814712487,152.39503481379154,10.27666666666667
1,9,3880433,0,Return to Base,11.199994418630611,,,
