Operator_ID,Sequence_Rank,From_Node,To_Node,Activity_Type,Travel_Time,Start_Service,Finish_Service,Processing_Time
1,1,0,3881169,Service,11.199994418630611,0.0,10.64,10.64
1,2,3881169,3881777,Service,10.79534513792959,21.435345137929588,32.07534513792959,10.64
1,3,3881777,3881598,Service,10.79534513792959,42.870690275859175,53.510690275859176,10.64
1,4,3881598,3881774,Service,10.79534513792959,64.30603541378876,74.94603541378876,10.64
1,5,3881774,0,Return to Base,11.199994418630611,,,
2,1,0,3881590,Service,11.199994418630611,0.0,10.64,10.64
2,2,3881590,3895267,Service,10.798135822624081,21.43813582262409,32.07813582262409,10.64
2,3,3895267,3881622,Service,10.798135822624081,42.87627164524818,53.51627164524818,10.64
2,4,3881622,0,Return to Base,11.199994418630611,,,
