Operator_ID,Sequence_Rank,From_Node,To_Node,Activity_Type,Travel_Time,Start_Service,Finish_Service,Processing_Time
1,1,0,3884489,Service,11.3674355003,0.0,11.226666666666667,11.226666666666667
1,2,3884489,3884125,Service,11.275342905381835,22.502009572048514,33.72867623871518,11.226666666666667
1,3,3884125,3883753,Service,11.275342905381835,45.00401914409703,56.230685810763696,11.226666666666667
1,4,3883753,3884507,Service,11.275342905381835,67.50602871614555,78.73269538281221,11.22666666666666
1,5,3884507,3884119,Service,11.275342905381835,90.00803828819406,101.23470495486072,11.22666666666666
1,6,3884119,3876968,Service,11.314412491104692,112.54911744596541,123.81578411263207,11.266666666666666
1,7,3876968,0,Return to Base,11.311621806410203,,,
