Operator,Task,Start,Finish,Successor
1,3882183,0.0,10.436666666666667,3876879
1,3876879,20.77433951469993,31.201006181366594,3884757
1,3884757,41.54984176817782,51.966508434844485,3884789
1,3884789,62.346041553295095,72.83270821996176,3885198
1,3885198,83.22061339249585,93.64728005916251,3889013
1,3889013,104.05472002455801,114.55805335789134,0
