Operator,Task,Start,Finish,Successor
1,3882045,0.0,10.196666666666667,3872309
1,3872309,20.36131706364157,30.554650396974907,3874556
1,3874556,40.71930079394981,50.91596746061648,3882332
1,3882332,61.083951190924715,71.28061785759138,0
2,3884572,0.0,10.196666666666667,3878009
2,3878009,20.36131706364157,30.557983730308237,3878378
2,3878378,40.72263412728314,50.91930079394981,3878390
2,3878390,61.083951190924715,71.28061785759138,0
