Operator_ID,Sequence_Rank,From_Node,To_Node,Activity_Type,Travel_Time,Start_Service,Finish_Service,Processing_Time
1,1,0,3888458,Service,10.0,0.0,10.423333333333334,10.423333333333334
1,2,3888458,3881328,Service,10.346044902116734,20.769378235450063,31.13604490211673,10.366666666666667
1,3,3881328,3881402,Service,10.318138055171836,41.45418295728856,51.820849623955226,10.366666666666667
1,4,3881402,3880890,Service,10.318138055171836,62.138987679127055,72.50565434579372,10.36666666666666
1,5,3880890,3888492,Service,10.346044902116734,82.85169924791045,93.27503258124378,10.423333333333332
1,6,3888492,0,Return to Base,10.0,,,
