Operator,Task,Start,Finish,Successor
1,3878761,1.7763568394002505e-15,10.274495783438185,3878730
1,3878730,20.349844270189394,30.501006720294242,3888346
1,3888346,40.57635520704545,50.737517657150306,0
2,3878737,0.0,10.106666666666667,3888247
2,3888247,20.173643099334434,30.2603097660011,3888351
2,3888351,40.32170482927988,50.4695339460514,3888243
2,3888243,60.56162654096957,70.67162654096957,0
