Operator,Task,Start,Finish,Successor
1,3877452,0.0,11.223333333333333,3877267
1,3877267,21.9991436784015,33.22247701173483,3873339
1,3873339,43.998287356803,55.221620690136334,3874467
1,3874467,65.9974310352045,77.22076436853783,0
