Operator,Task,Start,Finish,Successor
1,3877053,0.0,11.21,3880376
1,3880376,21.974647606290205,33.184647606290206,3878547
1,3878547,43.94929521258041,55.15929521258041,0
2,3880801,0.0,11.21,3878657
2,3878657,21.974647606290205,33.184647606290206,3880814
2,3880814,43.94929521258041,55.15929521258041,0
