Operator_ID,Sequence_Rank,From_Node,To_Node,Activity_Type,Travel_Time,Start_Service,Finish_Service,Processing_Time
1,1,0,3877822,Service,11.174878256380202,0.0,11.21,11.21
1,2,3877822,3878265,Service,10.764647606290204,21.974647606290205,33.184647606290206,11.21
1,3,3878265,3886851,Service,10.764647606290204,43.94929521258041,55.15929521258041,11.21
1,4,3886851,3890483,Service,10.764647606290204,65.92394281887061,77.13394281887062,11.210000000000008
1,5,3890483,0,Return to Base,11.174878256380202,,,
2,1,0,3884307,Service,11.174878256380202,-1.7763568394002505e-15,11.209999999999999,11.21
2,2,3884307,3884377,Service,10.764647606290204,21.974647606290205,33.184647606290206,11.21
2,3,3884377,3890876,Service,10.764647606290204,43.94929521258041,55.15929521258041,11.21
2,4,3890876,0,Return to Base,11.174878256380202,,,
