Operator,Task,Start,Finish,Successor
1,3882292,0.0,11.223333333333333,3881388
1,3881388,21.9991436784015,33.22247701173483,3879840
1,3879840,43.998287356803,55.221620690136334,3880381
1,3880381,65.9974310352045,77.22076436853783,0
