Operator,Task,Start,Finish,Successor
1,3877997,0.0,10.403333333333332,3878771
1,3878771,20.766122343617003,31.149455676950335,3878043
1,3878043,41.512244687234016,51.91557802056735,0
2,3883546,0.0,10.346666666666668,3887516
2,3887516,20.720618415728303,31.123951749061636,3887244
2,3887244,41.497903498123264,51.9012368314566,0
