Operator,Task,Start,Finish,Successor
1,3880935,0.0,10.436666666666667,3877529
1,3877529,20.799455676950345,31.299455676950345,0
2,3876681,0.0,10.653333333333332,3880950
2,3880950,21.0998428844517,31.536509551118368,0
