Operator_ID,Sequence_Rank,From_Node,To_Node,Activity_Type,Travel_Time,Start_Service,Finish_Service,Processing_Time
1,1,0,3876631,Service,11.09673908493449,0.0,11.21,11.21
1,2,3876631,3890914,Service,10.876274994069796,22.086274994069804,32.96294166073647,10.876666666666665
1,3,3890914,3894123,Service,10.775810345068162,43.738752005804635,54.57875200580463,10.839999999999996
1,4,3894123,3889727,Service,10.775810345068162,65.3545623508728,76.23122901753946,10.876666666666665
1,5,3889727,3876986,Service,10.92650731857061,87.15773633611008,98.37773633611008,11.219999999999999
1,6,3876986,0,Return to Base,10.0,,,
