Operator_ID,Sequence_Rank,From_Node,To_Node,Activity_Type,Travel_Time,Start_Service,Finish_Service,Processing_Time
1,1,0,3880716,Service,10.80650787670755,-1.7763568394002505e-15,10.879999999999999,10.88
1,2,3880716,3880730,Service,10.708833912400408,21.58883391240036,32.46883391240036,10.880000000000003
1,3,3880730,3876710,Service,10.739531444039795,43.20836535644015,54.115032023106814,10.906666666666666
1,4,3876710,0,Return to Base,10.792554453235102,,,
2,1,0,3880738,Service,10.80650787670755,-1.7763568394002505e-15,10.879999999999999,10.88
2,2,3880738,3884748,Service,10.697671173622448,21.57767117362243,32.331004506955765,10.753333333333334
2,3,3884748,3884749,Service,10.647438849121633,42.978443356077406,53.74511002274407,10.766666666666666
2,4,3884749,3880755,Service,10.697671173622448,64.44278119636651,75.3227811963665,10.879999999999995
2,5,3880755,0,Return to Base,10.80650787670755,,,
