Operator_ID,Sequence_Rank,From_Node,To_Node,Activity_Type,Travel_Time,Start_Service,Finish_Service,Processing_Time
1,1,0,3873658,Service,10.566508992981428,0.0,10.663333333333334,10.663333333333334
1,2,3873658,3871729,Service,10.552555569508979,21.215888902842316,31.875888902842316,10.66
1,3,3871729,3877568,Service,10.54976488481449,42.42565378765681,53.08565378765681,10.659999999999997
1,4,3877568,3890818,Service,10.566508992981428,63.652162780638236,74.38216278063824,10.730000000000004
1,5,3890818,0,Return to Base,10.558136938897958,,,
