Operator,Task,Start,Finish,Successor
1,3890805,0.0,11.21,3890913
1,3890913,21.974647606290198,33.1846476062902,0
2,3894340,0.0,11.21,3894267
2,3894267,21.974647606290198,33.1846476062902,0
3,3894176,0.0,11.21,3890828
3,3890828,21.974647606290198,33.1846476062902,0
