Operator,Task,Start,Finish,Successor
1,3887601,0.0,10.433333333333334,3880136
1,3880136,20.751471388505163,31.214804721838497,3882950
1,3882950,41.52457072292686,51.897904056260195,3880149
1,3880149,62.20767005734856,72.67100339068189,0
