Operator,Task,Start,Finish,Successor
1,3891197,0.0,10.23,3891094
1,3891094,20.44209203678123,30.615425370114565,0
2,3891220,0.0,10.23,0
3,3891074,0.0,10.173333333333334,3894889
3,3894889,20.335193045613735,30.488526378947068,0
4,3891206,0.0,10.23,3891086
4,3891086,20.44209203678123,30.615425370114565,0
5,3889335,0.0,10.233333333333333,3890422
5,3890422,20.45937879358702,30.636045460253687,0
