Operator_ID,Sequence_Rank,From_Node,To_Node,Activity_Type,Travel_Time,Start_Service,Finish_Service,Processing_Time
1,1,0,3887230,Service,10.661392272594082,0.0,10.983333333333333,10.983333333333333
1,2,3887230,3891333,Service,10.697671173622448,21.681004506955773,32.38767117362244,10.706666666666663
1,3,3891333,0,Return to Base,10.661392272594082,,,
2,1,0,3887186,Service,10.661392272594082,0.0,10.983333333333333,10.983333333333333
2,2,3887186,3887218,Service,10.879065678764285,21.86239901209761,32.845732345430946,10.983333333333334
2,3,3887218,0,Return to Base,10.661392272594082,,,
3,1,0,3887203,Service,10.661392272594082,0.0,10.983333333333333,10.983333333333333
3,2,3887203,3894471,Service,10.697671173622448,21.681004506955773,32.38767117362244,10.706666666666663
3,3,3894471,0,Return to Base,10.661392272594082,,,
