Operator,Task,Start,Finish,Successor
1,3884160,0.0,11.223333333333333,0
2,3884300,0.0,11.223333333333333,3882923
2,3882923,21.999143678401484,33.22247701173482,0
3,3883988,0.0,11.223333333333333,3882925
3,3882925,21.999143678401484,33.22247701173482,0
4,3883279,0.0,11.223333333333333,3883320
4,3883320,21.999143678401484,33.22247701173482,0
