Operator,Task,Start,Finish,Successor
1,3891429,0.0,10.472126461433623,3891479
1,3891479,20.798636570688934,31.27076303212256,3891464
1,3891464,41.61122656485033,52.10001969295062,3891462
1,3891462,62.43769254098388,72.92315233575084,3887597
1,3887597,83.2384997062282,93.58183303956153,3886541
1,3886541,103.87485493248295,114.27818826581628,0
