Operator_ID,Sequence_Rank,From_Node,To_Node,Activity_Type,Travel_Time,Start_Service,Finish_Service,Processing_Time
1,1,0,3888705,Service,10.845577462430407,0.0,10.926666666666666,10.926666666666666
1,2,3888705,3888727,Service,10.904181841014694,21.830848507681363,32.75751517434803,10.926666666666666
1,3,3888727,3888654,Service,10.904181841014694,43.66169701536273,54.588363682029396,10.926666666666662
1,4,3888654,3876742,Service,10.94883279612653,65.53719647815593,76.5038631448226,10.966666666666669
1,5,3876742,3876818,Service,10.93487937265408,87.43874251747668,98.40540918414335,10.966666666666669
1,6,3876818,3876718,Service,10.93487937265408,109.34028855679743,120.3069552234641,10.966666666666669
1,7,3876718,3880447,Service,10.93487937265408,131.24183459611817,142.25183459611816,11.009999999999991
1,8,3880447,0,Return to Base,10.784182399151632,,,
