Operator_ID,Sequence_Rank,From_Node,To_Node,Activity_Type,Travel_Time,Start_Service,Finish_Service,Processing_Time
1,1,0,3880935,Service,10.915344579792652,0.0,10.436666666666667,10.436666666666667
1,2,3880935,3877529,Service,10.362789010283674,20.799455676950345,31.299455676950345,10.5
1,3,3877529,0,Return to Base,11.07720429207306,,,
2,1,0,3876681,Service,10.95162348082102,0.0,10.653333333333332,10.653333333333332
2,2,3876681,3880950,Service,10.446509551118368,21.0998428844517,31.536509551118368,10.436666666666667
2,3,3880950,0,Return to Base,10.915344579792652,,,
