Operator,Task,Start,Finish,Successor
1,3880716,-1.7763568394002505e-15,10.879999999999999,3880730
1,3880730,21.58883391240036,32.46883391240036,3876710
1,3876710,43.20836535644015,54.115032023106814,0
2,3880738,-1.7763568394002505e-15,10.879999999999999,3884748
2,3884748,21.57767117362243,32.331004506955765,3884749
2,3884749,42.978443356077406,53.74511002274407,3880755
2,3880755,64.44278119636651,75.3227811963665,0
