Operator,Task,Start,Finish,Successor
1,3873650,3.552713678800501e-15,10.763333333333337,3888209
1,3888209,21.34100506509272,32.07100506509272,3873649
1,3873649,42.6486767968521,53.4186767968521,0
2,3877570,0.0,10.786666666666667,3885314
2,3885314,21.40061729945441,32.19061729945441,0
