Operator,Task,Start,Finish,Successor
1,3886377,0.0,10.65,3886432
1,3886432,21.222090362370402,31.862090362370402,3886501
1,3886501,42.43418072474081,53.02418072474081,0
2,3886480,7.105427357601002e-15,10.590000000000007,3886406
2,3886406,21.162090362370414,31.812090362370416,3886489
2,3886489,42.4341807247408,53.0241807247408,0
3,3886365,0.0,10.65,3886459
3,3886459,21.222090362370402,31.862090362370402,3885562
3,3885562,42.43418072474081,53.02418072474081,0
