Operator_ID,Sequence_Rank,From_Node,To_Node,Activity_Type,Travel_Time,Start_Service,Finish_Service,Processing_Time
1,1,0,3877229,Service,11.174878256380202,0.0,11.21,11.21
1,2,3877229,3883199,Service,10.764647606290204,21.974647606290198,33.1846476062902,11.21
1,3,3883199,3874793,Service,10.764647606290204,43.949295212580395,55.159295212580396,11.21
1,4,3874793,0,Return to Base,11.174878256380202,,,
2,1,0,3874705,Service,11.174878256380202,0.0,11.21,11.21
2,2,3874705,3874659,Service,10.764647606290204,21.974647606290198,33.1846476062902,11.21
2,3,3874659,0,Return to Base,11.174878256380202,,,
