Operator,Task,Start,Finish,Successor
1,3883267,0.0,10.916666666666666,3889337
1,3889337,21.505501137204,31.505501137204,3884707
1,3884707,42.049684652629516,52.049684652629516,3889347
1,3889347,62.593868168055025,72.59386816805502,3883278
1,3883278,83.18270263859235,94.09936930525902,3878780
1,3878780,104.66029692885147,115.4036302621848,3883235
1,3883235,125.85572118269214,136.61905451602547,3878803
1,3878803,147.07114543653282,157.81447876986616,3883947
1,3883947,168.36982502406963,179.65315835740296,0
