Operator,Task,Start,Finish,Successor
1,3873659,0.0,10.341505011161846,3881714
1,3881714,20.46429513771941,30.600961804386078,3890091
1,3890091,40.72096124624913,50.86096124624913,0
2,3873595,1.7763568394002505e-15,10.170000000000002,3873604
2,3873604,20.295580811252044,30.46224747791871,3873568
2,3873568,40.59340965855973,50.76007632522639,0
