Operator_ID,Sequence_Rank,From_Node,To_Node,Activity_Type,Travel_Time,Start_Service,Finish_Service,Processing_Time
1,1,0,3881638,Service,10.636276110343672,0.0,11.125224898394071,11.125224898394071
1,2,3881638,3878717,Service,10.781391714457142,21.90661661285122,32.99850817791196,11.091891565060738
1,3,3878717,0,Return to Base,10.636276110343672,,,
2,1,0,3885876,Service,10.622322686871223,0.0,11.14321532208866,11.14321532208866
2,2,3885876,3872443,Service,10.81208924609653,21.95530456818519,31.95530456818519,10.0
2,3,3872443,0,Return to Base,10.644648164427142,,,
