Operator,Task,Start,Finish,Successor
1,3877514,-1.7763568394002505e-15,11.481227676775324,3877636
1,3877636,22.332386508594553,33.62238650859455,3877638
1,3877638,44.46238260163599,54.46238260163599,3878757
1,3878757,65.30237869467742,76.53571202801075,3890120
1,3890120,87.425940445553,98.535940445553,3888263
1,3888263,109.42616886309523,120.54950219642856,3891460
1,3891460,131.38391692008102,142.52058358674768,3888334
1,3888334,153.45546295940176,164.63212962606843,0
