Operator_ID,Sequence_Rank,From_Node,To_Node,Activity_Type,Travel_Time,Start_Service,Finish_Service,Processing_Time
1,1,0,3883260,Service,11.199994418630611,0.0,11.223333333333244,11.223333333333244
1,2,3883260,3884000,Service,10.775810345068162,21.999143678401396,33.222477011734725,11.22333333333333
1,3,3884000,3883531,Service,10.775810345068162,43.99828735680288,55.221620690136206,11.22333333333333
1,4,3883531,3883129,Service,10.775810345068162,65.99743103520436,77.22076436853769,11.22333333333333
1,5,3883129,3880446,Service,10.775810345068162,87.99657471360584,99.21990804693917,11.22333333333333
1,6,3880446,3881877,Service,10.775810345068162,109.99571839200732,121.21905172534065,11.22333333333333
1,7,3881877,3883268,Service,10.775810345068162,131.9948620704088,143.21819540374213,11.22333333333333
1,8,3883268,3883998,Service,10.775810345068162,153.99400574881028,165.2173390821436,11.22333333333333
1,9,3883998,0,Return to Base,11.199994418630611,,,
