Operator,Task,Start,Finish,Successor
1,3880055,0.0,10.49,3880044
1,3880044,20.916974758256927,31.40697475825693,3880004
1,3880004,41.833949516513854,52.323949516513856,0
2,3886361,0.0,10.456666666666667,3886390
2,3886390,20.847362523895228,31.304029190561895,3886375
2,3886375,41.694725047790456,52.15139171445712,3886398
2,3886398,62.542087571685684,72.99875423835235,0
