Operator,Task,Start,Finish,Successor
1,3872122,0.0,10.0,3872069
1,3872069,21.074413607378403,31.074413607378403,3880770
1,3880770,42.0790600973947,52.90239343072804,3871480
1,3871480,63.907039920744346,75.29037325407768,3884206
1,3884206,86.36478686145625,96.36478686145625,3882934
1,3882934,107.06803940446765,117.98470607113433,3886405
1,3886405,128.68795861414574,138.68795861414574,3882909
1,3882909,149.39121115715716,160.30787782382382,3886380
1,3886380,171.01113036683523,181.01113036683523,0
