Operator,Task,Start,Finish,Successor
1,3889759,0.0,10.476666666666667,3894182
1,3894182,20.914804163701568,31.384804163701567,3894102
1,3894102,41.81736029134749,52.28736029134749,3894398
1,3894398,62.719916418993414,73.25658308566008,0
