Operator,Task,Start,Finish,Successor
1,3885465,0.0,11.21,3887165
1,3887165,21.974647606290198,33.1846476062902,0
2,3886861,0.0,11.21,3886440
2,3886440,21.974647606290198,33.1846476062902,0
3,3887363,0.0,11.21,3885653
3,3885653,21.974647606290198,33.1846476062902,0
4,3887223,0.0,11.21,3890282
4,3890282,21.974647606290198,33.1846476062902,0
