Operator,Task,Start,Finish,Successor
1,3888290,0.0,11.45538704789029,3873585
1,3873585,22.543754078741312,33.797087412074646,3873535
1,3873535,44.94126813681545,56.224601470148784,0
2,3878253,0.0,11.216666666666667,3890257
2,3890257,22.31619643629565,33.52286310296232,3891069
2,3891069,44.61681150320233,55.82014483653566,3891073
2,3891073,66.91130255208117,78.13796921874783,0
