Operator,Task,Start,Finish,Successor
1,3872685,0.0,11.223333333333333,3872669
1,3872669,21.999143678401484,33.22247701173482,3882800
1,3882800,43.99828735680297,55.221620690136305,3872653
1,3872653,65.99743103520446,77.22076436853779,0
2,3872825,0.0,11.223333333333333,3881324
2,3881324,21.999143678401484,33.22247701173482,3880298
2,3880298,43.99828735680297,55.221620690136305,0
