Operator,Task,Start,Finish,Successor
1,3881971,0.0,10.233333333333333,3880480
1,3880480,20.372867568057828,30.606200901391162,3883264
1,3883264,40.745735136115655,50.97906846944899,3880097
1,3880097,61.11860270417348,71.33860270417348,0
2,3883456,0.0,10.233333333333333,3883394
2,3883394,20.372867568057828,30.606200901391162,3883453
2,3883453,40.745735136115655,50.97906846944899,0
