Operator_ID,Sequence_Rank,From_Node,To_Node,Activity_Type,Travel_Time,Start_Service,Finish_Service,Processing_Time
1,1,0,3885219,Service,11.174878256380202,0.0,10.416666666666666,10.416666666666666
1,2,3885219,3890771,Service,10.373951749061632,20.790618415728293,31.193951749061625,10.403333333333332
1,3,3890771,3884559,Service,10.373951749061632,41.56790349812326,51.971236831456594,10.403333333333336
1,4,3884559,3885425,Service,10.373951749061632,62.345188580518226,72.74852191385156,10.403333333333336
1,5,3885425,0,Return to Base,11.174878256380202,,,
2,1,0,3888401,Service,11.174878256380202,0.0,10.416666666666666,10.416666666666666
2,2,3888401,3888408,Service,10.387905172534081,20.80457183920076,31.221238505867426,10.416666666666664
2,3,3888408,3887741,Service,10.387905172534081,41.609143678401516,52.02914367840152,10.420000000000002
2,4,3887741,0,Return to Base,11.174878256380202,,,
