Operator,Task,Start,Finish,Successor
1,3878618,0.0,11.223333333333333,3879830
1,3879830,21.999143678401477,33.22247701173481,3881178
1,3881178,43.99828735680296,55.22162069013629,3880967
1,3880967,65.99743103520444,77.22076436853777,0
2,3878912,0.0,11.223333333333333,3886723
2,3886723,21.999143678401477,33.22247701173481,3882098
2,3882098,43.99828735680296,55.22162069013629,3880191
2,3880191,65.99743103520444,77.22076436853777,0
