Operator_ID,Sequence_Rank,From_Node,To_Node,Activity_Type,Travel_Time,Start_Service,Finish_Service,Processing_Time
1,1,0,3887370,Service,11.174878256380202,0.0,10.16,10.16
1,2,3887370,3887958,Service,10.13674355003,20.29674355002999,30.460076883363325,10.163333333333334
1,3,3887958,0,Return to Base,11.174878256380202,,,
2,1,0,3886812,Service,11.174878256380202,0.0,10.16,10.16
2,2,3886812,3887887,Service,10.13674355003,20.29674355002999,30.460076883363325,10.163333333333334
2,3,3887887,0,Return to Base,11.174878256380202,,,
3,1,0,3886826,Service,11.174878256380202,-1.7763568394002505e-15,10.159999999999998,10.16
3,2,3886826,3888010,Service,10.13674355003,20.296743550029987,30.46007688336332,10.163333333333334
3,3,3888010,0,Return to Base,11.174878256380202,,,
