Operator,Task,Start,Finish,Successor
1,3885215,0.0,10.656666666666666,3884435
1,3884435,21.17294333514726,31.926276668480593,0
2,3885260,0.0,10.656666666666666,3894378
2,3894378,21.257904614397145,32.01123794773048,0
3,3888354,0.0,10.656666666666666,3884457
3,3884457,21.17294333514726,31.926276668480593,0
4,3884641,0.0,10.753333333333334,3891541
4,3891541,21.26123794773048,32.01123794773048,0
