Operator,Task,Start,Finish,Successor
1,3872742,0.0,10.0,3890389
1,3890389,20.443718866423865,30.443718866423865,3873051
1,3873051,40.88743773284773,50.88743773284773,3894160
1,3894160,61.331156599271594,71.3311565992716,0
2,3873071,0.0,10.0,3894187
2,3894187,20.443718866423865,30.443718866423865,3873065
2,3873065,40.88743773284773,50.88743773284773,0
