Operator_ID,Sequence_Rank,From_Node,To_Node,Activity_Type,Travel_Time,Start_Service,Finish_Service,Processing_Time
1,1,0,3894450,Service,11.370226184994488,0.0,10.276666666666667,10.276666666666667
1,2,3894450,3894503,Service,10.175813135752858,20.45247980241953,30.66247980241953,10.21
1,3,3894503,0,Return to Base,11.370226184994488,,,
2,1,0,3894448,Service,11.370226184994488,0.0,10.21,10.21
2,2,3894448,3894513,Service,10.175813135752858,20.385813135752862,30.595813135752863,10.21
2,3,3894513,0,Return to Base,11.370226184994488,,,
3,1,0,3894469,Service,11.386970293161427,0.0,10.436666666666667,10.436666666666667
3,2,3894469,0,Return to Base,11.386970293161427,,,
