Operator,Task,Start,Finish,Successor
1,3886938,1.7763568394002505e-15,10.200000000000001,3880597
1,3880597,20.317208757168586,30.523875423835253,3880102
1,3880102,40.64666555039281,50.71999888372615,3881941
1,3881941,60.83720764089473,71.03720764089474,0
2,3880490,0.0,10.196666666666667,3872844
2,3872844,20.31108473914074,30.504418072474074,3890117
2,3890117,40.61883614494816,50.81550281161483,3886945
2,3886945,60.9299208840889,71.1299208840889,0
