Operator,Task,Start,Finish,Successor
1,3886602,0.0,11.21,0
2,3890211,0.0,11.21,3888093
2,3888093,21.974647606290198,33.1846476062902,0
3,3885442,0.0,11.21,3890912
3,3890912,21.974647606290198,33.1846476062902,0
4,3888385,0.0,11.21,3886428
4,3886428,21.974647606290198,33.1846476062902,0
5,3885227,0.0,11.21,3874873
5,3874873,21.974647606290198,33.1846476062902,0
