Operator_ID,Sequence_Rank,From_Node,To_Node,Activity_Type,Travel_Time,Start_Service,Finish_Service,Processing_Time
1,1,0,3877988,Service,11.174878256380202,0.0,11.209999999999866,11.209999999999866
1,2,3877988,3874662,Service,10.764647606290204,21.974647606290063,33.18464760629006,11.21
1,3,3874662,3880615,Service,10.764647606290204,43.94929521258026,55.15929521258026,11.21
1,4,3880615,3877481,Service,10.764647606290204,65.92394281887046,77.13394281887045,11.209999999999994
1,5,3877481,3874685,Service,10.764647606290204,87.89859042516065,99.10859042516066,11.210000000000008
1,6,3874685,3884549,Service,10.764647606290204,109.87323803145085,121.08323803145086,11.210000000000008
1,7,3884549,3878275,Service,10.764647606290204,131.84788563774106,143.05788563774107,11.210000000000008
1,8,3878275,3883167,Service,10.764647606290204,153.82253324403126,165.03253324403127,11.210000000000008
1,9,3883167,0,Return to Base,11.174878256380202,,,
