Operator_ID,Sequence_Rank,From_Node,To_Node,Activity_Type,Travel_Time,Start_Service,Finish_Service,Processing_Time
1,1,0,3872286,Service,11.174878256380202,0.0,10.156666666666666,10.156666666666666
1,2,3872286,3873258,Service,10.125580811252041,20.282247477918702,30.4322474779187,10.149999999999999
1,3,3873258,0,Return to Base,11.174878256380202,,,
2,1,0,3872063,Service,11.174878256380202,0.0,10.156666666666666,10.156666666666666
2,2,3872063,3873228,Service,10.125580811252041,20.282247477918702,30.4322474779187,10.149999999999999
2,3,3873228,0,Return to Base,11.174878256380202,,,
3,1,0,3873383,Service,11.174878256380202,0.0,10.156666666666666,10.156666666666666
3,2,3873383,3872300,Service,10.13116218064102,20.28782884730768,30.444495513974346,10.156666666666666
3,3,3872300,0,Return to Base,11.174878256380202,,,
