Operator_ID,Sequence_Rank,From_Node,To_Node,Activity_Type,Travel_Time,Start_Service,Finish_Service,Processing_Time
1,1,0,3880547,Service,10.93208868795959,0.0,10.583333333333334,10.583333333333334
1,2,3880547,3884794,Service,10.41023065009,20.99356398342334,31.566897316756673,10.573333333333334
1,3,3884794,3880575,Service,10.41023065009,41.977127966846666,52.56046130018,10.583333333333336
1,4,3880575,0,Return to Base,10.93208868795959,,,
2,1,0,3880588,Service,10.93208868795959,0.0,10.583333333333334,10.583333333333334
2,2,3880588,3880671,Service,10.424184073562449,21.0075174068958,31.564184073562465,10.556666666666665
2,3,3880671,3880562,Service,10.424184073562449,41.988368147124916,52.57170148045825,10.583333333333336
2,4,3880562,0,Return to Base,10.93208868795959,,,
