Operator_ID,Sequence_Rank,From_Node,To_Node,Activity_Type,Travel_Time,Start_Service,Finish_Service,Processing_Time
1,1,0,3883314,Service,10.608369263398775,0.0,10.613333333333333,10.613333333333333
1,2,3883314,3882185,Service,10.507904614397143,21.12123794773048,31.734571281063815,10.613333333333333
1,3,3882185,3882186,Service,10.507904614397143,42.24247589546096,52.8558092287943,10.613333333333337
1,4,3882186,3887778,Service,10.507904614397143,63.36371384319145,73.97704717652478,10.61333333333333
1,5,3887778,3882190,Service,10.502323245008164,84.47937042153295,95.08603708819962,10.60666666666667
1,6,3882190,3885345,Service,10.502323245008164,105.58836033320779,116.20169366654112,10.61333333333333
1,7,3885345,0,Return to Base,10.580462416453877,,,
