Operator_ID,Sequence_Rank,From_Node,To_Node,Activity_Type,Travel_Time,Start_Service,Finish_Service,Processing_Time
1,1,0,3883379,Service,11.174878256380202,0.0,10.216666666666667,10.216666666666667
1,2,3883379,3894244,Service,10.12837149594653,20.345038162613207,30.49837149594654,10.153333333333332
1,3,3894244,3886556,Service,10.12837149594653,40.62674299189308,50.833409658559745,10.206666666666663
1,4,3886556,0,Return to Base,11.174878256380202,,,
2,1,0,3878047,Service,11.174878256380202,0.0,10.183333333333334,10.183333333333334
2,2,3878047,3890761,Service,10.189766559225307,20.373099892558653,30.57976655922532,10.206666666666667
2,3,3890761,3886567,Service,10.189766559225307,40.76953311845064,50.9761997851173,10.206666666666663
2,4,3886567,0,Return to Base,11.174878256380202,,,
