Operator,Task,Start,Finish,Successor
1,3881492,0.0,10.71,3883281
1,3883281,21.315578578704265,31.99224524537093,3887026
1,3887026,42.638288473076884,53.421621806410215,0
2,3881488,0.0,10.703333333333333,3881467
2,3881467,21.325656020204562,32.028989353537895,3881478
2,3881478,42.651312040409124,53.35464537374246,0
