Operator_ID,Sequence_Rank,From_Node,To_Node,Activity_Type,Travel_Time,Start_Service,Finish_Service,Processing_Time
1,1,0,3888323,Service,10.0,0.0,10.0,10.0
1,2,3888323,3882153,Service,10.0,20.0,30.0,10.0
1,3,3882153,3877670,Service,11.09115771554551,41.245204848114426,52.68201482912602,11.436809981011592
1,4,3877670,0,Return to Base,10.544183515425509,,,
2,1,0,3879070,Service,10.544183515425509,0.0,11.300321010364838,11.300321010364838
2,2,3879070,3877626,Service,10.0,21.30032101036484,31.3937976580431,10.093476647678258
2,3,3877626,3882154,Service,10.0,41.3937976580431,52.70713099137643,11.313333333333333
2,4,3882154,0,Return to Base,10.519067353175101,,,
