Operator_ID,Sequence_Rank,From_Node,To_Node,Activity_Type,Travel_Time,Start_Service,Finish_Service,Processing_Time
1,1,0,3889737,Service,10.0,0.0,11.113333333333333,11.113333333333333
1,2,3889737,3884845,Service,11.08278566146204,22.340227301268378,33.346893967935046,11.006666666666668
1,3,3884845,0,Return to Base,10.0,,,
2,1,0,3884862,Service,10.0,0.0,11.006666666666666,11.006666666666666
2,2,3884862,3884826,Service,11.07441360737857,22.08108027404524,33.08774694071191,11.006666666666668
2,3,3884826,0,Return to Base,10.0,,,
3,1,0,3884814,Service,10.0,0.0,11.006666666666666,11.006666666666666
3,2,3884814,3876721,Service,11.130227301268366,22.136893967935045,33.346893967935046,11.21
3,3,3876721,0,Return to Base,10.0,,,
