Operator_ID,Sequence_Rank,From_Node,To_Node,Activity_Type,Travel_Time,Start_Service,Finish_Service,Processing_Time
1,1,0,3877089,Service,10.909763210403673,0.0,10.42,10.42
1,2,3877089,3877067,Service,10.354416956200204,20.7744169562002,31.1944169562002,10.420000000000002
1,3,3877067,3890856,Service,10.382323803145102,41.57674075934532,52.08674075934532,10.509999999999998
1,4,3890856,0,Return to Base,10.915344579792652,,,
2,1,0,3877082,Service,10.909763210403673,0.0,10.42,10.42
2,2,3877082,3877039,Service,10.354416956200204,20.7744169562002,31.1944169562002,10.420000000000002
2,3,3877039,3891140,Service,10.382323803145102,41.57674075934531,52.12340742601198,10.546666666666667
2,4,3891140,0,Return to Base,10.884647048153264,,,
