Operator,Task,Start,Finish,Successor
1,3874568,0.0,10.646666666666667,3873123
1,3873123,20.64666666666667,31.293333333333337,3873379
1,3873379,41.29333333333334,51.940000000000005,3874588
1,3874588,61.940000000000005,72.58666666666667,0
