Operator_ID,Sequence_Rank,From_Node,To_Node,Activity_Type,Travel_Time,Start_Service,Finish_Service,Processing_Time
1,1,0,3888179,Service,11.462318779912652,0.0,10.121287546601259,10.121287546601259
1,2,3888179,3882194,Service,10.058604378584286,20.179891925185533,30.269891925185533,10.09
1,3,3882194,3891384,Service,10.033488216333877,40.30338014151939,50.40856746008237,10.105187318562976
1,4,3891384,3882188,Service,10.033488216333877,60.44205567641623,70.53205567641623,10.090000000000003
1,5,3882188,3884751,Service,10.039069585722856,80.57112526213912,90.58779192880579,10.016666666666666
1,6,3884751,3884779,Service,10.013953423472449,100.60174535227826,110.75246646025113,10.15072110797287
1,7,3884779,3888170,Service,10.027906846944898,120.780373307196,130.9583928189009,10.178019511704903
1,8,3888170,3882212,Service,10.039069585722856,140.99746240462378,151.07412907129043,10.076666666666654
1,9,3882212,0,Return to Base,11.462318779912652,,,
