Operator_ID,Sequence_Rank,From_Node,To_Node,Activity_Type,Travel_Time,Start_Service,Finish_Service,Processing_Time
1,1,0,3878772,Service,11.462318779912652,0.0,10.25,10.25
1,2,3878772,3883012,Service,10.14511560411347,20.39511560411347,30.66511560411347,10.27
1,3,3883012,3878763,Service,10.13953423472449,40.80464983883796,51.08798317217129,10.283333333333331
1,4,3878763,3882109,Service,10.13116218064102,61.219145352812305,71.3791453528123,10.159999999999997
1,5,3882109,3873597,Service,10.13116218064102,81.51030753345331,91.80150848780346,10.291200954350145
1,6,3873597,3877627,Service,10.14511560411347,101.94662409191693,112.31115837960041,10.364534287683483
1,7,3877627,0,Return to Base,11.462318779912652,,,
