Operator_ID,Sequence_Rank,From_Node,To_Node,Activity_Type,Travel_Time,Start_Service,Finish_Service,Processing_Time
1,1,0,3877558,Service,10.519067353175101,0.0,10.836857119747878,10.836857119747878
1,2,3877558,3877556,Service,10.625113371565714,21.461970491313597,32.26216094439481,10.80019045308121
1,3,3877556,0,Return to Base,10.552555569508979,,,
2,1,0,3877559,Service,10.527439407258571,0.0,10.763333333333334,10.763333333333334
2,2,3877559,3872680,Service,10.555346254203469,21.318679587536813,32.01534625420348,10.696666666666665
2,3,3872680,3885316,Service,10.555346254203469,42.57069250840694,52.630882961488155,10.060190453081212
2,4,3885316,0,Return to Base,10.0,,,
