Operator_ID,Sequence_Rank,From_Node,To_Node,Activity_Type,Travel_Time,Start_Service,Finish_Service,Processing_Time
1,1,0,3882074,Service,11.199994418630611,0.0,10.126666666666667,10.126666666666667
1,2,3882074,3883207,Service,10.111627387779592,20.23829405444627,30.371627387779604,10.133333333333333
1,3,3883207,0,Return to Base,11.199994418630611,,,
2,1,0,3883106,Service,11.199994418630611,0.0,10.133333333333333,10.133333333333333
2,2,3883106,3881601,Service,10.111627387779592,20.24496072111294,30.378294054446272,10.133333333333333
2,3,3881601,0,Return to Base,11.199994418630611,,,
3,1,0,3894545,Service,11.199994418630611,0.0,10.116666666666667,10.116666666666667
3,2,3894545,3881697,Service,10.097673964307143,20.214340630973815,30.34767396430715,10.133333333333333
3,3,3881697,0,Return to Base,11.199994418630611,,,
