Operator_ID,Sequence_Rank,From_Node,To_Node,Activity_Type,Travel_Time,Start_Service,Finish_Service,Processing_Time
1,1,0,3874502,Service,11.174878256380202,0.0,10.29,10.29
1,2,3874502,3878291,Service,10.13674355003,20.42674355002999,30.593410216696654,10.166666666666664
1,3,3878291,3878396,Service,10.13674355003,40.730153766726644,50.89682043339331,10.166666666666664
1,4,3878396,3878201,Service,10.13674355003,61.0335639834233,71.20023065008996,10.166666666666664
1,5,3878201,3874494,Service,10.13674355003,81.33697420011995,91.62697420011995,10.289999999999992
1,6,3874494,3885750,Service,10.13116218064102,101.75813638076096,111.91480304742763,10.156666666666666
1,7,3885750,3874526,Service,10.13116218064102,122.04596522806864,132.33596522806863,10.289999999999992
1,8,3874526,0,Return to Base,11.174878256380202,,,
