Operator,Task,Start,Finish,Successor
1,3888345,0.0,10.245112063751154,3873058
1,3873058,20.387436983170122,30.660770316503456,3873627
1,3873627,40.79193249714447,51.03037789422896,3871723
1,3871723,61.161540074869976,71.40154007486997,3888274
1,3888274,81.54386499428894,91.78897705804009,3885337
1,3885337,101.91455786929212,112.20455786929213,0
