Operator_ID,Sequence_Rank,From_Node,To_Node,Activity_Type,Travel_Time,Start_Service,Finish_Service,Processing_Time
1,1,0,3883248,Service,10.736740759345306,3.552713678800501e-15,10.73666666666667,10.736666666666666
1,2,3883248,3883395,Service,10.616741317482244,21.353407984148923,32.09007465081559,10.736666666666665
1,3,3883395,3883439,Service,10.616741317482244,42.70681596829784,53.443482634964504,10.736666666666665
1,4,3883439,3883475,Service,10.616741317482244,64.06022395244675,74.79689061911341,10.736666666666665
1,5,3883475,0,Return to Base,10.736740759345306,,,
2,1,0,3883408,Service,10.736740759345306,0.0,10.736666666666666,10.736666666666666
2,2,3883408,3883420,Service,10.616741317482244,21.353407984148916,32.09007465081558,10.736666666666665
2,3,3883420,3883487,Service,10.616741317482244,42.70681596829783,53.4434826349645,10.736666666666665
2,4,3883487,0,Return to Base,10.736740759345306,,,
