Operator_ID,Sequence_Rank,From_Node,To_Node,Activity_Type,Travel_Time,Start_Service,Finish_Service,Processing_Time
1,1,0,3883162,Service,10.853949516513877,0.0,10.306666666666667,10.306666666666667
1,2,3883162,3883130,Service,10.256742991893061,20.56340965855972,30.870076325226385,10.306666666666665
1,3,3883130,3877620,Service,10.507904614397143,41.377980939623534,51.95798093962353,10.579999999999998
1,4,3877620,0,Return to Base,10.636276110343672,,,
2,1,0,3883139,Service,10.853949516513877,0.0,10.306666666666667,10.306666666666667
2,2,3883139,3883147,Service,10.256742991893061,20.56340965855972,30.870076325226385,10.306666666666665
2,3,3883147,3883118,Service,10.256742991893061,41.12681931711944,51.433485983786106,10.306666666666665
2,4,3883118,0,Return to Base,10.853949516513877,,,
