Operator,Task,Start,Finish,Successor
1,3882071,0.0,11.223333333333333,3882036
1,3882036,21.999143678401484,33.22247701173482,3883336
1,3883336,43.99828735680297,55.221620690136305,3881445
1,3881445,65.99743103520446,77.22076436853779,0
2,3882362,0.0,11.223333333333333,3882827
2,3882827,21.999143678401484,33.22247701173482,3882796
2,3882796,43.99828735680297,55.221620690136305,0
