Operator,Task,Start,Finish,Successor
1,3883152,0.0,10.626666666666667,3883170
1,3883170,21.22108250659298,31.847749173259643,3887069
1,3887069,42.701698689773515,53.351698689773514,0
2,3883185,0.0,10.626666666666667,3883136
2,3883136,21.22108250659298,31.847749173259643,3886834
2,3886834,42.701698689773515,53.351698689773514,0
