Operator,Task,Start,Finish,Successor
1,3880893,0.0,10.213333333333333,3880895
1,3880895,20.391937153780674,30.605270487114005,3880872
1,3880872,40.78387430756135,50.99720764089468,3880903
1,3880903,61.17581146134203,71.38914479467536,3881916
1,3881916,81.58170203859515,91.77503537192848,3881366
1,3881366,101.92294166073647,112.09960832740313,3881928
1,3881928,122.2475146162111,132.44084794954443,0
