Operator,Task,Start,Finish,Successor
1,3883668,0.0,11.213333333333333,3883616
1,3883616,22.438443914214353,33.651777247547685,3883555
1,3883555,44.87688782842871,56.09022116176204,3883595
1,3883595,67.31533174264305,78.52866507597639,3883578
1,3883578,89.75377565685741,100.96710899019075,3883712
1,3883712,112.19221957107177,123.40555290440511,3883656
1,3883656,134.63066348528614,145.84399681861947,3883523
1,3883523,157.0691073995005,168.28244073283383,3883692
1,3883692,179.50755131371486,190.7208846470482,0
