Operator_ID,Sequence_Rank,From_Node,To_Node,Activity_Type,Travel_Time,Start_Service,Finish_Service,Processing_Time
1,1,0,3872576,Service,11.07720429207306,0.0,10.026666666666667,10.026666666666667
1,2,3872576,3872579,Service,10.022325477555919,20.04899214422259,30.692515930637136,10.643523786414544
1,3,3872579,0,Return to Base,10.636276110343672,,,
2,1,0,3877110,Service,11.07441360737857,0.0,10.04,10.04
2,2,3877110,3872586,Service,10.033488216333877,20.073488216333878,30.160345336081754,10.086857119747876
2,3,3872586,0,Return to Base,11.07720429207306,,,
3,1,0,3890325,Service,10.636276110343672,0.0,10.613523786414543,10.613523786414543
3,2,3890325,0,Return to Base,10.636276110343672,,,
