Operator,Task,Start,Finish,Successor
1,3890258,0.0,10.183333333333334,3884461
1,3884461,20.336820991530285,30.52015432486362,3890270
1,3890270,40.67364198306057,50.8569753163939,3883981
1,3883981,61.01046297459085,71.19379630792419,3890239
1,3890239,81.34728396612114,91.53061729945448,3890237
1,3890237,101.68410495765143,111.86743829098477,3890245
1,3890245,122.02092594918172,132.20425928251504,3890259
1,3890259,142.357746940712,152.54108027404533,0
