Operator,Task,Start,Finish,Successor
1,3874607,0.0,11.21,3884263
1,3884263,21.974647606290198,33.1846476062902,0
2,3887351,0.0,11.21,3886481
2,3886481,21.974647606290198,33.1846476062902,0
3,3884918,0.0,11.21,3883406
3,3883406,21.974647606290198,33.1846476062902,0
