Operator,Task,Start,Finish,Successor
1,3880415,0.0,11.223333333333333,3873350
1,3873350,21.999143678401484,33.22247701173482,3873329
1,3873329,43.99828735680297,55.221620690136305,3880402
1,3880402,65.99743103520446,77.22076436853779,3878874
1,3878874,87.99657471360594,99.21990804693927,3873289
1,3873289,109.99571839200742,121.21905172534075,3880430
1,3880430,131.99486207040889,143.21819540374221,0
