Operator,Task,Start,Finish,Successor
1,3883314,0.0,10.613333333333333,3882185
1,3882185,21.12123794773048,31.734571281063815,3882186
1,3882186,42.24247589546096,52.8558092287943,3887778
1,3887778,63.36371384319145,73.97704717652478,3882190
1,3882190,84.47937042153295,95.08603708819962,3885345
1,3885345,105.58836033320779,116.20169366654112,0
