Operator,Task,Start,Finish,Successor
1,3890753,0.0,10.133333333333333,3890832
1,3890832,20.23100729764048,30.354340630973816,3872281
1,3872281,40.452014595280964,50.5853479286143,3891533
1,3891533,60.683021892921445,70.80635522625478,3891360
1,3891360,80.90402919056193,91.03736252389527,3890847
1,3890847,101.14340854228587,111.2767418756192,0
