Operator,Task,Start,Finish,Successor
1,3881579,0.0,10.15,3885651
1,3885651,20.2560460183906,30.382712685057264,3886728
1,3886728,40.488758703447864,50.61542537011453,0
2,3886695,0.0,10.126666666666667,3881100
2,3881100,20.232712685057272,30.38271268505727,3885819
2,3885819,40.4859680187534,50.60930135208673,0
