Operator,Task,Start,Finish,Successor
1,3874657,0.0,10.75,3873032
1,3873032,21.375113371565718,32.201780038232386,0
2,3874679,0.0,10.75,3873045
2,3873045,21.375113371565718,32.201780038232386,0
3,3872224,0.0,10.826666666666666,0
