Operator,Task,Start,Finish,Successor
1,3874502,0.0,10.29,3878291
1,3878291,20.42674355002999,30.593410216696654,3878396
1,3878396,40.730153766726644,50.89682043339331,3878201
1,3878201,61.0335639834233,71.20023065008996,3874494
1,3874494,81.33697420011995,91.62697420011995,3885750
1,3885750,101.75813638076096,111.91480304742763,3874526
1,3874526,122.04596522806864,132.33596522806863,0
