Operator,Task,Start,Finish,Successor
1,3885349,0.0,10.15,3885749
1,3885749,20.300696973502454,30.450696973502453,3886478
1,3886478,40.618138055171826,50.75147138850516,0
2,3885751,1.7763568394002505e-15,10.136666666666668,3885756
2,3885756,20.295735694252603,30.43240236091927,3885207
2,3885207,40.591471388505205,50.741471388505204,3885455
2,3885455,60.89216836200766,71.04216836200766,0
