Operator_ID,Sequence_Rank,From_Node,To_Node,Activity_Type,Travel_Time,Start_Service,Finish_Service,Processing_Time
1,1,0,3888178,Service,10.719996651178366,0.0,10.673333333333334,10.673333333333334
1,2,3888178,3879853,Service,10.52464872256408,21.19798205589742,31.90798205589742,10.71
1,3,3879853,3887611,Service,10.52464872256408,42.4326307784615,53.10596411179483,10.673333333333332
1,4,3887611,0,Return to Base,10.719996651178366,,,
2,1,0,3888260,Service,10.719996651178366,0.0,10.673333333333334,10.673333333333334
2,2,3888260,3888360,Service,10.507904614397143,21.18123794773048,31.854571281063812,10.673333333333332
2,3,3888360,3879881,Service,10.54697420012,42.4015454811838,53.1215454811838,10.719999999999999
2,4,3879881,0,Return to Base,10.708833912400408,,,
