Operator,Task,Start,Finish,Successor
1,3885247,0.0,11.21,3887162
1,3887162,21.974647606290205,33.184647606290206,3885386
1,3885386,43.94929521258041,55.15929521258041,0
2,3887174,0.0,11.21,3886420
2,3886420,21.974647606290205,33.184647606290206,3887682
2,3887682,43.94929521258041,55.15929521258041,0
