Operator,Task,Start,Finish,Successor
1,3891451,0.0,11.2,3888245
1,3888245,22.24371607573918,33.663754579984484,3885369
1,3885369,44.69909860164019,56.28367139356898,0
2,3891461,0.0,11.19,3891467
2,3891467,22.211390598183264,33.3747239315166,3891478
2,3891478,44.390533160310895,55.57719982697756,3881692
2,3881692,66.60417179454981,76.64754363212845,0
