Operator,Task,Start,Finish,Successor
1,3887675,0.0,11.21,3887659
1,3887659,21.974647606290198,33.1846476062902,3890242
1,3890242,43.949295212580395,55.159295212580396,3887925
1,3887925,65.92394281887059,77.1339428188706,0
2,3890229,0.0,11.21,3886838
2,3886838,21.974647606290198,33.1846476062902,3888444
2,3888444,43.949295212580395,55.159295212580396,0
