Operator,Task,Start,Finish,Successor
1,3877558,0.0,10.836857119747878,3877556
1,3877556,21.461970491313597,32.26216094439481,0
2,3877559,0.0,10.763333333333334,3872680
2,3872680,21.318679587536813,32.01534625420348,3885316
2,3885316,42.57069250840694,52.630882961488155,0
