Operator,Task,Start,Finish,Successor
1,3882139,-1.7763568394002505e-15,11.591839179067826,3882213
1,3882213,22.808577705865133,34.27857770586513,3885356
1,3885356,45.436711854078396,56.78337852074506,3882192
1,3882192,67.93314061487484,79.46647394820818,3885268
1,3885268,90.66646836683879,102.22313503350546,3882191
1,3882191,113.42033876744158,125.11700543410825,3882193
1,3882193,136.31141848334988,148.02475181668322,3882214
1,3882214,159.23590897409179,170.8092423074251,3885270
1,3885270,182.02319014952818,193.6031901495282,0
