Operator_ID,Sequence_Rank,From_Node,To_Node,Activity_Type,Travel_Time,Start_Service,Finish_Service,Processing_Time
1,1,0,3887601,Service,10.0,0.0,10.433333333333334,10.433333333333334
1,2,3887601,3880136,Service,10.318138055171836,20.751471388505163,31.214804721838497,10.463333333333335
1,3,3880136,3882950,Service,10.309766001088366,41.52457072292686,51.897904056260195,10.373333333333335
1,4,3882950,3880149,Service,10.309766001088366,62.20767005734856,72.67100339068189,10.463333333333331
1,5,3880149,0,Return to Base,10.0,,,
