Operator_ID,Sequence_Rank,From_Node,To_Node,Activity_Type,Travel_Time,Start_Service,Finish_Service,Processing_Time
1,1,0,3891425,Service,10.555346254203469,0.0,11.316666666666666,11.316666666666666
1,2,3891425,3891433,Service,11.010227859405305,22.32689452607195,33.6006124747899,11.273717948717948
1,3,3891433,3888244,Service,11.004646490016325,44.605258964806204,55.925258964806204,11.32
1,4,3888244,3888317,Service,11.004646490016325,66.92990545482252,78.17029007020713,11.240384615384613
1,5,3888317,3888312,Service,10.999065120627346,89.16935519083447,100.40973980621908,11.240384615384613
1,6,3888312,3881668,Service,10.999065120627346,111.40880492684641,122.72213826017975,11.313333333333333
1,7,3881668,0,Return to Base,10.544183515425509,,,
