Operator_ID,Sequence_Rank,From_Node,To_Node,Activity_Type,Travel_Time,Start_Service,Finish_Service,Processing_Time
1,1,0,3883624,Service,11.199994418630611,0.0,11.223333333333333,11.223333333333333
1,2,3883624,3891260,Service,10.775810345068162,21.999143678401484,33.22247701173482,11.223333333333333
1,3,3891260,3883979,Service,10.775810345068162,43.99828735680297,55.221620690136305,11.223333333333336
1,4,3883979,0,Return to Base,11.199994418630611,,,
2,1,0,3883739,Service,11.199994418630611,0.0,11.223333333333333,11.223333333333333
2,2,3883739,3881533,Service,10.775810345068162,21.999143678401484,33.22247701173482,11.223333333333333
2,3,3881533,3890949,Service,10.775810345068162,43.99828735680297,55.221620690136305,11.223333333333336
2,4,3890949,0,Return to Base,11.199994418630611,,,
