Operator,Task,Start,Finish,Successor
1,3883335,0.0,10.186666666666667,3886621
1,3886621,20.342945009558093,30.52961167622476,3883709
1,3883709,40.68589001911619,50.872556685782854,3883520
1,3883520,61.02883502867428,71.21550169534095,0
2,3883617,0.0,10.186666666666667,3886554
2,3886554,20.342945009558093,30.52961167622476,3883375
2,3883375,40.68589001911619,50.872556685782854,3883568
2,3883568,61.02883502867428,71.21550169534095,0
