Operator,Task,Start,Finish,Successor
1,3885116,0.0,10.79,3884715
1,3884715,21.22255612764591,32.01255612764591,0
2,3884811,0.0,10.79,3885069
2,3885069,21.22255612764591,32.01255612764591,0
3,3884881,0.0,10.79,3885018
3,3885018,21.22255612764591,32.01255612764591,0
4,3884970,0.0,10.79,3885093
4,3885093,21.22255612764591,32.01255612764591,0
5,3884916,0.0,10.79,3884939
5,3884939,21.22255612764591,32.01255612764591,0
