Operator,Task,Start,Finish,Successor
1,3880534,0.0,10.226666666666667,3883168
1,3883168,20.413642541197483,30.646975874530817,3882237
1,3882237,40.83395174906163,51.06728508239497,3881749
1,3881749,61.254260956925776,71.44092762359244,0
2,3882893,0.0,10.233333333333333,3881046
2,3881046,20.42030920786415,30.606975874530818,3882219
2,3882219,40.793951749061634,51.02728508239497,3882958
2,3882958,61.214260956925784,71.44759429025912,0
