Operator_ID,Sequence_Rank,From_Node,To_Node,Activity_Type,Travel_Time,Start_Service,Finish_Service,Processing_Time
1,1,0,3879918,Service,10.767438290984693,0.0,10.423333333333334,10.423333333333334
1,2,3879918,3878850,Service,10.320928739866327,20.744262073199664,31.107595406532997,10.363333333333333
1,3,3878850,3879935,Service,10.320928739866327,41.428524146399326,51.85185747973266,10.423333333333332
1,4,3879935,3874684,Service,10.312556685782857,62.16441416551551,72.5144141655155,10.349999999999994
1,5,3874684,3879905,Service,10.312556685782857,82.82697085129836,93.25030418463169,10.423333333333332
1,6,3879905,3878861,Service,10.320928739866327,103.57123292449802,113.93456625783135,10.36333333333333
1,7,3878861,3879909,Service,10.320928739866327,124.25549499769768,134.678828331031,10.423333333333332
1,8,3879909,3879928,Service,10.354416956200204,145.0332452872312,155.45657862056456,10.423333333333346
1,9,3879928,0,Return to Base,10.767438290984693,,,
