Operator_ID,Sequence_Rank,From_Node,To_Node,Activity_Type,Travel_Time,Start_Service,Finish_Service,Processing_Time
1,1,0,3883042,Service,11.414877140106325,0.0,10.0,10.0
1,2,3883042,3883040,Service,10.323719424560815,20.32371942456082,30.32371942456082,10.0
1,3,3883040,3883117,Service,10.323719424560815,40.64743884912164,50.64743884912164,10.0
1,4,3883117,3883155,Service,10.323719424560815,60.97115827368246,70.97115827368246,10.0
1,5,3883155,3880308,Service,10.192557243919795,81.16371551760226,91.16371551760226,10.0
1,6,3880308,0,Return to Base,10.0,,,
