Operator,Task,Start,Finish,Successor
1,3891480,0.0,11.32,3891412
1,3891412,22.327437174710816,33.56410384137748,3879267
1,3879267,44.585494439560755,54.585494439560755,3873678
1,3873678,65.59572229896608,76.86572229896608,3891803
1,3891803,87.8759501583714,99.11261682503806,3888919
1,3888919,110.13400742322133,120.29884576771651,0
