Operator,Task,Start,Finish,Successor
1,3888458,0.0,10.423333333333334,3881328
1,3881328,20.769378235450063,31.13604490211673,3881402
1,3881402,41.45418295728856,51.820849623955226,3880890
1,3880890,62.138987679127055,72.50565434579372,3888492
1,3888492,82.85169924791045,93.27503258124378,0
