Operator_ID,Sequence_Rank,From_Node,To_Node,Activity_Type,Travel_Time,Start_Service,Finish_Service,Processing_Time
1,1,0,3879759,Service,11.174878256380202,1.7763568394002505e-15,10.150000000000002,10.15
1,2,3879759,3879861,Service,10.125580811252041,20.27558081125204,30.425580811252043,10.150000000000002
1,3,3879861,3878973,Service,10.125580811252041,40.55116162250409,50.70116162250409,10.149999999999999
1,4,3878973,0,Return to Base,11.174878256380202,,,
2,1,0,3879836,Service,11.174878256380202,0.0,10.15,10.15
2,2,3879836,3888149,Service,10.106046018390613,20.2560460183906,30.382712685057264,10.126666666666665
2,3,3888149,3878642,Service,10.106046018390613,40.48875870344787,50.63875870344787,10.149999999999999
2,4,3878642,0,Return to Base,11.174878256380202,,,
