Operator,Task,Start,Finish,Successor
1,3887830,0.0,11.223333333333333,3881268
1,3881268,21.999143678401477,33.22247701173481,3884979
1,3884979,43.99828735680296,55.22162069013629,3886975
1,3886975,65.99743103520444,77.22076436853777,0
2,3889690,0.0,11.223333333333333,3884932
2,3884932,21.999143678401477,33.22247701173481,3884173
2,3884173,43.99828735680296,55.22162069013629,3884407
2,3884407,65.99743103520444,77.22076436853777,0
