Operator,Task,Start,Finish,Successor
1,3886751,0.0,10.173333333333334,3886507
1,3886507,20.318448937446803,30.491782270780135,3886744
1,3886744,40.636897874893606,50.81023120822694,3886721
1,3886721,60.95534681234041,71.12868014567374,3880691
1,3880691,81.27379574978721,91.45046241645387,0
2,3885622,0.0,10.176666666666666,3886466
2,3886466,20.32457295547461,30.501239622141277,3885208
2,3885208,40.64914591094922,50.82581257761589,3885816
2,3885816,60.97371886642384,71.1503855330905,0
