Operator,Task,Start,Finish,Successor
1,3888117,0.0,10.186666666666667,3878405
1,3878405,20.342945009558093,30.526278342891427,3878401
1,3878401,40.67976600108838,50.86309933442172,3880579
1,3880579,61.01658699261867,71.19992032595201,3878782
1,3878782,81.35340798414896,91.5367413174823,3872052
1,3872052,101.69022897567925,111.88356230901258,3888716
1,3888716,122.039840651904,132.22650731857067,0
