Operator,Task,Start,Finish,Successor
1,3880467,0.0,10.213333333333333,3891431
1,3891431,20.411966002394408,30.72664580611999,0
2,3883649,0.0,10.318013137058912,3888301
2,3888301,20.4547566870889,30.72943649081448,0
3,3888305,0.0,10.31467980372558,3881689
3,3881689,20.462586092533552,30.622586092533552,0
