Operator_ID,Sequence_Rank,From_Node,To_Node,Activity_Type,Travel_Time,Start_Service,Finish_Service,Processing_Time
1,1,0,3885205,Service,11.174878256380202,0.0,10.656666666666666,10.656666666666666
1,2,3885205,3885162,Service,10.51627666848061,21.172943335147266,31.829610001813933,10.656666666666666
1,3,3885162,3885216,Service,10.51627666848061,42.34588667029453,53.0025533369612,10.656666666666666
1,4,3885216,3885181,Service,10.51627666848061,63.5188300054418,74.17549667210847,10.656666666666666
1,5,3885181,0,Return to Base,11.174878256380202,,,
2,1,0,3888150,Service,11.174878256380202,0.0,10.753333333333334,10.753333333333334
2,2,3888150,3888100,Service,10.510695299091632,21.264028632424953,31.924028632424953,10.66
2,3,3888100,3885231,Service,10.519067353175101,42.44309598560005,53.09976265226672,10.656666666666666
2,4,3885231,0,Return to Base,11.174878256380202,,,
