Operator_ID,Sequence_Rank,From_Node,To_Node,Activity_Type,Travel_Time,Start_Service,Finish_Service,Processing_Time
1,1,0,3880900,Service,11.174878256380202,0.0,10.593333333333334,10.593333333333334
1,2,3880900,3886386,Service,10.552555569508979,21.1458889028423,31.739222236175635,10.593333333333334
1,3,3886386,3880959,Service,10.552555569508979,42.2917778056846,52.88511113901794,10.593333333333334
1,4,3880959,3888041,Service,10.53302077664755,63.4181319156655,73.99146524899884,10.573333333333338
1,5,3888041,3880834,Service,10.53302077664755,84.5244860256464,95.11781935897973,10.593333333333334
1,6,3880834,3888416,Service,10.54976488481449,105.66758424379422,116.26091757712756,10.593333333333334
1,7,3888416,3880928,Service,10.54976488481449,126.81068246194205,137.40401579527537,10.59333333333332
1,8,3880928,0,Return to Base,11.174878256380202,,,
