Operator_ID,Sequence_Rank,From_Node,To_Node,Activity_Type,Travel_Time,Start_Service,Finish_Service,Processing_Time
1,1,0,3872332,Service,11.199994418630611,0.0,10.173333333333334,10.173333333333334
1,2,3872332,3891552,Service,10.086511225529184,20.25984455886252,30.423177892195852,10.163333333333334
1,3,3891552,3872277,Service,10.086511225529184,40.509689117725046,50.68302245105838,10.173333333333332
1,4,3872277,3891591,Service,10.094883279612652,60.77790573067102,70.95123906400435,10.173333333333332
1,5,3891591,0,Return to Base,11.199994418630611,,,
2,1,0,3887434,Service,11.199994418630611,-1.7763568394002505e-15,10.189999999999998,10.19
2,2,3887434,3894922,Service,10.11441807247408,20.304418072474085,30.50108473914075,10.196666666666665
2,3,3894922,3886894,Service,10.11441807247408,40.61550281161483,50.80550281161483,10.189999999999998
2,4,3886894,0,Return to Base,11.199994418630611,,,
