Operator_ID,Sequence_Rank,From_Node,To_Node,Activity_Type,Travel_Time,Start_Service,Finish_Service,Processing_Time
1,1,0,3877630,Service,10.616741317482244,0.0,11.370890668289261,11.370890668289261
1,2,3877630,3873636,Service,11.035344021655714,44.14045627694754,55.43065420323404,11.290197926286503
1,3,3873636,3891450,Service,11.024181282877754,66.45483548611178,77.78483548611177,11.329999999999998
1,4,3891450,0,Return to Base,10.636276110343672,,,
2,1,0,3873713,Service,10.641857479732652,-1.7763568394002505e-15,11.173333333333332,11.173333333333334
2,2,3873713,3882132,Service,10.990693066543876,22.164026399877216,33.35069306654388,11.186666666666667
2,3,3882132,3877541,Service,10.982321012460407,44.33301407900428,55.62301407900428,11.29
2,4,3877541,3878731,Service,10.973948958376937,66.5969630373812,77.8071609636677,11.210197926286497
2,5,3878731,0,Return to Base,10.613950632787754,,,
