Operator_ID,Sequence_Rank,From_Node,To_Node,Activity_Type,Travel_Time,Start_Service,Finish_Service,Processing_Time
1,1,0,3888117,Service,11.174878256380202,0.0,10.186666666666667,10.186666666666667
1,2,3888117,3878405,Service,10.156278342891428,20.342945009558093,30.526278342891427,10.183333333333334
1,3,3878405,3878401,Service,10.153487658196939,40.67976600108838,50.86309933442172,10.183333333333337
1,4,3878401,3880579,Service,10.153487658196939,61.01658699261867,71.19992032595201,10.183333333333337
1,5,3880579,3878782,Service,10.153487658196939,81.35340798414896,91.5367413174823,10.183333333333337
1,6,3878782,3872052,Service,10.153487658196939,101.69022897567925,111.88356230901258,10.193333333333328
1,7,3872052,3888716,Service,10.156278342891428,122.039840651904,132.22650731857067,10.186666666666667
1,8,3888716,0,Return to Base,11.174878256380202,,,
