Operator,Task,Start,Finish,Successor
1,3879759,1.7763568394002505e-15,10.150000000000002,3879861
1,3879861,20.27558081125204,30.425580811252043,3878973
1,3878973,40.55116162250409,50.70116162250409,0
2,3879836,0.0,10.15,3888149
2,3888149,20.2560460183906,30.382712685057264,3878642
2,3878642,40.48875870344787,50.63875870344787,0
