Operator,Task,Start,Finish,Successor
1,3881382,0.0,10.76,3883011
1,3883011,21.13395174906163,32.01728508239496,3881874
1,3881874,42.35774861512273,53.024415281789395,3879791
1,3879791,63.47650620229674,74.24317286896341,3878422
1,3878422,84.70084515885974,95.47084515885973,3881414
1,3881414,105.93409881814503,116.69409881814504,3881405
1,3881405,127.15735247743034,137.91735247743034,0
