Operator,Task,Start,Finish,Successor
1,3881387,0.0,11.223333333333333,3880056
1,3880056,21.999143678401477,33.22247701173481,3881134
1,3881134,43.99828735680296,55.22162069013629,3881144
1,3881144,65.99743103520444,77.22076436853777,0
2,3883388,0.0,11.223333333333333,3881082
2,3881082,21.999143678401477,33.22247701173481,3880856
2,3880856,43.99828735680296,55.22162069013629,3880939
2,3880939,65.99743103520444,77.22076436853777,0
