Operator_ID,Sequence_Rank,From_Node,To_Node,Activity_Type,Travel_Time,Start_Service,Finish_Service,Processing_Time
1,1,0,3891057,Service,10.580462416453877,-1.7763568394002505e-15,11.293333333333331,11.293333333333333
1,2,3891057,3891434,Service,11.124645931879387,22.417979265212736,33.78440781497637,11.366428549763633
1,3,3891434,3883613,Service,11.127436616573876,44.911844431550236,56.231844431550236,11.32
1,4,3883613,3882158,Service,11.105111139017957,67.3369555705682,78.6569555705682,11.320000000000007
1,5,3882158,0,Return to Base,10.558136938897958,,,
2,1,0,3873643,Service,10.574881047064897,-1.7763568394002505e-15,11.389761883096966,11.389761883096968
2,2,3873643,3873581,Service,11.191622364547142,22.5813842476441,34.027812797407734,11.446428549763635
2,3,3873581,3882137,Service,11.105111139017957,45.1329239364257,56.495685809412365,11.362761872986667
2,4,3882137,0,Return to Base,10.574881047064897,,,
