Operator,Task,Start,Finish,Successor
1,3882074,0.0,10.126666666666667,3883207
1,3883207,20.23829405444627,30.371627387779604,0
2,3883106,0.0,10.133333333333333,3881601
2,3881601,20.24496072111294,30.378294054446272,0
3,3894545,0.0,10.116666666666667,3881697
3,3881697,20.214340630973815,30.34767396430715,0
