Operator,Task,Start,Finish,Successor
1,3880544,0.0,11.223333333333333,3880428
1,3880428,21.999143678401484,33.22247701173482,3883421
1,3883421,43.99828735680297,55.221620690136305,3880135
1,3880135,65.99743103520446,77.22076436853779,0
2,3882834,0.0,11.223333333333333,3880958
2,3880958,21.999143678401484,33.22247701173482,3882878
2,3882878,43.99828735680297,55.221620690136305,0
