Operator,Task,Start,Finish,Successor
1,3874649,0.0,10.20031935659239,3873546
1,3873546,20.331298440595916,30.528284463854973,3885877
1,3885877,40.64828390571803,50.861936595643755,0
2,3877562,0.0,10.196666666666667,3881635
2,3881635,20.31945679322423,30.452790126557563,3889658
2,3889658,40.62860326231042,50.861936595643755,0
