Operator,Task,Start,Finish,Successor
1,3885826,0.0,10.16,3885829
1,3885829,20.356433225891987,30.516433225891987,0
2,3886415,0.0,10.16,3888148
2,3888148,20.34976655922532,30.516433225891987,0
3,3885170,0.0,10.16,3884321
3,3884321,20.35976655922532,30.516433225891987,0
4,3886981,0.0,10.166666666666668,3885478
4,3885478,20.356433225891987,30.516433225891987,0
