Operator,Task,Start,Finish,Successor
1,3877040,0.0,10.756666666666666,3877141
1,3877141,21.404105515788295,32.16077218245496,3877163
1,3877163,42.8082110305766,53.56487769724327,0
2,3877085,0.0,10.756666666666666,3877214
2,3877214,21.404105515788302,32.16077218245497,3877193
2,3877193,42.808211031576604,53.56487769824327,0
3,3877101,-5.329070518200751e-15,10.75666666666666,3877121
3,3877121,21.404105515788295,32.16077218245496,3877062
3,3877062,42.8082110315766,53.564877698243265,0
