Operator,Task,Start,Finish,Successor
1,3878775,0.0,10.253333333333334,3874924
1,3874924,20.446510667392257,30.7700344538068,0
2,3888226,0.0,10.316857119747878,3878758
2,3878758,20.523367787140135,30.7700344538068,0
3,3885277,0.0,10.323523786414544,0
