Operator_ID,Sequence_Rank,From_Node,To_Node,Activity_Type,Travel_Time,Start_Service,Finish_Service,Processing_Time
1,1,0,3872441,Service,11.199994418630611,0.0,10.156666666666666,10.156666666666666
1,2,3872441,3872128,Service,10.13116218064102,20.28782884730768,30.444495513974346,10.156666666666666
1,3,3872128,3880171,Service,10.150696973502448,40.5951924874768,50.7751924874768,10.18
1,4,3880171,0,Return to Base,11.199994418630611,,,
2,1,0,3880177,Service,11.199994418630611,0.0,10.18,10.18
2,2,3880177,3872433,Service,10.150696973502448,20.330696973502448,30.487363640169114,10.156666666666666
2,3,3872433,3872324,Service,10.13116218064102,40.61852582081013,50.775192487476794,10.156666666666666
2,4,3872324,0,Return to Base,11.199994418630611,,,
