Operator,Task,Start,Finish,Successor
1,3887042,0.0,10.79,3888371
1,3888371,21.415113371565702,32.23178003823237,3887250
1,3887250,42.856893409798076,53.646893409798075,3887409
1,3887409,64.30270431300318,75.08603764633651,3879767
1,3879767,85.7418485495416,96.53851521620827,3879741
1,3879741,107.19711680410786,117.99378347077453,3879726
1,3879726,128.65238505867413,139.44905172534078,0
