Operator_ID,Sequence_Rank,From_Node,To_Node,Activity_Type,Travel_Time,Start_Service,Finish_Service,Processing_Time
1,1,0,3872852,Service,11.199994418630611,0.0,11.223333333333333,11.223333333333333
1,2,3872852,3871839,Service,10.775810345068162,21.999143678401484,33.22247701173482,11.223333333333333
1,3,3871839,3871819,Service,10.775810345068162,43.99828735680297,55.221620690136305,11.223333333333336
1,4,3871819,3872746,Service,10.775810345068162,65.99743103520446,77.22076436853779,11.22333333333333
1,5,3872746,3872631,Service,10.775810345068162,87.99657471360594,99.21990804693927,11.22333333333333
1,6,3872631,3871798,Service,10.775810345068162,109.99571839200742,121.21905172534075,11.22333333333333
1,7,3871798,3872857,Service,10.775810345068162,131.99486207040889,143.21819540374221,11.22333333333333
1,8,3872857,0,Return to Base,11.199994418630611,,,
