Operator,Task,Start,Finish,Successor
1,3894196,0.0,10.483333333333333,3880700
1,3880700,20.9326335691462,31.4526335691462,3890995
1,3890995,41.90193380495907,52.385267138292406,0
2,3886606,0.0,10.433333333333334,3894306
2,3894306,20.810075767089472,31.293409100422803,3886615
2,3886615,41.67015153417894,52.10348486751228,3894243
2,3894243,62.480227301268414,72.96356063460175,0
