Operator_ID,Sequence_Rank,From_Node,To_Node,Activity_Type,Travel_Time,Start_Service,Finish_Service,Processing_Time
1,1,0,3873599,Service,10.636276110343672,0.0,11.261017203033155,11.261017203033155
1,2,3873599,3873689,Service,11.018599913488774,22.279617116521912,33.512950449855246,11.233333333333334
1,3,3873689,3891443,Service,11.001855805321835,44.51480625517709,55.72480625517709,11.21
1,4,3891443,3877625,Service,10.996274435932856,66.72108069110996,78.16876456080979,11.44768386969983
1,5,3877625,3888258,Service,11.026971967572244,89.19573652838204,100.5124031950487,11.316666666666663
1,6,3888258,3882161,Service,11.029762652266733,111.54216584731543,122.75216584731544,11.210000000000008
1,7,3882161,3881659,Service,11.035344021655714,133.78750986897114,145.09750986897114,11.310000000000002
1,8,3881659,0,Return to Base,10.613950632787754,,,
