Operator,Task,Start,Finish,Successor
1,3883274,0.0,10.48,3884188
1,3884188,20.784184631699397,31.227517965032728,3888641
1,3888641,41.58627611034366,52.066276110343665,0
2,3888658,0.0,10.48,3883489
2,3883489,20.803719424560803,31.247052757894135,3888491
2,3888491,41.570772182454945,52.05077218245495,0
3,3883515,0.0,10.48,3888433
3,3888433,20.798138055171826,31.26813805517183,3886889
3,3886889,41.58627611034366,52.066276110343665,0
