Operator,Task,Start,Finish,Successor
1,3883561,0.0,10.413333333333334,3883161
1,3883161,20.73705275789414,31.12705275789414,3883637
1,3883637,41.45077218245495,51.86410551578828,3883135
1,3883135,62.18782494034909,72.57782494034909,3883233
1,3883233,82.9015443649099,93.2915443649099,3883190
1,3883190,103.6152637894707,114.0052637894707,3883292
1,3883292,124.32898321403151,134.7189832140315,3883593
1,3883593,145.04270263859232,155.45603597192564,0
