Operator_ID,Sequence_Rank,From_Node,To_Node,Activity_Type,Travel_Time,Start_Service,Finish_Service,Processing_Time
1,1,0,3885431,Service,11.174878256380202,0.0,10.14,10.14
1,2,3885431,3885638,Service,10.153487658196939,20.293487658196945,30.440154324863613,10.146666666666668
1,3,3885638,3878541,Service,10.153487658196939,40.593641983060564,50.733641983060565,10.14
1,4,3878541,0,Return to Base,11.174878256380202,,,
2,1,0,3888124,Service,11.174878256380202,0.0,10.136666666666667,10.136666666666667
2,2,3888124,3888026,Service,10.167441081669388,20.304107748336044,30.45077441500271,10.146666666666665
2,3,3888026,3888000,Service,10.153487658196939,40.60426207319966,50.740928739866334,10.13666666666667
2,4,3888000,0,Return to Base,11.174878256380202,,,
