Operator,Task,Start,Finish,Successor
1,3886886,0.0,11.223333333333333,0
2,3889447,0.0,11.223333333333333,3883265
2,3883265,21.999143678401484,33.22247701173482,0
3,3886821,0.0,11.223333333333333,3885836
3,3885836,21.999143678401484,33.22247701173482,0
4,3886394,0.0,11.223333333333333,3886505
4,3886505,21.999143678401484,33.22247701173482,0
