Operator_ID,Sequence_Rank,From_Node,To_Node,Activity_Type,Travel_Time,Start_Service,Finish_Service,Processing_Time
1,1,0,3889463,Service,10.81208924609653,0.0,10.146666666666533,10.146666666666533
1,2,3889463,3888205,Service,10.106046018390613,20.252712685057148,30.3860460183906,10.133333333333454
1,3,3888205,3889452,Service,10.106046018390613,40.492092036781216,50.628758703447886,10.13666666666667
1,4,3889452,3888218,Service,10.094883279612652,60.72364198306053,70.88364198306053,10.159999999999997
1,5,3888218,0,Return to Base,10.798135822624081,,,
