Operator,Task,Start,Finish,Successor
1,3889463,0.0,10.146666666666533,3888205
1,3888205,20.252712685057148,30.3860460183906,3889452
1,3889452,40.492092036781216,50.628758703447886,3888218
1,3888218,60.72364198306053,70.88364198306053,0
