Operator,Task,Start,Finish,Successor
1,3883047,0.0,10.443333333333333,3883223
1,3883223,20.95681931711946,31.393485983786128,3883187
1,3883187,41.39348598378612,51.773485983786124,3883073
1,3883073,61.77348598378612,72.21015265045278,3883158
1,3883158,82.21015265045278,92.59015265045278,3883296
1,3883296,102.59015265045278,113.02681931711945,3883175
1,3883175,123.02681931711945,133.40681931711944,0
