Operator,Task,Start,Finish,Successor
1,3884637,0.0,10.123333333333333,0
2,3884656,0.0,10.123333333333333,3883650
2,3883650,20.22658866702946,30.349922000362795,0
3,3883965,0.0,10.123333333333333,3883740
3,3883740,20.22658866702946,30.349922000362795,0
4,3883789,0.0,10.123333333333333,3883799
4,3883799,20.22658866702946,30.349922000362795,0
