Operator,Task,Start,Finish,Successor
1,3890284,0.0,11.21,3890474
1,3890474,21.974647606290198,33.1846476062902,3883767
1,3883767,43.949295212580395,55.159295212580396,3885415
1,3885415,65.92394281887059,77.1339428188706,3875013
1,3875013,87.89859042516079,99.1085904251608,0
