Operator,Task,Start,Finish,Successor
1,3894379,0.0,10.31,0
2,3894385,0.0,10.31,3894358
2,3894358,20.56674299189305,30.876742991893053,0
3,3894376,0.0,10.31,3894362
3,3894362,20.56674299189305,30.876742991893053,0
4,3894366,0.0,10.31,3894372
4,3894372,20.56674299189305,30.876742991893053,0
