Operator_ID,Sequence_Rank,From_Node,To_Node,Activity_Type,Travel_Time,Start_Service,Finish_Service,Processing_Time
1,1,0,3881330,Service,11.244645373742447,0.0,10.34,10.34
1,2,3881330,3880759,Service,10.301393947004897,20.641393947004897,30.901393947004898,10.260000000000002
1,3,3880759,0,Return to Base,11.244645373742447,,,
2,1,0,3880773,Service,11.244645373742447,20.6413939470049,30.901393947004898,10.259999999999998
2,2,3880773,0,Return to Base,11.244645373742447,,,
3,1,0,3881335,Service,11.244645373742447,0.0,10.34,10.34
3,2,3881335,3880789,Service,10.301393947004897,20.641393947004897,30.901393947004898,10.260000000000002
3,3,3880789,0,Return to Base,11.244645373742447,,,
