Operator,Task,Start,Finish,Successor
1,3872286,0.0,10.156666666666666,3873258
1,3873258,20.282247477918702,30.4322474779187,0
2,3872063,0.0,10.156666666666666,3873228
2,3873228,20.282247477918702,30.4322474779187,0
3,3873383,0.0,10.156666666666666,3872300
3,3872300,20.28782884730768,30.444495513974346,0
