Operator,Task,Start,Finish,Successor
1,3894336,0.0,10.656666666666666,3894343
1,3894343,21.18410607392525,31.840772740591916,3890449
1,3890449,42.37658420193396,52.993250868600626,0
2,3894329,0.0,10.656666666666666,3894318
2,3894318,21.184106073925268,31.840772740591934,3877046
2,3877046,42.38216557132295,52.99883223798962,0
