Operator,Task,Start,Finish,Successor
1,3878490,0.0,10.573333333333334,3884482
1,3884482,21.087594848396037,31.61759484839604,3884460
1,3884460,42.064104399514406,52.59410439951441,0
2,3884205,0.0,10.53,3878554
2,3878554,20.998835028674282,31.572168362007616,3884413
2,3884413,42.0410033906819,52.64433672401523,0
