Operator_ID,Sequence_Rank,From_Node,To_Node,Activity_Type,Travel_Time,Start_Service,Finish_Service,Processing_Time
1,1,0,3879821,Service,10.733950074650815,0.0,10.82,10.82
1,2,3879821,3879841,Service,10.641857479732652,21.46185747973265,32.28185747973265,10.82
1,3,3879841,3879799,Service,10.641857479732652,42.9237149594653,53.7437149594653,10.82
1,4,3879799,0,Return to Base,10.733950074650815,,,
