Operator,Task,Start,Finish,Successor
1,3886741,0.0,10.163333333333334,3872479
1,3872479,20.300076883363328,30.53007688336333,3889424
1,3889424,40.66402974869884,50.82402974869884,3886651
1,3886651,60.957982614034364,71.17464928070103,0
2,3888559,0.0,10.163333333333334,3883332
2,3883332,20.300076883363317,30.46341021669665,3883491
2,3883491,40.600153766726635,50.76348710005997,3873373
2,3873373,60.900230650089966,71.13023065008997,0
