Operator_ID,Sequence_Rank,From_Node,To_Node,Activity_Type,Travel_Time,Start_Service,Finish_Service,Processing_Time
1,1,0,3876619,Service,11.09673908493449,0.0,10.586666666666666,10.586666666666666
1,2,3876619,3876613,Service,10.591625155231837,21.178291821898505,31.76495848856517,10.586666666666666
1,3,3876613,3876610,Service,10.591625155231837,42.35658364379701,52.943250310463675,10.586666666666666
1,4,3876610,3876647,Service,10.591625155231837,63.534875465695514,74.12154213236218,10.586666666666666
1,5,3876647,0,Return to Base,11.09673908493449,,,
