Operator,Task,Start,Finish,Successor
1,3873543,-8.881784197001252e-15,11.39531772031394,3884780
1,3884780,22.525545021582314,33.84221168824898,3882131
1,3882131,44.98639241298979,56.39438047362202,3888322
1,3888322,67.5776307840857,78.91096411741903,0
2,3885280,0.0,11.448651053647284,3881645
2,3881645,22.645854787583424,33.98252145425009,3886845
2,3886845,45.11553944021294,56.432206106879605,3877678
2,3877678,67.58196820100939,78.91530153434272,0
