Operator,Task,Start,Finish,Successor
1,3871855,0.0,10.116666666666667,3894116
1,3894116,20.208759261584838,30.325425928251505,0
2,3894235,0.0,10.183333333333334,0
3,3894106,0.0,10.116666666666667,3872176
3,3872176,20.208759261584838,30.325425928251505,0
4,3872240,0.0,10.116666666666667,3872266
4,3872266,20.208759261584838,30.325425928251505,0
