Operator_ID,Sequence_Rank,From_Node,To_Node,Activity_Type,Travel_Time,Start_Service,Finish_Service,Processing_Time
1,1,0,3883152,Service,11.356272761522039,0.0,10.626666666666667,10.626666666666667
1,2,3883152,3883170,Service,10.594415839926326,21.22108250659298,31.847749173259643,10.626666666666665
1,3,3883170,3887069,Service,10.853949516513877,42.701698689773515,53.351698689773514,10.649999999999999
1,4,3887069,0,Return to Base,10.0,,,
2,1,0,3883185,Service,11.356272761522039,0.0,10.626666666666667,10.626666666666667
2,2,3883185,3883136,Service,10.594415839926326,21.22108250659298,31.847749173259643,10.626666666666665
2,3,3883136,3886834,Service,10.853949516513877,42.701698689773515,53.351698689773514,10.649999999999999
2,4,3886834,0,Return to Base,10.0,,,
