Operator,Task,Start,Finish,Successor
1,3880106,0.0,10.736666666666666,3880126
1,3880126,21.36457072292687,32.101237389593535,3880156
1,3880156,42.72914144585374,53.465808112520406,3880095
1,3880095,64.09371216878061,74.83037883544728,0
2,3872508,0.0,10.743333333333334,3872497
2,3872497,21.376818758982516,32.12015209231585,3880140
2,3880140,64.09371216878061,74.83037883544728,0
