Operator,Task,Start,Finish,Successor
1,3886422,0.0,10.183333333333334,3885828
1,3885828,20.33123962214128,30.514572955474613,3885781
1,3885781,40.66247924428256,50.84581257761589,3885797
1,3885797,60.99371886642383,71.17705219975717,3885814
1,3885814,81.32495848856512,91.50829182189845,3885823
1,3885823,101.6561981107064,111.83953144403974,3894260
1,3894260,121.9818563634587,132.15852303012537,3883999
1,3883999,142.30084794954433,152.47084794954432,3884518
1,3884518,162.6075914995743,172.7775914995743,0
