Operator,Task,Start,Finish,Successor
1,3877001,0.0,10.526666666666667,3877036
1,3877036,20.96759484839606,31.49426151506273,3876946
1,3876946,41.93518969679212,52.46185636345879,3876964
1,3876964,62.90278454518818,73.42945121185485,0
2,3884587,0.0,10.586666666666666,3884567
2,3884567,21.01643210961811,31.603098776284774,3877049
2,3877049,42.15565434579375,52.68232101246041,0
