Operator_ID,Sequence_Rank,From_Node,To_Node,Activity_Type,Travel_Time,Start_Service,Finish_Service,Processing_Time
1,1,0,3883079,Service,10.736740759345306,0.0,10.706666666666667,10.706666666666667
1,2,3883079,3883059,Service,10.555346254203469,21.262012920870134,31.9686795875368,10.706666666666667
1,3,3883059,3882961,Service,10.555346254203469,42.52402584174027,53.23069250840693,10.706666666666663
1,4,3882961,3883448,Service,10.558136938897958,63.78882944730487,74.4521627806382,10.663333333333334
1,5,3883448,0,Return to Base,10.736740759345306,,,
2,1,0,3882947,Service,10.736740759345306,0.0,10.706666666666667,10.706666666666667
2,2,3882947,3882989,Service,10.555346254203469,21.262012920870134,31.9686795875368,10.706666666666667
2,3,3882989,3883004,Service,10.555346254203469,42.52402584174027,53.23069250840693,10.706666666666663
2,4,3883004,0,Return to Base,10.736740759345306,,,
