Operator_ID,Sequence_Rank,From_Node,To_Node,Activity_Type,Travel_Time,Start_Service,Finish_Service,Processing_Time
1,1,0,3895456,Service,11.462318779912652,0.0,10.123333333333333,10.123333333333333
1,2,3895456,3873549,Service,10.106046018390613,20.229379351723946,30.492998364679096,10.26361901295515
1,3,3873549,3878256,Service,10.089301910223673,40.582300274902764,50.69230027490276,10.11
1,4,3878256,3891417,Service,10.089301910223673,60.78160218512643,70.8882688517931,10.10666666666667
1,5,3891417,3888256,Service,10.089301910223673,80.97757076201677,91.21118977497191,10.233619012955145
1,6,3888256,0,Return to Base,11.462318779912652,,,
