Operator,Task,Start,Finish,Successor
1,3880269,0.0,10.383333333333333,3881961
1,3881961,20.486588667029466,30.746588667029464,3880273
1,3880273,40.84984400072558,51.233177334058915,0
2,3881823,0.0,10.26,3881973
2,3881973,20.49999888372612,30.75999888372612,3880289
2,3880289,40.86325421742224,51.24658755075557,0
