Operator,Task,Start,Finish,Successor
1,3891043,0.0,11.21,0
2,3891051,0.0,11.21,3890505
2,3890505,21.974647606290198,33.1846476062902,0
3,3891014,0.0,11.21,3890869
3,3890869,21.974647606290198,33.1846476062902,0
4,3890880,0.0,11.21,3891006
4,3891006,21.974647606290198,33.1846476062902,0
