Operator,Task,Start,Finish,Successor
1,3877612,0.0,10.456666666666667,3877550
1,3877550,20.84984344258864,31.236510109255306,0
2,3888189,0.0,10.453333333333333,3877765
2,3877765,20.779843442588643,31.23651010925531,0
3,3877518,0.0,10.49,3877555
3,3877555,20.84984344258864,31.236510109255306,0
4,3877528,0.0,10.483333333333333,3877607
4,3877607,20.89984344258864,31.236510109255306,0
