Operator_ID,Sequence_Rank,From_Node,To_Node,Activity_Type,Travel_Time,Start_Service,Finish_Service,Processing_Time
1,1,0,3871663,Service,12.263245287231221,0.0,11.523333333333333,11.523333333333333
1,2,3871663,3878829,Service,11.054878814517142,22.578212147850472,33.77154548118381,11.193333333333335
1,3,3878829,3878830,Service,11.303249752326733,45.07479523351054,55.07479523351054,10.0
1,4,3878830,3880206,Service,10.915344579792652,65.99013981330319,76.41841685144671,10.42827703814352
1,5,3880206,3894944,Service,10.460462974590817,86.87887982603752,97.66887982603751,10.789999999999992
1,6,3894944,0,Return to Base,10.0,,,
