Operator,Task,Start,Finish,Successor
1,3881453,0.0,10.52,3881831
1,3881831,20.95534681234041,31.46868014567374,3881263
1,3881263,41.90402695801416,52.42402695801415,3877726
1,3877726,62.968210473439676,73.52487714010634,0
2,3877956,0.0,10.586666666666666,3877868
2,3877868,21.080617857591353,31.693951190924686,3877757
2,3877757,42.154414165515504,52.76774749884884,0
