Operator_ID,Sequence_Rank,From_Node,To_Node,Activity_Type,Travel_Time,Start_Service,Finish_Service,Processing_Time
1,1,0,3888097,Service,11.174878256380202,0.0,10.13,10.13
1,2,3888097,3890321,Service,10.106046018390613,20.236046018390617,30.362712685057282,10.126666666666665
1,3,3890321,0,Return to Base,11.174878256380202,,,
2,1,0,3886792,Service,11.174878256380202,0.0,10.183333333333334,10.183333333333334
2,2,3886792,0,Return to Base,11.174878256380202,,,
3,1,0,3886846,Service,11.174878256380202,0.0,10.13,10.13
3,2,3886846,3887006,Service,10.108836703085101,20.238836703085106,30.36883670308511,10.130000000000003
3,3,3887006,0,Return to Base,11.174878256380202,,,
