Operator,Task,Start,Finish,Successor
1,3875023,0.0,10.623333333333333,3884158
1,3884158,21.242633011009254,31.93263301100925,0
2,3877174,0.0,10.623333333333333,3883107
2,3883107,21.19263301100925,31.93263301100925,0
3,3877136,0.0,10.68,0
