Operator_ID,Sequence_Rank,From_Node,To_Node,Activity_Type,Travel_Time,Start_Service,Finish_Service,Processing_Time
1,1,0,3874696,Service,11.174878256380202,0.0,10.156666666666666,10.156666666666666
1,2,3874696,3874828,Service,10.13116218064102,20.28782884730768,30.444495513974346,10.156666666666666
1,3,3874828,0,Return to Base,11.174878256380202,,,
2,1,0,3874898,Service,11.174878256380202,0.0,10.156666666666666,10.156666666666666
2,2,3874898,3874925,Service,10.13116218064102,20.28782884730768,30.444495513974346,10.156666666666666
2,3,3874925,0,Return to Base,11.174878256380202,,,
3,1,0,3874813,Service,11.174878256380202,0.0,10.156666666666666,10.156666666666666
3,2,3874813,3888489,Service,10.13116218064102,20.28782884730768,30.444495513974346,10.156666666666666
3,3,3888489,0,Return to Base,11.174878256380202,,,
