Operator,Task,Start,Finish,Successor
1,3880384,0.0,10.163333333333334,3880340
1,3880340,20.300076883363324,30.390076883363324,3880345
1,3880345,40.46542537011456,50.55542537011456,3880355
1,3880355,60.6307738568658,70.7207738568658,3880369
1,3880369,80.8575174068958,91.02085074022912,3880375
1,3880375,101.15759429025911,111.32092762359244,3880359
1,3880359,121.45767117362243,131.62100450695576,3880363
1,3880363,141.75774805698575,151.92108139031907,3880380
1,3880380,162.05782494034906,172.2211582736824,0
