Operator_ID,Sequence_Rank,From_Node,To_Node,Activity_Type,Travel_Time,Start_Service,Finish_Service,Processing_Time
1,1,0,3890234,Service,11.174878256380202,0.0,10.126666666666667,10.126666666666667
1,2,3890234,3890339,Service,10.106046018390613,20.232712685057265,30.35937935172393,10.126666666666665
1,3,3890339,3883708,Service,10.106046018390613,40.46542537011453,50.588758703447866,10.123333333333335
1,4,3883708,3877325,Service,10.103255333696122,60.69201403714399,70.81534737047733,10.123333333333335
1,5,3877325,3883655,Service,10.103255333696122,80.91860270417345,91.04193603750679,10.123333333333335
1,6,3883655,3877343,Service,10.103255333696122,101.14519137120291,111.26852470453625,10.123333333333335
1,7,3877343,3890739,Service,10.106046018390613,121.37457072292685,131.5012373895935,10.126666666666665
1,8,3890739,0,Return to Base,11.174878256380202,,,
