Operator,Task,Start,Finish,Successor
1,3885592,0.0,10.31,3876760
1,3876760,20.59464983883796,30.88464983883796,3876736
1,3876736,41.11906735317509,51.40906735317509,3876700
1,3876700,61.64348486751222,71.93348486751222,0
2,3884639,0.0,10.613333333333333,3882993
2,3882993,21.023563983423333,31.383563983423333,3882974
2,3882974,41.671004506955775,52.23433784028911,0
