Operator,Task,Start,Finish,Successor
1,3890886,0.0,11.21,0
2,3891279,0.0,11.21,3890896
2,3890896,21.974647606290198,33.1846476062902,0
3,3890501,0.0,11.21,3891323
3,3891323,21.974647606290198,33.1846476062902,0
4,3891113,0.0,11.21,3890825
4,3890825,21.974647606290198,33.1846476062902,0
5,3890348,0.0,11.21,3878449
5,3878449,21.974647606290198,33.1846476062902,0
