Operator,Task,Start,Finish,Successor
1,3894450,0.0,10.276666666666667,3894503
1,3894503,20.45247980241953,30.66247980241953,0
2,3894448,0.0,10.21,3894513
2,3894513,20.385813135752862,30.595813135752863,0
3,3894469,0.0,10.436666666666667,0
