Operator_ID,Sequence_Rank,From_Node,To_Node,Activity_Type,Travel_Time,Start_Service,Finish_Service,Processing_Time
1,1,0,3877160,Service,10.95720485021,0.0,10.09,10.09
1,2,3877160,3880625,Service,10.12837149594653,20.218371495946524,30.538371495946524,10.32
1,3,3880625,0,Return to Base,10.859530885902856,,,
2,1,0,3877171,Service,10.95720485021,0.0,10.09,10.09
2,2,3877171,3880661,Service,10.12837149594653,20.218371495946524,30.538371495946524,10.32
2,3,3880661,0,Return to Base,10.859530885902856,,,
3,1,0,3876620,Service,10.93487937265408,0.0,10.16,10.16
3,2,3876620,0,Return to Base,10.93487937265408,,,
