Operator_ID,Sequence_Rank,From_Node,To_Node,Activity_Type,Travel_Time,Start_Service,Finish_Service,Processing_Time
1,1,0,3890103,Service,10.519067353175101,0.0,11.286666666666667,11.286666666666667
1,2,3890103,3883614,Service,11.149762094129795,22.436428760796446,33.78642876079645,11.350000000000001
1,3,3883614,3881667,Service,11.135808670657346,44.922237431453794,56.30308135314329,11.380843921689497
1,4,3881667,3873703,Service,11.166506202296734,67.46958755544003,78.78292088877336,11.313333333333333
1,5,3873703,0,Return to Base,10.488369821535713,,,
2,1,0,3881652,Service,10.527439407258571,0.0,11.449817167782852,11.449817167782852
2,2,3881652,3878593,Service,11.188831679852651,22.63864884763551,34.01198218096884,11.373333333333335
2,3,3878593,3879069,Service,11.21952921149204,45.23151139246089,56.74671540139036,11.515204008929473
2,4,3879069,0,Return to Base,10.505113929702652,,,
