Operator,Task,Start,Finish,Successor
1,3877007,0.0,10.253333333333334,3876995
1,3876995,20.468216054809034,30.721549388142368,3876843
1,3876843,40.93643210961807,51.1897654429514,0
2,3876862,0.0,10.253333333333334,3876982
2,3876982,20.468216054809034,30.721549388142368,3876936
2,3876936,40.93643210961807,51.1897654429514,0
3,3876973,0.0,10.253333333333334,3876957
3,3876957,20.468216054809034,30.721549388142368,3876889
3,3876889,40.93643210961807,51.1897654429514,0
