Operator,Task,Start,Finish,Successor
1,3881549,0.0,11.21,3894213
1,3894213,21.974647606290205,33.184647606290206,3885810
1,3885810,43.94929521258041,55.15929521258041,3885444
1,3885444,65.92394281887061,77.13394281887062,0
2,3887402,0.0,11.21,3887289
2,3887289,21.974647606290205,33.184647606290206,3887316
2,3887316,43.94929521258041,55.15929521258041,3887976
2,3887976,65.92394281887061,77.13394281887062,0
