Operator,Task,Start,Finish,Successor
1,3887602,0.0,10.54,3890487
1,3890487,20.969765442951434,31.3764321096181,3883541
1,3883541,41.75596522806871,52.21596522806871,3889538
1,3889538,62.59549834651932,73.00216501318599,3883327
1,3883327,83.3816981316366,93.8416981316366,3889522
1,3889522,104.22123125008721,114.62789791675388,0
