Operator,Task,Start,Finish,Successor
1,3882199,-1.7763568394002505e-15,9.999999999999998,3873530
1,3873530,21.010227859405298,32.32061247478991,3891438
1,3891438,43.33642170358421,54.48975503691754,3890084
1,3890084,65.49998289632282,76.80703417837411,3891448
1,3891448,87.8172620377794,97.8172620377794,3884774
1,3884774,108.84702469004614,118.92074263876408,0
