Operator_ID,Sequence_Rank,From_Node,To_Node,Activity_Type,Travel_Time,Start_Service,Finish_Service,Processing_Time
1,1,0,3877631,Service,10.641857479732652,0.0,10.923333333333334,10.923333333333334
1,2,3877631,3884754,Service,10.784182399151632,21.70751573248497,32.57418239915164,10.866666666666667
1,3,3884754,3877635,Service,10.773019660373672,43.347202059525316,54.203868726191985,10.85666666666667
1,4,3877635,0,Return to Base,10.622322686871223,,,
2,1,0,3884752,Service,10.641857479732652,0.0,10.866666666666667,10.866666666666667
2,2,3884752,3891060,Service,10.750694182817755,21.61736084948443,32.590694182817764,10.973333333333333
2,3,3891060,3877632,Service,10.742322128734285,43.33301631155205,54.19301631155205,10.86
2,4,3877632,0,Return to Base,10.636276110343672,,,
