Operator_ID,Sequence_Rank,From_Node,To_Node,Activity_Type,Travel_Time,Start_Service,Finish_Service,Processing_Time
1,1,0,3871445,Service,10.0,0.0,10.46,10.46
1,2,3871445,3880181,Service,10.449300235812856,20.909300235812854,31.33596690247952,10.426666666666666
1,3,3880181,3871410,Service,10.449300235812856,41.78526713829237,52.24526713829237,10.46
1,4,3871410,0,Return to Base,10.0,,,
2,1,0,3880228,Service,10.0,0.0,10.426666666666666,10.426666666666666
2,2,3880228,3871428,Service,10.449300235812856,20.875966902479515,31.335966902479516,10.46
2,3,3871428,3880198,Service,10.449300235812856,41.78526713829237,52.21193380495903,10.426666666666662
2,4,3880198,0,Return to Base,10.0,,,
