Operator_ID,Sequence_Rank,From_Node,To_Node,Activity_Type,Travel_Time,Start_Service,Finish_Service,Processing_Time
1,1,0,3887602,Service,10.0,0.0,10.54,10.54
1,2,3887602,3890487,Service,10.429765442951428,20.969765442951434,31.3764321096181,10.406666666666666
1,3,3890487,3883541,Service,10.379533118450611,41.75596522806871,52.21596522806871,10.46
1,4,3883541,3889538,Service,10.379533118450611,62.59549834651932,73.00216501318599,10.406666666666666
1,5,3889538,3883327,Service,10.379533118450611,83.3816981316366,93.8416981316366,10.460000000000008
1,6,3883327,3889522,Service,10.379533118450611,104.22123125008721,114.62789791675388,10.406666666666666
1,7,3889522,0,Return to Base,10.0,,,
