Operator_ID,Sequence_Rank,From_Node,To_Node,Activity_Type,Travel_Time,Start_Service,Finish_Service,Processing_Time
1,1,0,3888344,Service,10.778601029762653,0.0,10.173333333333334,10.173333333333334
1,2,3888344,3888162,Service,10.14790628880796,20.32123962214129,30.43790628880796,10.116666666666667
1,3,3888162,3888364,Service,10.11441807247408,40.55232436128204,50.748991027948705,10.196666666666665
1,4,3888364,3882122,Service,10.181394505141837,60.93038553309054,71.1570521997572,10.22666666666666
1,5,3882122,0,Return to Base,10.739531444039795,,,
