Operator,Task,Start,Finish,Successor
1,3883379,0.0,10.216666666666667,3894244
1,3894244,20.345038162613207,30.49837149594654,3886556
1,3886556,40.62674299189308,50.833409658559745,0
2,3878047,0.0,10.183333333333334,3890761
2,3890761,20.373099892558653,30.57976655922532,3886567
2,3886567,40.76953311845064,50.9761997851173,0
