Operator,Task,Start,Finish,Successor
1,3880855,0.0,10.183333333333334,3879932
1,3879932,20.33682099153029,30.520154324863622,3878492
1,3878492,40.67364198306058,50.856975316393914,3879904
1,3879904,61.010462974590865,71.1937963079242,0
2,3879939,0.0,10.183333333333334,3879802
2,3879802,20.33682099153029,30.520154324863622,3879041
2,3879041,40.67364198306058,50.856975316393914,3879917
2,3879917,61.010462974590865,71.1937963079242,0
