Operator_ID,Sequence_Rank,From_Node,To_Node,Activity_Type,Travel_Time,Start_Service,Finish_Service,Processing_Time
1,1,0,3887127,Service,10.622322686871223,0.0,10.79333333333318,10.79333333333318
1,2,3887127,3883210,Service,10.602787894009795,21.396121227342974,32.15612122734297,10.759999999999998
1,3,3883210,3887384,Service,10.597206524620816,42.75332775196379,53.53999441863046,10.786666666666669
1,4,3887384,3883197,Service,10.597206524620816,64.13720094325127,74.89720094325128,10.760000000000005
1,5,3883197,3887396,Service,10.597206524620816,85.4944074678721,96.28107413453876,10.786666666666662
1,6,3887396,0,Return to Base,10.622322686871223,,,
