Operator_ID,Sequence_Rank,From_Node,To_Node,Activity_Type,Travel_Time,Start_Service,Finish_Service,Processing_Time
1,1,0,3891054,Service,10.622322686871223,0.0,11.11,11.11
1,2,3891054,3889781,Service,10.887437732847754,21.997437732847757,31.997437732847757,10.0
1,3,3889781,3878719,Service,10.80929856140204,42.8067362942498,53.9967362942498,11.189999999999998
1,4,3878719,3880176,Service,10.823251984874489,64.81998827912429,74.94763576864861,10.127647489524321
1,5,3880176,0,Return to Base,10.619532002176735,,,
