Operator,Task,Start,Finish,Successor
1,3889321,0.0,11.223333333333333,0
2,3891222,0.0,11.223333333333333,3887768
2,3887768,21.999143678401484,33.22247701173482,0
3,3888788,0.0,11.223333333333333,3888052
3,3888052,21.999143678401484,33.22247701173482,0
4,3888413,0.0,11.223333333333333,3888627
4,3888627,21.999143678401484,33.22247701173482,0
