Operator_ID,Sequence_Rank,From_Node,To_Node,Activity_Type,Travel_Time,Start_Service,Finish_Service,Processing_Time
1,1,0,3883263,Service,10.0,0.0,10.693333333333333,10.693333333333333
1,2,3883263,3882261,Service,10.471625713368775,21.164959046702123,31.908292380035455,10.743333333333332
1,3,3882261,3883253,Service,10.471625713368775,42.37991809340423,53.07325142673756,10.693333333333335
1,4,3883253,3883252,Service,10.479997767452245,63.5532491941898,74.28658252752314,10.733333333333334
1,5,3883252,0,Return to Base,10.0,,,
2,1,0,3894285,Service,10.0,0.0,10.74,10.74
2,2,3894285,3894281,Service,10.505113929702652,21.24511392970264,31.985113929702642,10.740000000000002
2,3,3894281,3882273,Service,10.493951190924694,42.47906512062734,53.22239845396067,10.743333333333332
2,4,3882273,0,Return to Base,10.0,,,
