Operator,Task,Start,Finish,Successor
1,3871821,0.0,11.223333333333333,0
2,3873035,0.0,11.223333333333333,3871844
2,3871844,21.999143678401484,33.22247701173482,0
3,3871743,0.0,11.223333333333333,3889517
3,3889517,21.999143678401484,33.22247701173482,0
4,3873030,0.0,11.223333333333333,3871808
4,3871808,21.999143678401484,33.22247701173482,0
5,3871637,0.0,11.223333333333333,3871619
5,3871619,21.999143678401484,33.22247701173482,0
