Operator_ID,Sequence_Rank,From_Node,To_Node,Activity_Type,Travel_Time,Start_Service,Finish_Service,Processing_Time
1,1,0,3881010,Service,11.306040437021224,0.0,10.313333333333333,10.313333333333333
1,2,3881010,3881172,Service,10.226045460253673,20.53937879358701,30.76937879358701,10.23
1,3,3881172,3881853,Service,10.203719982697756,40.97309877628478,51.18309877628478,10.21
1,4,3881853,3887810,Service,10.178603820447346,61.36170259673213,71.65503593006547,10.293333333333337
1,5,3887810,3882286,Service,10.178603820447346,81.83363975051282,92.04363975051282,10.210000000000008
1,6,3882286,0,Return to Base,11.22231989618653,,,
