Operator,Task,Start,Finish,Successor
1,3888097,0.0,10.13,3890321
1,3890321,20.236046018390617,30.362712685057282,0
2,3886792,0.0,10.183333333333334,0
3,3886846,0.0,10.13,3887006
3,3887006,20.238836703085106,30.36883670308511,0
