Operator_ID,Sequence_Rank,From_Node,To_Node,Activity_Type,Travel_Time,Start_Service,Finish_Service,Processing_Time
1,1,0,3884791,Service,10.558136938897958,0.0,11.406792605675705,11.406792605675705
1,2,3884791,3877308,Service,11.07999497676755,22.486787582443263,33.840120915776595,11.353333333333332
1,3,3877308,3885875,Service,11.029762652266733,44.86988356804332,56.32818744182748,11.45830387378416
1,4,3885875,0,Return to Base,10.544183515425509,,,
2,1,0,3888276,Service,10.558136938897958,0.0,11.4,11.4
2,2,3888276,3888282,Service,11.133017985962855,22.53301798596285,33.81301798596285,11.280000000000001
2,3,3888282,3888308,Service,11.124645931879387,44.93766391784225,56.28150100721174,11.343837089369487
2,4,3888308,0,Return to Base,10.566508992981428,,,
