Operator,Task,Start,Finish,Successor
1,3888563,0.0,10.2,3881004
1,3881004,20.367441081669377,30.564107748336045,0
2,3879893,0.0,10.196666666666667,3888567
2,3888567,20.36410774833605,30.56410774833605,0
3,3881541,0.0,10.196666666666667,3878446
3,3878446,20.36131706364157,30.557983730308237,0
