Operator_ID,Sequence_Rank,From_Node,To_Node,Activity_Type,Travel_Time,Start_Service,Finish_Service,Processing_Time
1,1,0,3880055,Service,10.923716633876122,0.0,10.49,10.49
1,2,3880055,3880044,Service,10.426974758256938,20.916974758256927,31.40697475825693,10.490000000000002
1,3,3880044,3880004,Service,10.426974758256938,41.833949516513854,52.323949516513856,10.490000000000002
1,4,3880004,0,Return to Base,10.923716633876122,,,
2,1,0,3886361,Service,10.923716633876122,0.0,10.456666666666667,10.456666666666667
2,2,3886361,3886390,Service,10.390695857228572,20.847362523895228,31.304029190561895,10.456666666666667
2,3,3886390,3886375,Service,10.390695857228572,41.694725047790456,52.15139171445712,10.456666666666663
2,4,3886375,3886398,Service,10.390695857228572,62.542087571685684,72.99875423835235,10.456666666666663
2,5,3886398,0,Return to Base,10.923716633876122,,,
