Operator,Task,Start,Finish,Successor
1,3883034,0.0,10.65,3883014
1,3883014,21.14395119092469,31.793951190924687,0
2,3882962,0.0,10.65,3882986
2,3882986,21.14395119092469,31.793951190924687,0
3,3882976,0.0,10.65,3883071
3,3883071,21.14395119092469,31.793951190924687,0
4,3884719,0.0,10.6,3882942
4,3882942,21.06883502867428,31.718835028674278,0
