Operator_ID,Sequence_Rank,From_Node,To_Node,Activity_Type,Travel_Time,Start_Service,Finish_Service,Processing_Time
1,1,0,3876885,Service,10.965576904293469,0.0,10.396666666666667,10.396666666666667
1,2,3876885,3876753,Service,10.365579694978162,20.76224636164482,31.15891302831149,10.396666666666668
1,3,3876753,3886379,Service,10.365579694978162,41.52449272328964,51.91782605662297,10.39333333333333
1,4,3886379,3876741,Service,10.365579694978162,62.28340575160112,72.68007241826778,10.396666666666661
1,5,3876741,3876817,Service,10.365579694978162,83.04565211324594,93.4423187799126,10.396666666666661
1,6,3876817,3876803,Service,10.365579694978162,103.80789847489075,114.20456514155741,10.396666666666661
1,7,3876803,3876870,Service,10.365579694978162,124.57014483653556,134.96681150320222,10.396666666666661
1,8,3876870,3876895,Service,10.365579694978162,145.33239119818037,155.72905786484705,10.396666666666675
1,9,3876895,0,Return to Base,10.965576904293469,,,
