Operator,Task,Start,Finish,Successor
1,3891294,0.0,11.21,3882059
1,3882059,21.974647606290198,33.1846476062902,0
2,3887139,0.0,11.21,3886983
2,3886983,21.974647606290198,33.1846476062902,0
3,3891529,0.0,11.21,0
