Operator_ID,Sequence_Rank,From_Node,To_Node,Activity_Type,Travel_Time,Start_Service,Finish_Service,Processing_Time
1,1,0,3882163,Service,10.613950632787754,-1.7763568394002505e-15,11.196666666666665,11.196666666666667
1,2,3882163,3877512,Service,11.029762652266733,22.226429318933384,33.466429318933386,11.240000000000002
1,3,3877512,3891420,Service,10.946042111432039,44.41247143036542,55.59581964933323,11.183348218967808
1,4,3891420,3873705,Service,10.962786219598978,66.55860586893219,77.76527253559885,11.206666666666663
1,5,3873705,0,Return to Base,10.613950632787754,,,
2,1,0,3877509,Service,10.636276110343672,0.0,11.41011908507579,11.41011908507579
2,2,3877509,3881693,Service,11.032553336961223,44.06190258192247,55.462021666998254,11.400119085075787
2,3,3881693,3877661,Service,11.040925391044693,66.50294705804293,77.74294705804293,11.239999999999995
2,4,3877661,0,Return to Base,10.636276110343672,,,
