Operator,Task,Start,Finish,Successor
1,3872541,0.0,10.783717948717948,3886995
1,3886995,21.35580831108836,31.959141644421692,3895366
1,3895366,42.478208997596795,53.27526027964808,0
2,3882182,0.0,10.840384615384615,3873637
2,3873637,21.32038238283684,31.92038238283684,3880937
2,3880937,42.40038015028907,53.153713483622404,0
