Operator,Task,Start,Finish,Successor
1,3885387,0.0,10.54,3873199
1,3873199,20.933486541923067,31.466819875256398,3891138
1,3891138,41.88542257942987,52.548755912763205,0
2,3873191,0.0,10.553333333333333,3873206
2,3873206,20.957982614034357,31.49131594736769,3873177
2,3873177,41.895965228068704,52.44929856140204,0
