Operator_ID,Sequence_Rank,From_Node,To_Node,Activity_Type,Travel_Time,Start_Service,Finish_Service,Processing_Time
1,1,0,3887042,Service,10.622322686871223,0.0,10.79,10.79
1,2,3887042,3888371,Service,10.625113371565714,21.415113371565702,32.23178003823237,10.81666666666667
1,3,3888371,3887250,Service,10.625113371565714,42.856893409798076,53.646893409798075,10.79
1,4,3887250,3887409,Service,10.6558109032051,64.30270431300318,75.08603764633651,10.783333333333331
1,5,3887409,3879767,Service,10.6558109032051,85.7418485495416,96.53851521620827,10.796666666666667
1,6,3879767,3879741,Service,10.658601587899591,107.19711680410786,117.99378347077453,10.796666666666667
1,7,3879741,3879726,Service,10.658601587899591,128.65238505867413,139.44905172534078,10.796666666666653
1,8,3879726,0,Return to Base,10.622322686871223,,,
