Operator,Task,Start,Finish,Successor
1,3879793,0.0,10.786666666666667,3881525
1,3881525,21.381082506592964,32.1744158399263,3890312
1,3890312,42.634878814517116,53.421545481183784,3881514
1,3881514,63.882008455774596,74.67534178910793,3885620
1,3885620,85.13580476369877,95.71580476369877,3879936
1,3879936,106.18743047706755,116.71743047706755,3888487
1,3888487,127.18068413635285,137.96068413635285,3879903
1,3879903,148.42393779563815,158.95393779563815,0
