Operator,Task,Start,Finish,Successor
1,3879074,0.0,10.79,3881655
1,3881655,21.39557857870428,32.30247291059224,3873558
1,3873558,42.90526080460204,52.90526080460204,3888277
1,3888277,63.463397743499996,74.18673107683333,3878747
1,3878747,84.74765870042577,94.74765870042577,0
