Operator_ID,Sequence_Rank,From_Node,To_Node,Activity_Type,Travel_Time,Start_Service,Finish_Service,Processing_Time
1,1,0,3874958,Service,10.636276110343672,0.0,10.743333333333334,10.743333333333334
1,2,3874958,3879874,Service,10.474416398063266,21.2177497313966,31.961852295499163,10.744102564102562
1,3,3879874,3874939,Service,10.474416398063266,42.43626869356243,53.179602026895765,10.743333333333332
1,4,3874939,3874952,Service,10.368370379672653,63.54797240656842,73.98797240656842,10.439999999999998
1,5,3874952,3874948,Service,10.368370379672653,84.35634278624107,94.79634278624107,10.439999999999998
1,6,3874948,0,Return to Base,10.636276110343672,,,
