Operator,Task,Start,Finish,Successor
1,3885300,1.7763568394002505e-15,11.344841266956653,3891487
1,3891487,22.1457677742752,32.1457677742752,0
2,3891463,0.0,11.106666666666667,3885339
2,3885339,21.960616183180534,33.26394951651387,0
3,3881675,0.0,11.176666666666666,3888311
3,3888311,22.158987679127065,33.302321012460396,0
