Operator,Task,Start,Finish,Successor
1,3876639,0.0,10.22,3871742
1,3871742,20.46558025311511,30.712246919781776,0
2,3876659,0.0,10.22,0
3,3876671,0.0,10.22,3871750
3,3871750,20.46558025311511,30.712246919781776,0
