Operator_ID,Sequence_Rank,From_Node,To_Node,Activity_Type,Travel_Time,Start_Service,Finish_Service,Processing_Time
1,1,0,3879979,Service,10.923716633876122,0.0,10.493333333333334,10.493333333333334
1,2,3879979,3880065,Service,10.382323803145102,20.875657136478438,31.382323803145106,10.506666666666668
1,3,3880065,3880061,Service,10.382323803145102,41.76464760629021,52.27131427295688,10.506666666666668
1,4,3880061,0,Return to Base,10.923716633876122,,,
2,1,0,3880158,Service,10.923716633876122,0.0,10.506666666666666,10.506666666666666
2,2,3880158,3880147,Service,10.382323803145102,20.888990469811773,31.39565713647844,10.506666666666668
2,3,3880147,3880173,Service,10.382323803145102,41.777980939623546,52.284647606290214,10.506666666666668
2,4,3880173,0,Return to Base,10.923716633876122,,,
