Operator_ID,Sequence_Rank,From_Node,To_Node,Activity_Type,Travel_Time,Start_Service,Finish_Service,Processing_Time
1,1,0,3884548,Service,10.0,0.0,10.37,10.37
1,2,3884548,3880603,Service,10.27906846944898,20.649068469448988,30.989068469448988,10.34
1,3,3880603,3884580,Service,10.27906846944898,41.26813693889799,51.638136938897986,10.369999999999997
1,4,3884580,0,Return to Base,10.0,,,
2,1,0,3883699,Service,10.0,-1.7763568394002505e-15,10.369999999999997,10.37
2,2,3883699,3880318,Service,10.27906846944898,20.649068469448988,30.989068469448988,10.34
2,3,3880318,3884603,Service,10.27906846944898,41.26813693889798,51.63813693889798,10.369999999999997
2,4,3884603,0,Return to Base,10.0,,,
