Operator_ID,Sequence_Rank,From_Node,To_Node,Activity_Type,Travel_Time,Start_Service,Finish_Service,Processing_Time
1,1,0,3889664,Service,10.789763768540611,0.0,10.136666666666667,10.136666666666667
1,2,3889664,3889665,Service,10.125580811252041,20.262247477918702,30.412247477918704,10.150000000000002
1,3,3889665,3888166,Service,10.119999441863062,40.53224691978176,50.71891358644843,10.186666666666667
1,4,3888166,3888235,Service,10.142324919418979,60.86123850586741,71.02457183920075,10.163333333333334
1,5,3888235,0,Return to Base,10.756275552206734,,,
