Operator,Task,Start,Finish,Successor
1,3881098,0.0,10.64,3881283
1,3881283,21.379763768540606,32.01309710187394,0
2,3888376,0.0,10.59,3887454
2,3887454,21.379763768540606,32.01309710187394,0
3,3881059,0.0,10.64,3881237
3,3881237,21.287438849121642,31.920772182454975,0
4,3887456,0.0,10.633333333333333,0
