Operator_ID,Sequence_Rank,From_Node,To_Node,Activity_Type,Travel_Time,Start_Service,Finish_Service,Processing_Time
1,1,0,3888067,Service,11.060460183906121,0.0,10.75,10.75
1,2,3888067,3880838,Service,10.708833912400408,21.458833912400408,32.45216724573374,10.993333333333332
1,3,3880838,0,Return to Base,10.814879930791019,,,
2,1,0,3871462,Service,10.95720485021,0.0,10.75,10.75
2,2,3871462,3880849,Service,10.764647606290204,21.514647606290197,32.50798093962353,10.993333333333332
2,3,3880849,0,Return to Base,10.814879930791019,,,
