Operator,Task,Start,Finish,Successor
1,3873231,0.0,10.15,3878437
1,3878437,20.275580811252034,30.425580811252033,3872269
1,3872269,40.55116162250407,50.70116162250407,3873190
1,3873190,60.8267424337561,70.9767424337561,3872071
1,3872071,81.10232324500814,91.25232324500814,0
