Operator,Task,Start,Finish,Successor
1,3891393,0.0,11.42359704346428,3891456
1,3891456,22.509173389620802,33.802506722954135,3884781
1,3884781,44.87971101502718,56.156377681693854,3881682
1,3881682,67.27265155948977,78.55265155948977,3883826
1,3883826,89.64380927503527,100.8471426083686,3877506
1,3877506,111.93550963921963,123.31910668268391,3878300
1,3878300,134.41305508292393,145.62305508292394,3881640
1,3881640,156.71979416785842,167.95312750119174,0
