Operator,Task,Start,Finish,Successor
1,3882865,0.0,10.203333333333333,0
2,3880172,0.0,10.203333333333333,3881017
2,3881017,20.32054209050192,30.52054209050192,0
3,3889360,0.0,10.206666666666667,3882826
3,3882826,20.323875423835247,30.520542090501916,0
4,3888435,0.0,10.206666666666667,3883978
4,3883978,20.323875423835247,30.520542090501916,0
