Operator,Task,Start,Finish,Successor
1,3886679,0.0,10.146666666666667,3881053
1,3881053,20.32286756805783,30.479534234724497,3880142
1,3880142,40.61906846944899,50.73906846944899,0
2,3881618,0.0,10.156666666666666,3885538
2,3885538,20.29620090139116,30.452867568057826,3881726
2,3881726,40.59240180278232,50.73906846944899,0
