Operator,Task,Start,Finish,Successor
1,3885368,0.0,10.0,3871679
1,3871679,20.96836758898796,32.47541887103924,0
2,3871670,0.0,11.273717948717948,3885317
2,3885317,22.309061970373666,33.642395303707,0
