Operator,Task,Start,Finish,Successor
1,3891194,0.0,11.223333333333333,3889834
1,3889834,21.999143678401477,33.22247701173481,3891033
1,3891033,43.99828735680296,55.22162069013629,3891158
1,3891158,65.99743103520444,77.22076436853777,0
2,3894572,0.0,11.223333333333333,3890531
2,3890531,21.999143678401477,33.22247701173481,3889903
2,3889903,43.99828735680296,55.22162069013629,3890050
2,3890050,65.99743103520444,77.22076436853777,0
