Operator,Task,Start,Finish,Successor
1,3881434,0.0,11.223333333333333,3880436
1,3880436,21.999143678401484,33.22247701173482,3882236
1,3882236,43.99828735680297,55.221620690136305,3880083
1,3880083,65.99743103520446,77.22076436853779,0
2,3881539,0.0,11.223333333333333,3882179
2,3882179,21.999143678401484,33.22247701173482,3881922
2,3881922,43.99828735680297,55.221620690136305,0
