Operator,Task,Start,Finish,Successor
1,3881188,1.7763568394002505e-15,11.223333333333334,3882029
1,3882029,21.999143678401484,33.22247701173482,3883488
1,3883488,43.99828735680296,55.2216206901363,0
2,3883046,0.0,11.223333333333333,3882870
2,3882870,21.999143678401477,33.22247701173481,3883479
2,3883479,43.99828735680296,55.22162069013629,0
