Operator,Task,Start,Finish,Successor
1,3883231,0.0,11.223333333333333,3883312
1,3883312,21.999143678401484,33.22247701173482,3883053
1,3883053,43.99828735680297,55.221620690136305,3881452
1,3881452,65.99743103520446,77.22076436853779,3882810
1,3882810,87.99657471360594,99.21990804693927,3883083
1,3883083,109.99571839200742,121.21905172534075,0
