Operator,Task,Start,Finish,Successor
1,3880199,0.0,10.14,3880217
1,3880217,20.257208757168584,30.397208757168585,3880208
1,3880208,40.51441751433717,50.65441751433717,0
2,3880193,0.0,10.14,3880179
2,3880179,20.257208757168584,30.397208757168585,3880223
2,3880223,40.46976655922533,50.55643322589199,0
