Operator,Task,Start,Finish,Successor
1,3877644,0.0,10.333333333333334,3877855
1,3877855,20.673796866061107,31.013796866061107,3877851
1,3877851,41.35426039878888,51.69426039878888,3877886
1,3877886,62.040305300905615,72.40030530090561,0
2,3882119,0.0,10.35,3891481
2,3891481,20.698835586811214,31.048835586811215,3877645
2,3877645,41.39488048892797,51.73488048892796,3873551
2,3873551,62.06139059818327,72.39805726484994,0
