Operator,Task,Start,Finish,Successor
1,3883125,0.0,10.085894410869749,3883115
1,3883115,20.122173311898116,30.19473438943453,3888248
1,3888248,40.2310132904629,50.316907701332646,3871632
1,3871632,60.45644193605714,70.66644193605714,0
