Operator,Task,Start,Finish,Successor
1,3889387,0.0,11.223333333333333,3888561
1,3888561,21.999143678401484,33.22247701173482,3894673
1,3894673,43.99828735680297,55.221620690136305,3881983
1,3881983,65.99743103520446,77.22076436853779,0
2,3889884,0.0,11.223333333333333,3894136
2,3894136,21.999143678401484,33.22247701173482,3891526
2,3891526,43.99828735680297,55.221620690136305,0
