Operator,Task,Start,Finish,Successor
1,3884351,0.0,10.673333333333334,3881012
1,3884351,0.0,10.673333333333334,3884415
1,3884415,21.128214936560855,31.774881603201653,3881012
1,3881012,42.2297632084035,52.889763208403494,3884220
1,3884220,63.34464481360534,73.991311480272,3881138
1,3884220,63.34464481360534,73.991311480272,3884351
1,3881138,84.44619308547385,95.09619308547386,3890600
1,3890600,105.6013070151765,116.3413070151765,0
