Operator_ID,Sequence_Rank,From_Node,To_Node,Activity_Type,Travel_Time,Start_Service,Finish_Service,Processing_Time
1,1,0,3877707,Service,10.619532002176735,-1.7763568394002505e-15,10.816666666666665,10.816666666666666
1,2,3877707,3877689,Service,10.770228975679183,21.586895642345834,32.4035623090125,10.816666666666666
1,3,3877689,3877604,Service,10.770228975679183,43.173791284691674,53.990457951358344,10.81666666666667
1,4,3877604,3877693,Service,10.770228975679183,64.76068692703751,75.57735359370417,10.816666666666663
1,5,3877693,0,Return to Base,10.619532002176735,,,
2,1,0,3877600,Service,10.622322686871223,-3.552713678800501e-15,10.856666666666664,10.856666666666667
2,2,3877600,3877517,Service,10.828833354263468,21.685500020930142,32.55883335426348,10.873333333333335
2,3,3877517,3877519,Service,10.731159389956325,43.2899927442198,54.203326077553136,10.913333333333334
2,4,3877519,0,Return to Base,10.636276110343672,,,
