Operator,Task,Start,Finish,Successor
1,3891041,0.0,11.223333333333333,3890053
1,3890053,21.999143678401484,33.22247701173482,3894891
1,3894891,43.99828735680297,55.221620690136305,3889851
1,3889851,65.99743103520446,77.22076436853779,0
2,3891216,0.0,11.223333333333333,3891199
2,3891199,21.999143678401484,33.22247701173482,3894292
2,3894292,43.99828735680297,55.221620690136305,0
