Operator,Task,Start,Finish,Successor
1,3884012,0.0,11.21,0
2,3884026,0.0,11.21,3884023
2,3884023,21.974647606290198,33.1846476062902,0
3,3883986,0.0,11.21,3884281
3,3884281,21.974647606290198,33.1846476062902,0
4,3884024,0.0,11.21,3884010
4,3884010,21.974647606290198,33.1846476062902,0
5,3883954,0.0,11.21,3883315
5,3883315,21.974647606290198,33.1846476062902,0
