Operator,Task,Start,Finish,Successor
1,3889637,0.0,10.254284489989267,3881646
1,3881646,20.404981463491726,30.611648130158393,3887573
1,3887573,40.74001962610494,50.95097078276087,3877915
1,3877915,61.0793422787074,71.23267561204074,3885274
1,3885274,81.35546573859831,91.55641689525424,3882140
1,3882140,101.6792070218118,111.89298422825124,3894110
1,3894110,122.01577435480881,132.22005884479807,3889699
1,3889699,142.3484303407446,152.57887421385072,0
