Operator,Task,Start,Finish,Successor
1,3882828,0.0,10.12,3884586
1,3884586,20.223255333696137,30.349922000362803,3883114
1,3883114,40.453177334058935,50.57317733405893,3888590
1,3888590,60.68480472183854,70.8014713885052,0
2,3882083,0.0,10.12,3884408
2,3884408,20.22325533369613,30.349922000362795,3882321
2,3882321,40.45317733405893,50.573177334058926,3895244
2,3895244,60.68480472183854,70.8014713885052,0
