Operator_ID,Sequence_Rank,From_Node,To_Node,Activity_Type,Travel_Time,Start_Service,Finish_Service,Processing_Time
1,1,0,3891377,Service,10.586043785842856,0.0,11.379195095209425,11.379195095209425
1,2,3891377,3873683,Service,11.152552778824285,22.5317478740337,33.873391352586495,11.341643478552793
1,3,3873683,3882159,Service,11.08836703085102,44.96175838343753,56.27509171677086,11.313333333333333
1,4,3882159,3881691,Service,11.08278566146204,67.35787737823287,78.76040580677564,11.402528428542766
1,5,3881691,3888352,Service,11.08278566146204,89.84319146823768,101.13985813490434,11.296666666666667
1,6,3888352,3890791,Service,11.135808670657346,112.2756668055617,123.5856668055617,11.310000000000002
1,7,3890791,3891387,Service,11.155343463518774,134.74101026908045,146.1502053642899,11.40919509520944
1,8,3891387,0,Return to Base,10.566508992981428,,,
