Operator,Task,Start,Finish,Successor
1,3883124,0.0,10.19,3879913
1,3879913,20.26813917144571,30.441472504779043,3895086
1,3895086,40.48612345989089,50.716123459890895,3880353
1,3880353,60.72728619866885,70.81728619866885,0
2,3890430,1.7763568394002505e-15,10.230000000000002,3895073
2,3895073,20.3695342347245,30.5995342347245,3879888
2,3879888,40.64418518983635,50.81751852316968,0
