Operator,Task,Start,Finish,Successor
1,3883528,0.0,10.43,3886819
1,3886819,20.700696415365506,31.120696415365508,3882281
1,3882281,41.383020776647555,51.79302077664756,3887154
1,3887154,62.0609265073186,72.4809265073186,0
2,3890992,-1.7763568394002505e-15,10.409999999999998,3878168
2,3878168,20.672324361282048,31.082324361282048,3881597
2,3881597,41.3446487225641,51.764648722564104,3880578
2,3880578,62.03813582262411,72.47146915595745,0
