Operator,Task,Start,Finish,Successor
1,3884599,-2.291500322826323e-13,11.126666666666438,0
