Operator_ID,Sequence_Rank,From_Node,To_Node,Activity_Type,Travel_Time,Start_Service,Finish_Service,Processing_Time
1,1,0,3881476,Service,11.199994418630611,-1.7763568394002505e-15,10.176666666666664,10.176666666666666
1,2,3881476,3886618,Service,10.14511560411347,20.321782270780126,30.49511560411346,10.173333333333336
1,3,3886618,3879898,Service,10.14511560411347,40.640231208226936,50.81356454156027,10.173333333333332
1,4,3879898,3877462,Service,10.14511560411347,60.95868014567374,71.1353468123404,10.176666666666662
1,5,3877462,0,Return to Base,11.199994418630611,,,
2,1,0,3881227,Service,11.199994418630611,-1.7763568394002505e-15,10.176666666666664,10.176666666666666
2,2,3881227,3881084,Service,10.14790628880796,20.324572955474633,30.5012396221413,10.176666666666666
2,3,3881084,3881409,Service,10.14790628880796,40.64914591094927,50.825812577615935,10.176666666666662
2,4,3881409,0,Return to Base,11.199994418630611,,,
