Operator,Task,Start,Finish,Successor
1,3889317,0.0,10.483333333333333,3880403
1,3880403,20.84333165892251,31.27333165892251,3880438
1,3880438,41.63332998451168,52.06332998451168,3888747
1,3888747,62.42332831010086,72.90666164343419,3880420
1,3880420,83.26665996902337,93.69665996902336,3889715
1,3889715,104.05665829461253,114.5533249612792,0
