Operator_ID,Sequence_Rank,From_Node,To_Node,Activity_Type,Travel_Time,Start_Service,Finish_Service,Processing_Time
1,1,0,3890787,Service,11.174878256380202,0.0,11.21,11.21
1,2,3890787,3885086,Service,10.764647606290204,21.974647606290198,33.1846476062902,11.21
1,3,3885086,3884589,Service,10.764647606290204,43.949295212580395,55.159295212580396,11.21
1,4,3884589,3890499,Service,10.764647606290204,65.92394281887059,77.1339428188706,11.210000000000008
1,5,3890499,3887020,Service,10.764647606290204,87.89859042516079,99.1085904251608,11.210000000000008
1,6,3887020,3879169,Service,10.764647606290204,109.873238031451,121.083238031451,11.210000000000008
1,7,3879169,3891291,Service,10.764647606290204,131.8478856377412,143.0578856377412,11.210000000000008
1,8,3891291,0,Return to Base,11.174878256380202,,,
