Operator,Task,Start,Finish,Successor
1,3872710,0.0,10.183333333333334,3872264
1,3872264,20.336820991530285,30.52015432486362,3873363
1,3873363,40.67364198306057,50.8569753163939,3872223
1,3872223,61.01046297459085,71.19379630792419,3872327
1,3872327,81.34728396612114,91.53061729945448,3872316
1,3872316,101.68410495765143,111.86743829098477,3872331
1,3872331,122.02092594918172,132.20425928251504,3873355
1,3873355,142.357746940712,152.54108027404533,0
