Operator,Task,Start,Finish,Successor
1,3884271,0.0,11.223333333333333,3880947
1,3880947,21.999143678401477,33.22247701173481,3883337
1,3883337,43.99828735680296,55.22162069013629,3883984
1,3883984,65.99743103520444,77.22076436853777,0
2,3884471,0.0,11.223333333333333,3882794
2,3882794,21.999143678401477,33.22247701173481,3881189
2,3881189,43.99828735680296,55.22162069013629,3882282
2,3882282,65.99743103520444,77.22076436853777,0
