Operator_ID,Sequence_Rank,From_Node,To_Node,Activity_Type,Travel_Time,Start_Service,Finish_Service,Processing_Time
1,1,0,3879684,Service,11.373016869688978,0.0,10.176666666666666,10.176666666666666
1,2,3879684,3879676,Service,10.14790628880796,20.32457295547461,30.501239622141277,10.176666666666666
1,3,3879676,3884190,Service,10.223254775559184,40.72449439770046,50.87449439770046,10.149999999999999
1,4,3884190,3883024,Service,10.223254775559184,61.09774917325964,71.29441583992632,10.196666666666673
1,5,3883024,3883851,Service,10.223254775559184,81.5176706154855,91.6676706154855,10.150000000000006
1,6,3883851,3883126,Service,10.181394505141837,101.84906512062734,112.07906512062735,10.230000000000004
1,7,3883126,3884178,Service,10.181394505141837,122.26045962576919,132.4104596257692,10.150000000000006
1,8,3884178,0,Return to Base,11.373016869688978,,,
