Operator,Task,Start,Finish,Successor
1,3890837,0.0,11.21,0
2,3894171,0.0,11.21,3879746
2,3879746,21.974647606290198,33.1846476062902,0
3,3887992,0.0,11.21,3880810
3,3880810,21.974647606290198,33.1846476062902,0
4,3884346,0.0,11.21,3884846
4,3884846,21.974647606290198,33.1846476062902,0
