Operator_ID,Sequence_Rank,From_Node,To_Node,Activity_Type,Travel_Time,Start_Service,Finish_Service,Processing_Time
1,1,0,3877138,Service,11.199994418630611,0.0,10.163333333333334,10.163333333333334
1,2,3877138,3883551,Service,10.212092036781224,20.451006739503544,30.69767340617021,10.246666666666666
1,3,3883551,0,Return to Base,11.199994418630611,,,
2,1,0,3886374,Service,11.199994418630611,0.0,10.24,10.24
2,2,3886374,3886475,Service,10.217673406170205,20.45767340617021,30.69767340617021,10.240000000000002
2,3,3886475,0,Return to Base,11.199994418630611,,,
3,1,0,3886814,Service,11.199994418630611,0.0,10.26,10.26
3,2,3886814,0,Return to Base,11.199994418630611,,,
