Operator_ID,Sequence_Rank,From_Node,To_Node,Activity_Type,Travel_Time,Start_Service,Finish_Service,Processing_Time
1,1,0,3894420,Service,10.792554453235102,0.0,10.82,10.82
1,2,3894420,3879743,Service,10.731159389956325,21.55115938995634,32.26449272328967,10.713333333333331
1,3,3879743,3894397,Service,10.731159389956325,42.995652113245995,53.815652113245996,10.82
1,4,3894397,0,Return to Base,10.792554453235102,,,
2,1,0,3879727,Service,10.856740201208366,0.0,10.713333333333333,10.713333333333333
2,2,3879727,3879766,Service,10.666973641983061,21.380306975316373,32.10697364198304,10.726666666666667
2,3,3879766,3894412,Service,10.731159389956325,42.838133031939364,53.658133031939364,10.82
2,4,3894412,0,Return to Base,10.792554453235102,,,
