Operator,Task,Start,Finish,Successor
1,3885290,0.0,10.030095226540608,3871781
1,3871781,20.030095226540602,30.060190453081212,3884433
1,3884433,40.060190453081205,50.090285679621815,3885286
1,3885286,60.0902856796218,70.12038090616241,0
2,3871712,-1.7763568394002505e-15,11.359999999999998,3884766
2,3884766,22.414878814517134,33.79497404105774,3882168
2,3882168,44.8470621708804,56.213824064087675,0
