Operator_ID,Sequence_Rank,From_Node,To_Node,Activity_Type,Travel_Time,Start_Service,Finish_Service,Processing_Time
1,1,0,3886523,Service,11.174878256380202,0.0,11.21,11.21
1,2,3886523,3888216,Service,10.764647606290204,21.974647606290205,33.184647606290206,11.21
1,3,3888216,3886779,Service,10.764647606290204,43.94929521258041,55.15929521258041,11.21
1,4,3886779,0,Return to Base,11.174878256380202,,,
2,1,0,3890218,Service,11.174878256380202,0.0,11.21,11.21
2,2,3890218,3887295,Service,10.764647606290204,21.974647606290205,33.184647606290206,11.21
2,3,3887295,3894200,Service,10.764647606290204,43.94929521258041,55.15929521258041,11.21
2,4,3894200,0,Return to Base,11.174878256380202,,,
