Operator_ID,Sequence_Rank,From_Node,To_Node,Activity_Type,Travel_Time,Start_Service,Finish_Service,Processing_Time
1,1,0,3878490,Service,10.759066236901223,0.0,10.573333333333334,10.573333333333334
1,2,3878490,3884482,Service,10.468835028674285,21.087594848396037,31.61759484839604,10.530000000000001
1,3,3884482,3884460,Service,10.446509551118368,42.064104399514406,52.59410439951441,10.530000000000001
1,4,3884460,0,Return to Base,10.770228975679183,,,
2,1,0,3884205,Service,10.770228975679183,0.0,10.53,10.53
2,2,3884205,3878554,Service,10.468835028674285,20.998835028674282,31.572168362007616,10.573333333333334
2,3,3878554,3884413,Service,10.468835028674285,42.0410033906819,52.64433672401523,10.603333333333332
2,4,3884413,0,Return to Base,10.719996651178366,,,
