Operator,Task,Start,Finish,Successor
1,3891054,0.0,11.11,3889781
1,3889781,21.997437732847757,31.997437732847757,3878719
1,3878719,42.8067362942498,53.9967362942498,3880176
1,3880176,64.81998827912429,74.94763576864861,0
