Operator,Task,Start,Finish,Successor
1,3886514,0.0,10.153333333333332,3885550
1,3885550,20.281704829279857,30.43503816261319,3886498
1,3886498,40.56340965855971,50.71674299189304,3886517
1,3886517,60.84511448783957,70.9984478211729,3886492
1,3886492,81.12681931711943,91.28015265045276,0
