Operator_ID,Sequence_Rank,From_Node,To_Node,Activity_Type,Travel_Time,Start_Service,Finish_Service,Processing_Time
1,1,0,3894336,Service,11.409295770717346,0.0,10.656666666666666,10.656666666666666
1,2,3894336,3894343,Service,10.527439407258571,21.18410607392525,31.840772740591916,10.656666666666666
1,3,3894343,3890449,Service,10.53581146134204,42.37658420193396,52.993250868600626,10.616666666666667
1,4,3890449,0,Return to Base,11.375807554383467,,,
2,1,0,3894329,Service,11.409295770717346,0.0,10.656666666666666,10.656666666666666
2,2,3894329,3894318,Service,10.527439407258571,21.184106073925268,31.840772740591934,10.656666666666666
2,3,3894318,3877046,Service,10.54139283073102,42.38216557132295,52.99883223798962,10.616666666666667
2,4,3877046,0,Return to Base,11.373016869688978,,,
