Operator_ID,Sequence_Rank,From_Node,To_Node,Activity_Type,Travel_Time,Start_Service,Finish_Service,Processing_Time
1,1,0,3891494,Service,10.544183515425509,0.0,11.246666666666666,11.246666666666666
1,2,3891494,3888324,Service,11.043716075739182,22.290382742405836,33.67039646925156,11.380013726845721
1,3,3888324,3888291,Service,11.035344021655714,44.705740490907274,56.08908755108633,11.383347060179055
1,4,3888291,3888265,Service,11.040925391044693,67.13001294213103,78.4566796087977,11.326666666666668
1,5,3888265,0,Return to Base,10.53023009195306,,,
