Operator,Task,Start,Finish,Successor
1,3883936,0.0,11.186666666666667,3876698
1,3876698,22.219220003627896,33.475886670294564,3891248
1,3891248,44.460998367449456,55.777665034116126,3876716
1,3876716,66.76277673127102,78.01944339793768,3891259
1,3891259,89.00455509509257,100.32122176175923,0
