Operator,Task,Start,Finish,Successor
1,3883597,0.0,10.183333333333334,3883935
1,3883935,20.33682099153029,30.520154324863622,3883937
1,3883937,40.67364198306058,50.856975316393914,0
2,3883620,0.0,10.183333333333334,3883629
2,3883629,20.336820991530292,30.520154324863626,3883927
2,3883927,40.67364198306058,50.856975316393914,0
