Operator_ID,Sequence_Rank,From_Node,To_Node,Activity_Type,Travel_Time,Start_Service,Finish_Service,Processing_Time
1,1,0,3880192,Service,11.34511002274408,0.0,10.75,10.75
1,2,3880192,3879787,Service,10.742322128734285,21.492322128734287,32.24232212873429,10.75
1,3,3879787,0,Return to Base,11.34511002274408,,,
2,1,0,3879749,Service,11.283714959465305,0.0,10.646666666666667,10.646666666666667
2,2,3879749,3880216,Service,10.513485983786122,21.160152650452794,31.910152650452794,10.75
2,3,3880216,0,Return to Base,11.34511002274408,,,
3,1,0,3880202,Service,11.34511002274408,0.0,10.75,10.75
3,2,3880202,3880231,Service,10.742322128734285,21.492322128734287,32.24232212873429,10.75
3,3,3880231,0,Return to Base,11.34511002274408,,,
