Operator_ID,Sequence_Rank,From_Node,To_Node,Activity_Type,Travel_Time,Start_Service,Finish_Service,Processing_Time
1,1,0,3886558,Service,11.174878256380202,0.0,10.153333333333332,10.153333333333332
1,2,3886558,3883754,Service,10.12837149594653,20.28170482927987,30.435038162613203,10.153333333333332
1,3,3883754,3894185,Service,10.12837149594653,40.56340965855974,50.71674299189307,10.153333333333329
1,4,3894185,3883720,Service,10.12837149594653,60.84511448783961,70.99844782117295,10.153333333333336
1,5,3883720,0,Return to Base,11.174878256380202,,,
2,1,0,3887382,Service,11.174878256380202,0.0,10.153333333333332,10.153333333333332
2,2,3887382,3888126,Service,10.12837149594653,20.28170482927987,30.435038162613203,10.153333333333332
2,3,3888126,3886577,Service,10.12837149594653,40.56340965855974,50.71674299189307,10.153333333333329
2,4,3886577,0,Return to Base,11.174878256380202,,,
