Operator,Task,Start,Finish,Successor
1,3880410,0.0,10.0,3880352
1,3880352,20.38790517253409,30.38790517253409,3880421
1,3880421,40.77581034506818,50.77581034506818,3880215
1,3880215,61.16371551760227,71.16371551760227,3880756
1,3880756,81.55162069013636,91.55162069013636,3880319
1,3880319,101.93952586267045,111.93952586267045,3880358
1,3880358,122.32743103520454,132.32743103520454,0
