Operator_ID,Sequence_Rank,From_Node,To_Node,Activity_Type,Travel_Time,Start_Service,Finish_Service,Processing_Time
1,1,0,3890407,Service,11.199994418630611,0.0,10.18,10.18
1,2,3890407,3890419,Service,10.150696973502448,20.330696973502455,30.510696973502455,10.18
1,3,3890419,3890456,Service,10.150696973502448,40.66139394700491,50.84139394700491,10.18
1,4,3890456,3890462,Service,10.150696973502448,60.99209092050737,71.17209092050737,10.18
1,5,3890462,0,Return to Base,11.199994418630611,,,
2,1,0,3891505,Service,11.199994418630611,0.0,10.18,10.18
2,2,3891505,3890470,Service,10.150696973502448,20.330696973502455,30.510696973502455,10.18
2,3,3890470,3891587,Service,10.150696973502448,40.66139394700491,50.84139394700491,10.18
2,4,3891587,0,Return to Base,11.199994418630611,,,
