Operator,Task,Start,Finish,Successor
1,3879979,0.0,10.493333333333334,3880065
1,3880065,20.875657136478438,31.382323803145106,3880061
1,3880061,41.76464760629021,52.27131427295688,0
2,3880158,0.0,10.506666666666666,3880147
2,3880147,20.888990469811773,31.39565713647844,3880173
2,3880173,41.777980939623546,52.284647606290214,0
