Operator,Task,Start,Finish,Successor
1,3884810,0.0,11.21,3885785
1,3885785,21.974647606290205,33.184647606290206,3887290
1,3887290,43.94929521258041,55.15929521258041,3888411
1,3888411,65.92394281887061,77.13394281887062,0
2,3885813,-1.7763568394002505e-15,11.209999999999999,3887027
2,3887027,21.974647606290205,33.184647606290206,3890337
2,3890337,43.94929521258041,55.15929521258041,0
