Operator,Task,Start,Finish,Successor
1,3881900,0.0,11.15,3885211
1,3885211,22.05697252570919,33.02363919237586,3884696
1,3884696,43.90549555583464,54.87216222250131,0
2,3881915,0.0,11.15,3885229
2,3885229,22.05697252570919,33.02363919237586,3885245
2,3885245,43.90549555583464,54.87216222250131,0
