Operator_ID,Sequence_Rank,From_Node,To_Node,Activity_Type,Travel_Time,Start_Service,Finish_Service,Processing_Time
1,1,0,3894384,Service,11.409295770717346,0.0,10.43,10.43
1,2,3894384,3894410,Service,10.359998325589183,20.78999832558919,31.219998325589188,10.43
1,3,3894410,3894373,Service,10.359998325589183,41.57999665117838,52.009996651178376,10.43
1,4,3894373,3894361,Service,10.359998325589183,62.369994976767565,72.79999497676756,10.43
1,5,3894361,3876913,Service,10.40464928070102,83.20464425746859,93.74797759080192,10.543333333333337
1,6,3876913,0,Return to Base,11.406505086022856,,,
