Operator,Task,Start,Finish,Successor
1,3871663,0.0,11.523333333333333,3878829
1,3878829,22.578212147850472,33.77154548118381,3878830
1,3878830,45.07479523351054,55.07479523351054,3880206
1,3880206,65.99013981330319,76.41841685144671,3894944
1,3894944,86.87887982603752,97.66887982603751,0
