Operator,Task,Start,Finish,Successor
1,3889642,0.0,11.223333333333333,0
2,3889710,0.0,11.223333333333333,3886545
2,3886545,21.999143678401484,33.22247701173482,0
3,3889632,0.0,11.223333333333333,3887791
3,3887791,21.999143678401484,33.22247701173482,0
4,3888729,0.0,11.223333333333333,3889323
4,3889323,21.999143678401484,33.22247701173482,0
