Operator_ID,Sequence_Rank,From_Node,To_Node,Activity_Type,Travel_Time,Start_Service,Finish_Service,Processing_Time
1,1,0,3890093,Service,10.622322686871223,0.0,11.203333333333333,11.203333333333333
1,2,3890093,3885263,Service,10.93487937265408,22.138212705987414,33.314879372654076,11.176666666666662
1,3,3885263,3890104,Service,10.898600471625713,44.21347984427979,54.21347984427979,10.0
1,4,3890104,3890101,Service,10.80650787670755,65.01998772098734,76.19332105432068,11.173333333333332
1,5,3890101,3891064,Service,10.842786777735917,87.03610783205659,98.24277449872325,11.206666666666663
1,6,3891064,0,Return to Base,10.622322686871223,,,
