Operator,Task,Start,Finish,Successor
1,3884430,0.0,10.21,0
2,3888688,0.0,10.21,3884458
2,3884458,20.385813135752862,30.595813135752863,0
3,3882342,0.0,10.21,3888691
3,3888691,20.385813135752862,30.595813135752863,0
4,3888636,0.0,10.21,3882349
4,3882349,20.385813135752862,30.595813135752863,0
5,3882080,0.0,10.21,3880901
5,3880901,20.385813135752862,30.595813135752863,0
