Operator,Task,Start,Finish,Successor
1,3884743,0.0,10.246666666666666,3883861
1,3883861,20.40852637894707,30.655193045613736,3888227
1,3888227,40.7779831721713,51.02890276170521,3873714
1,3873714,61.15448357295725,71.42781690629059,3873723
1,3873723,81.56735114101508,91.84068447434842,3881660
1,3881660,101.99417213254537,112.35842505541262,0
