Operator_ID,Sequence_Rank,From_Node,To_Node,Activity_Type,Travel_Time,Start_Service,Finish_Service,Processing_Time
1,1,0,3886426,Service,10.946042111432039,0.0,10.323333333333295,10.323333333333295
1,2,3886426,3881096,Service,10.443718866423877,20.767052199757174,31.267052199757174,10.5
1,3,3881096,3881161,Service,10.443718866423877,41.71077106618105,52.21077106618105,10.5
1,4,3881161,3881153,Service,10.443718866423877,62.65448993260493,73.15448993260493,10.5
1,5,3881153,0,Return to Base,10.884647048153264,,,
