Operator,Task,Start,Finish,Successor
1,3879796,0.0,10.616666666666667,3879871
1,3879871,21.124571281063822,31.74123794773049,3879889
1,3879889,42.249142562127645,52.86580922879431,3879065
1,3879065,63.38208589727492,74.03875256394159,3879834
1,3879834,84.5494478630332,95.1594478630332,3879931
1,3879931,105.67014316212482,116.32680982879148,3879806
1,3879806,126.83750512788309,137.4475051278831,3879953
1,3879953,147.9582004269747,158.61486709364138,3879847
1,3879847,169.125562392733,179.735562392733,0
