Operator,Task,Start,Finish,Successor
1,3886896,0.0,11.223333333333333,0
2,3888389,0.0,11.223333333333333,3884684
2,3884684,21.999143678401484,33.22247701173482,0
3,3886890,0.0,11.223333333333333,3884900
3,3884900,21.999143678401484,33.22247701173482,0
4,3886632,0.0,11.223333333333333,3886798
4,3886798,21.999143678401484,33.22247701173482,0
