Operator,Task,Start,Finish,Successor
1,3877031,0.0,10.1,3888217
1,3888217,20.214418072474082,30.36441807247408,3888341
1,3888341,40.470464090864695,50.6004640908647,3888208
1,3888208,60.70651010925531,70.86984344258865,0
