Operator,Task,Start,Finish,Successor
1,3881107,0.0,10.163333333333334,3878206
1,3878206,20.300076883363324,30.473410216696657,3887528
1,3887528,40.61015376672665,50.77348710005998,3885253
1,3885253,60.91023065008997,71.0835639834233,3887405
1,3887405,81.2203075334533,91.38364086678664,3881175
1,3881175,101.52038441681663,111.68371775014995,3877750
1,3877750,121.82046130017994,131.98379463351327,0
