Operator_ID,Sequence_Rank,From_Node,To_Node,Activity_Type,Travel_Time,Start_Service,Finish_Service,Processing_Time
1,1,0,3875023,Service,10.0,0.0,10.623333333333333,10.623333333333333
1,2,3875023,3884158,Service,10.580462416453877,21.242633011009254,31.93263301100925,10.689999999999998
1,3,3884158,0,Return to Base,10.0,,,
2,1,0,3877174,Service,10.0,0.0,10.623333333333333,10.623333333333333
2,2,3877174,3883107,Service,10.569299677675918,21.19263301100925,31.93263301100925,10.740000000000002
2,3,3883107,0,Return to Base,10.0,,,
3,1,0,3877136,Service,10.0,0.0,10.68,10.68
3,2,3877136,0,Return to Base,10.0,,,
