Operator,Task,Start,Finish,Successor
1,3877584,0.0,11.520996955762516,0
2,3879068,0.0,11.41,3891401
2,3891401,22.548599355351833,34.00859935535183,0
3,3873608,1.7763568394002505e-15,11.398806376651759,3891066
3,3891066,22.562521894253997,34.022521894254,0
