Operator,Task,Start,Finish,Successor
1,3880139,1.7763568394002505e-15,10.073333333333336,3883473
1,3883473,20.137519081306596,30.21085241463993,3889760
1,3889760,40.275038162613185,50.34837149594652,0
2,3889778,0.0,10.073333333333334,3889743
2,3889743,20.137519081306593,30.210852414639927,3890042
2,3890042,40.275038162613185,50.34837149594652,0
3,3883224,1.7763568394002505e-15,10.073333333333336,3886914
3,3886914,20.137519081306596,30.21085241463993,3880488
3,3880488,40.275038162613185,50.34837149594652,0
