Operator_ID,Sequence_Rank,From_Node,To_Node,Activity_Type,Travel_Time,Start_Service,Finish_Service,Processing_Time
1,1,0,3891408,Service,11.487434942163059,0.0,10.321016565942578,10.321016565942578
1,2,3891408,3886454,Service,10.167441081669388,20.48845764761196,30.611790980945294,10.123333333333335
1,3,3886454,3871731,Service,10.097673964307143,40.70946494525244,50.82279827858578,10.113333333333337
1,4,3871731,3871684,Service,10.050232324500817,60.87303060308659,70.91969726975326,10.046666666666667
1,5,3871684,0,Return to Base,11.462318779912652,,,
