Operator,Task,Start,Finish,Successor
1,3874808,0.0,11.21,3878929
1,3878929,21.974647606290198,33.1846476062902,0
2,3874922,0.0,11.21,3874919
2,3874919,21.974647606290198,33.1846476062902,0
3,3881124,0.0,11.21,3874811
3,3874811,21.974647606290198,33.1846476062902,0
4,3881071,0.0,11.21,3884088
4,3884088,21.974647606290198,33.1846476062902,0
