Operator,Task,Start,Finish,Successor
1,3884561,0.0,10.176666666666666,3880617
1,3880617,20.32457295547464,30.501239622141306,3885103
1,3885103,40.64914591094928,50.82581257761595,3880607
1,3880607,60.97371886642392,71.15038553309058,3880665
1,3880665,81.29829182189856,91.47495848856522,3880652
1,3880652,101.6228647773732,111.79953144403986,3881562
1,3881562,121.94743773284783,132.1241043995145,3884819
1,3884819,142.27201068832247,152.44867735498914,0
