Operator,Task,Start,Finish,Successor
1,3884805,0.0,11.446666666666667,3885295
1,3885295,22.48759205771136,33.86621385258316,3883840
1,3883840,44.901557874238875,56.136846335777335,3882110
1,3882110,67.14149282579366,78.354826159127,3873664
1,3873664,89.35389127975435,100.73251307462614,0
