Operator,Task,Start,Finish,Successor
1,3883533,0.0,10.08,3876849
1,3876849,20.14860437858428,30.22860437858428,0
2,3884627,20.135271045250946,30.22860437858428,0
3,3883558,0.0,10.08,3876814
3,3876814,20.14139506327878,30.221395063278777,0
4,3877162,0.0,10.093333333333334,3880695
4,3880695,20.15193771191761,30.22860437858428,0
5,3884290,1.7763568394002505e-15,10.080000000000002,3883756
5,3883756,20.14139506327878,30.22139506327878,0
