Operator_ID,Sequence_Rank,From_Node,To_Node,Activity_Type,Travel_Time,Start_Service,Finish_Service,Processing_Time
1,1,0,3889616,Service,11.462318779912652,0.0,11.620000000000001,11.620000000000001
1,2,3889616,3881899,Service,11.266970851298366,22.88697085129837,34.50697085129837,11.620000000000001
1,3,3881899,0,Return to Base,11.462318779912652,,,
2,1,0,3888537,Service,11.462318779912652,0.0,11.742863247863248,11.742863247863248
2,2,3888537,3889531,Service,11.266970851298366,23.009834099161615,34.62983409916161,11.619999999999997
2,3,3889531,0,Return to Base,11.462318779912652,,,
