Operator_ID,Sequence_Rank,From_Node,To_Node,Activity_Type,Travel_Time,Start_Service,Finish_Service,Processing_Time
1,1,0,3878604,Service,10.636276110343672,3.019806626980426e-14,11.392126461433653,11.392126461433623
1,2,3878604,3891375,Service,10.982321012460407,22.374447473894065,33.554447473894065,11.18
1,3,3891375,3888198,Service,11.004646490016325,44.55909396391037,55.93455375867733,11.375459794766961
1,4,3888198,0,Return to Base,10.636276110343672,,,
2,1,0,3888185,Service,10.636276110343672,0.0,11.342126461433624,11.342126461433624
2,2,3888185,3890094,Service,11.015809228794284,22.357935690227922,33.651269023561255,11.293333333333333
2,3,3890094,3888223,Service,11.040925391044693,44.692194414605936,56.050987542706224,11.358793128100288
2,4,3888223,0,Return to Base,10.613950632787754,,,
