Operator,Task,Start,Finish,Successor
1,3891436,0.0,11.463333333333333,3888332
1,3888332,22.567353432703175,33.82068676603651,0
2,3878735,0.0,11.356666666666667,3885258
2,3885258,22.43945232812869,33.78983694351331,0
3,3887263,0.0,11.343717948717948,3891055
3,3891055,22.4237129254855,33.83743087420345,0
