Operator,Task,Start,Finish,Successor
1,3884915,0.0,11.223333333333333,3881791
1,3881791,21.999143678401484,33.22247701173482,3881496
1,3881496,43.99828735680297,55.221620690136305,3884456
1,3884456,65.99743103520446,77.22076436853779,3883467
1,3883467,87.99657471360594,99.21990804693927,3881078
1,3881078,109.99571839200742,121.21905172534075,3889896
1,3889896,131.99486207040889,143.21819540374221,0
