Operator,Task,Start,Finish,Successor
1,3888145,0.0,10.293333333333333,3882118
1,3882118,20.474727838475175,30.708061171808506,3884219
1,3884219,41.001083064729926,51.364416398063256,0
2,3882115,0.0,10.3,3884242
2,3884242,20.551161622504065,30.851161622504065,3882111
2,3882111,41.10232324500814,51.41565657834147,0
