Operator_ID,Sequence_Rank,From_Node,To_Node,Activity_Type,Travel_Time,Start_Service,Finish_Service,Processing_Time
1,1,0,3878939,Service,11.174878256380202,0.0,11.21,11.21
1,2,3878939,3886690,Service,10.764647606290204,21.974647606290205,33.184647606290206,11.21
1,3,3886690,3878990,Service,10.764647606290204,43.94929521258041,55.15929521258041,11.21
1,4,3878990,0,Return to Base,11.174878256380202,,,
2,1,0,3887970,Service,11.174878256380202,0.0,11.21,11.21
2,2,3887970,3884391,Service,10.764647606290204,21.974647606290205,33.184647606290206,11.21
2,3,3884391,3888399,Service,10.764647606290204,43.94929521258041,55.15929521258041,11.21
2,4,3888399,0,Return to Base,11.174878256380202,,,
