Operator,Task,Start,Finish,Successor
1,3889725,0.0,11.223333333333333,3894428
1,3894428,21.9991436784015,33.22247701173483,0
2,3894680,0.0,11.223333333333333,0
3,3889874,0.0,11.223333333333333,3888027
3,3888027,21.9991436784015,33.22247701173483,0
