Operator,Task,Start,Finish,Successor
1,3881647,0.0,10.166666666666666,3883598
1,3883598,20.283875423835234,30.413875423835236,0
2,3873677,0.0,10.24235474499829,3878150
2,3878150,20.314912547055023,30.404912547055023,0
3,3886488,0.0,10.159953400555475,0
