Operator_ID,Sequence_Rank,From_Node,To_Node,Activity_Type,Travel_Time,Start_Service,Finish_Service,Processing_Time
1,1,0,3874607,Service,11.174878256380202,0.0,11.21,11.21
1,2,3874607,3884263,Service,10.764647606290204,21.974647606290198,33.1846476062902,11.21
1,3,3884263,0,Return to Base,11.174878256380202,,,
2,1,0,3887351,Service,11.174878256380202,0.0,11.21,11.21
2,2,3887351,3886481,Service,10.764647606290204,21.974647606290198,33.1846476062902,11.21
2,3,3886481,0,Return to Base,11.174878256380202,,,
3,1,0,3884918,Service,11.174878256380202,0.0,11.21,11.21
3,2,3884918,3883406,Service,10.764647606290204,21.974647606290198,33.1846476062902,11.21
3,3,3883406,0,Return to Base,11.174878256380202,,,
