Operator_ID,Sequence_Rank,From_Node,To_Node,Activity_Type,Travel_Time,Start_Service,Finish_Service,Processing_Time
1,1,0,3888202,Service,10.505113929702652,0.0,11.336666666666666,11.336666666666666
1,2,3888202,3890819,Service,11.186040995158162,22.522707661824832,33.826040995158166,11.303333333333335
1,3,3890819,3891058,Service,11.09673908493449,44.92278008009265,56.186113413425986,11.263333333333335
1,4,3891058,3891068,Service,11.085576346156529,67.27168975958251,78.87603965885843,11.604349899275917
1,5,3891068,0,Return to Base,10.488369821535713,,,
