Operator_ID,Sequence_Rank,From_Node,To_Node,Activity_Type,Travel_Time,Start_Service,Finish_Service,Processing_Time
1,1,0,3877001,Service,10.859530885902856,0.0,10.526666666666667,10.526666666666667
1,2,3877001,3877036,Service,10.440928181729387,20.96759484839606,31.49426151506273,10.526666666666667
1,3,3877036,3876946,Service,10.440928181729387,41.93518969679212,52.46185636345879,10.52666666666667
1,4,3876946,3876964,Service,10.440928181729387,62.90278454518818,73.42945121185485,10.52666666666667
1,5,3876964,0,Return to Base,10.859530885902856,,,
2,1,0,3884587,Service,11.004646490016325,0.0,10.586666666666666,10.586666666666666
2,2,3884587,3884567,Service,10.429765442951428,21.01643210961811,31.603098776284774,10.586666666666666
2,3,3884567,3877049,Service,10.552555569508979,42.15565434579375,52.68232101246041,10.526666666666664
2,4,3877049,0,Return to Base,10.859530885902856,,,
