Operator_ID,Sequence_Rank,From_Node,To_Node,Activity_Type,Travel_Time,Start_Service,Finish_Service,Processing_Time
1,1,0,3877584,Service,10.527439407258571,0.0,11.520996955762516,11.520996955762516
1,2,3877584,0,Return to Base,10.527439407258571,,,
2,1,0,3879068,Service,10.566508992981428,0.0,11.41,11.41
2,2,3879068,3891401,Service,11.138599355351836,22.548599355351833,34.00859935535183,11.46
2,3,3891401,0,Return to Base,10.527439407258571,,,
3,1,0,3873608,Service,10.54139283073102,1.7763568394002505e-15,11.398806376651759,11.398806376651757
3,2,3873608,3891066,Service,11.163715517602244,22.562521894253997,34.022521894254,11.46
3,3,3891066,0,Return to Base,10.527439407258571,,,
