Operator_ID,Sequence_Rank,From_Node,To_Node,Activity_Type,Travel_Time,Start_Service,Finish_Service,Processing_Time
1,1,0,3884535,Service,10.937670057348571,0.0,10.673333333333176,10.673333333333176
1,2,3884535,3884503,Service,10.544183515425509,21.21751684875869,31.890850182092024,10.673333333333332
1,3,3884503,3878144,Service,10.426974758256938,42.317824940348956,52.897824940348954,10.579999999999998
1,4,3878144,3884634,Service,10.426974758256938,63.32479969860589,73.99813303193922,10.673333333333332
1,5,3884634,3878128,Service,10.426974758256938,84.42510779019615,95.00510779019615,10.579999999999998
1,6,3878128,3884554,Service,10.426974758256938,105.43208254845308,116.10541588178641,10.673333333333332
1,7,3884554,3884607,Service,10.544183515425509,126.64959939721193,137.32293273054526,10.673333333333332
1,8,3884607,3884585,Service,10.544183515425509,147.86711624597078,158.54044957930412,10.673333333333346
1,9,3884585,0,Return to Base,10.937670057348571,,,
