Operator,Task,Start,Finish,Successor
1,3890234,0.0,10.126666666666667,3890339
1,3890339,20.232712685057265,30.35937935172393,3883708
1,3883708,40.46542537011453,50.588758703447866,3877325
1,3877325,60.69201403714399,70.81534737047733,3883655
1,3883655,80.91860270417345,91.04193603750679,3877343
1,3877343,101.14519137120291,111.26852470453625,3890739
1,3890739,121.37457072292685,131.5012373895935,0
