Operator,Task,Start,Finish,Successor
1,3890589,0.0,10.373333333333333,3888123
1,3888123,20.73333165892251,31.106664992255844,3890534
1,3890534,41.46666331784502,51.83999665117835,0
2,3890614,0.0,10.37,3890563
2,3890563,20.72999832558918,31.099998325589176,3890556
2,3890556,41.45999665117836,51.829996651178355,3887401
2,3887401,62.189994976767544,72.55666164343421,0
