Operator_ID,Sequence_Rank,From_Node,To_Node,Activity_Type,Travel_Time,Start_Service,Finish_Service,Processing_Time
1,1,0,3880753,Service,10.717205966483878,0.0,10.406666666666666,10.406666666666666
1,2,3880753,3890019,Service,10.301393947004897,20.708060613671563,31.101393947004894,10.39333333333333
1,3,3890019,3883427,Service,10.290231208226938,41.391625155231836,51.78495848856517,10.39333333333333
1,4,3883427,3883450,Service,10.301393947004897,62.08635243557006,72.49301910223673,10.406666666666666
1,5,3883450,0,Return to Base,10.717205966483878,,,
2,1,0,3883435,Service,10.717205966483878,0.0,10.406666666666666,10.406666666666666
2,2,3883435,3883464,Service,10.312556685782857,20.719223352449518,31.14255668578285,10.423333333333332
2,3,3883464,3880754,Service,10.326510109255306,41.46906679503816,51.89240012837149,10.423333333333332
2,4,3880754,0,Return to Base,10.703252543011427,,,
