Operator,Task,Start,Finish,Successor
1,3886882,1.7763568394002505e-15,10.443333333333335,3890112
1,3890112,20.716820433393348,31.103487100060015,3886982
1,3886982,41.37697420012002,51.82030753345335,3879855
1,3879855,62.12449216515275,72.56782549848609,0
2,3872839,0.0,10.443333333333333,3883140
2,3883140,20.716820433393348,31.103487100060015,3873337
2,3873337,41.37697420012002,51.82030753345335,3886800
2,3886800,62.12449216515275,72.56782549848609,0
