Operator_ID,Sequence_Rank,From_Node,To_Node,Activity_Type,Travel_Time,Start_Service,Finish_Service,Processing_Time
1,1,0,3889418,Service,11.068832237989591,0.0,10.616666666666667,10.616666666666667
1,2,3889418,3889435,Service,10.53023009195306,21.146896758619725,31.763563425286392,10.616666666666667
1,3,3889435,3884828,Service,10.697671173622448,42.461234598908845,53.15123459890884,10.689999999999998
1,4,3884828,0,Return to Base,10.94883279612653,,,
2,1,0,3884615,Service,10.94883279612653,0.0,10.69,10.69
2,2,3884615,3883134,Service,10.778601029762653,42.34720373393612,53.12053706726945,10.773333333333333
2,3,3883134,0,Return to Base,10.979530327765918,,,
