Operator_ID,Sequence_Rank,From_Node,To_Node,Activity_Type,Travel_Time,Start_Service,Finish_Service,Processing_Time
1,1,0,3886594,Service,11.199994418630611,0.0,11.223333333333315,11.223333333333315
1,2,3886594,3885880,Service,10.775810345068162,21.99914367840148,33.22247701173481,11.22333333333333
1,3,3885880,3889666,Service,10.775810345068162,43.998287356802976,55.221620690136305,11.22333333333333
1,4,3889666,0,Return to Base,11.199994418630611,,,
2,1,0,3884930,Service,11.199994418630611,0.0,11.223333333333333,11.223333333333333
2,2,3884930,3885882,Service,10.775810345068162,21.9991436784015,33.22247701173483,11.223333333333333
2,3,3885882,0,Return to Base,11.199994418630611,,,
