Operator,Task,Start,Finish,Successor
1,3894529,0.0,10.763333333333334,3894501
1,3894501,21.349377119176197,32.11271045250953,3894520
1,3894520,42.68759149957444,53.5342581662411,3894526
1,3894526,64.10913921330601,74.95580587997267,3894518
1,3894518,85.53068692703758,96.29402026037091,3894538
1,3894538,106.88006404621377,117.64339737954711,0
