Operator,Task,Start,Finish,Successor
1,3888328,1.7763568394002505e-15,11.253333333333336,3885278
1,3885278,22.299840093766996,33.52355804248494,3881639
1,3881639,44.55332069475167,55.79037197680295,3877521
1,3877521,66.81455325968071,77.96788659301404,0
2,3888181,0.0,11.29371794871795,3891442
2,3891442,22.309527177512244,33.46619384417891,3884777
2,3884777,44.48758444236218,55.64758444236218,3878725
2,3878725,66.66060298646197,77.97098760184659,0
