Operator,Task,Start,Finish,Successor
1,3883673,0.0,10.52,3878121
1,3878121,21.295810345068162,31.942477011734827,0
2,3889351,0.0,10.533333333333333,3883621
2,3883621,20.533333333333328,31.03666666666666,3881369
2,3881369,41.477594848396045,52.077594848396046,0
