Operator_ID,Sequence_Rank,From_Node,To_Node,Activity_Type,Travel_Time,Start_Service,Finish_Service,Processing_Time
1,1,0,3890343,Service,11.462318779912652,0.0,10.14,10.14
1,2,3890343,3881661,Service,10.11441807247408,20.25441807247408,30.394418072474082,10.14
1,3,3881661,3884798,Service,10.103255333696122,40.49767340617021,50.71462575245869,10.21695234628848
1,4,3884798,3879737,Service,10.103255333696122,60.81788108615481,70.9948334324433,10.176952346288488
1,5,3879737,3881666,Service,10.092092594918164,81.08692602736147,91.2002593606948,10.11333333333333
1,6,3881666,0,Return to Base,11.462318779912652,,,
