Operator,Task,Start,Finish,Successor
1,3877988,0.0,11.209999999999866,3874662
1,3874662,21.974647606290063,33.18464760629006,3880615
1,3880615,43.94929521258026,55.15929521258026,3877481
1,3877481,65.92394281887046,77.13394281887045,3874685
1,3874685,87.89859042516065,99.10859042516066,3884549
1,3884549,109.87323803145085,121.08323803145086,3878275
1,3878275,131.84788563774106,143.05788563774107,3883167
1,3883167,153.82253324403126,165.03253324403127,0
