Operator,Task,Start,Finish,Successor
1,3879991,-1.7763568394002505e-15,9.999999999999998,3880748
1,3880748,20.373951749061398,30.373951749061398,3880029
1,3880029,40.74790349812303,50.74790349812303,3880804
1,3880804,61.12185524718467,71.12185524718467,3880798
1,3880798,81.48464425746835,91.48464425746835,3885226
1,3885226,101.853014637141,111.853014637141,3881158
1,3881158,122.22138501681364,132.8580516834803,0
