Operator_ID,Sequence_Rank,From_Node,To_Node,Activity_Type,Travel_Time,Start_Service,Finish_Service,Processing_Time
1,1,0,3879856,Service,10.650229533816121,0.0,10.86,10.86
1,2,3879856,3879894,Service,10.658601587899591,21.518601587899596,32.378601587899595,10.86
1,3,3879894,3879750,Service,10.658601587899591,43.03720317579919,53.89720317579919,10.86
1,4,3879750,3879811,Service,10.658601587899591,64.55580476369879,75.41580476369879,10.86
1,5,3879811,3879711,Service,10.658601587899591,86.07440635159838,96.93440635159838,10.86
1,6,3879711,0,Return to Base,10.650229533816121,,,
