Operator_ID,Sequence_Rank,From_Node,To_Node,Activity_Type,Travel_Time,Start_Service,Finish_Service,Processing_Time
1,1,0,3881382,Service,12.41952363012265,0.0,10.76,10.76
1,2,3881382,3883011,Service,10.373951749061632,21.13395174906163,32.01728508239496,10.883333333333333
1,3,3883011,3881874,Service,10.340463532727755,42.35774861512273,53.024415281789395,10.666666666666664
1,4,3881874,3879791,Service,10.452090920507347,63.47650620229674,74.24317286896341,10.766666666666673
1,5,3879791,3878422,Service,10.457672289896326,84.70084515885974,95.47084515885973,10.769999999999996
1,6,3878422,3881414,Service,10.463253659285305,105.93409881814503,116.69409881814504,10.760000000000005
1,7,3881414,3881405,Service,10.463253659285305,127.15735247743034,137.91735247743034,10.760000000000005
1,8,3881405,0,Return to Base,12.41952363012265,,,
