Operator,Task,Start,Finish,Successor
1,3891408,0.0,10.321016565942578,3886454
1,3886454,20.48845764761196,30.611790980945294,3871731
1,3871731,40.70946494525244,50.82279827858578,3871684
1,3871684,60.87303060308659,70.91969726975326,0
