Operator,Task,Start,Finish,Successor
1,3871946,0.0,11.21,3885780
1,3885780,21.974647606290205,33.184647606290206,3885327
1,3885327,43.94929521258041,55.15929521258041,3885147
1,3885147,65.92394281887061,77.13394281887062,3884817
1,3884817,87.89859042516082,99.10859042516083,0
2,3884677,-2.6645352591003757e-14,11.209999999999974,3885220
2,3885220,21.974647606290176,33.18464760629018,3885866
2,3885866,43.94929521258038,55.15929521258038,3885139
2,3885139,65.92394281887059,77.1339428188706,0
