Operator,Task,Start,Finish,Successor
1,3880674,0.0,11.223333333333333,3881054
1,3881054,21.9991436784015,33.22247701173483,0
2,3881287,0.0,11.223333333333333,0
3,3880739,0.0,11.223333333333333,3880422
3,3880422,21.9991436784015,33.22247701173483,0
