Operator_ID,Sequence_Rank,From_Node,To_Node,Activity_Type,Travel_Time,Start_Service,Finish_Service,Processing_Time
1,1,0,3871552,Service,10.862321570597345,0.0,10.962126461433623,10.962126461433623
1,2,3871552,3872775,Service,10.639066795038163,21.601193256471785,32.38665305123874,10.785459794766954
1,3,3872775,3872789,Service,10.446509551118368,42.833162602357106,53.55982926902377,10.726666666666667
1,4,3872789,0,Return to Base,10.789763768540611,,,
