Operator_ID,Sequence_Rank,From_Node,To_Node,Activity_Type,Travel_Time,Start_Service,Finish_Service,Processing_Time
1,1,0,3880975,Service,12.30231487295408,0.0,10.02,10.02
1,2,3880975,3878896,Service,10.00837205408347,20.028372054083484,30.211705387416817,10.183333333333334
1,3,3878896,3883325,Service,10.011162738777958,40.22286812619477,50.24953479286144,10.02666666666667
1,4,3883325,3879149,Service,10.027906846944898,60.27744163980633,70.464108306473,10.186666666666667
1,5,3879149,0,Return to Base,12.254873233147752,,,
2,1,0,3884390,Service,12.232547755591835,-1.7763568394002505e-15,10.169999999999998,10.17
2,2,3884390,3886526,Service,10.13395286533551,20.30395286533551,30.477286198668846,10.173333333333336
2,3,3886526,3879706,Service,10.14511560411347,40.62240180278232,50.80573513611566,10.183333333333337
2,4,3879706,0,Return to Base,12.29394281887061,,,
