Operator,Task,Start,Finish,Successor
1,3890343,0.0,10.14,3881661
1,3881661,20.25441807247408,30.394418072474082,3884798
1,3884798,40.49767340617021,50.71462575245869,3879737
1,3879737,60.81788108615481,70.9948334324433,3881666
1,3881666,81.08692602736147,91.2002593606948,0
