Operator_ID,Sequence_Rank,From_Node,To_Node,Activity_Type,Travel_Time,Start_Service,Finish_Service,Processing_Time
1,1,0,3881664,Service,10.54976488481449,0.0,11.47729497234305,11.47729497234305
1,2,3881664,3888296,Service,11.110692508406938,22.587987480749987,33.83798748074999,11.25
1,3,3888296,0,Return to Base,10.54976488481449,,,
2,1,0,3884954,Service,10.555346254203469,0.0,11.293333333333333,11.293333333333333
2,2,3884954,3888201,Service,11.07441360737857,22.36774694071191,33.69441360737858,11.326666666666668
2,3,3888201,0,Return to Base,10.527439407258571,,,
3,1,0,3890086,Service,10.552555569508979,0.0,11.47729497234305,11.47729497234305
3,2,3890086,0,Return to Base,10.552555569508979,,,
