Operator,Task,Start,Finish,Successor
1,3890604,0.0,10.636666666666667,3873518
1,3873518,21.323175101511165,32.02984176817783,3887836
1,3887836,42.69402472546639,53.30069139213306,3874422
1,3874422,63.96487434942165,74.67154101608831,3874456
1,3874456,85.34409602746035,96.05076269412702,3872836
1,3872836,106.72331770549903,117.3299843721657,3889464
1,3889464,128.0025393835377,138.7092060502044,3881317
1,3881317,149.3817610615764,160.22842772824308,0
