Operator_ID,Sequence_Rank,From_Node,To_Node,Activity_Type,Travel_Time,Start_Service,Finish_Service,Processing_Time
1,1,0,3882183,Service,10.887437732847754,0.0,10.436666666666667,10.436666666666667
1,2,3882183,3876879,Service,10.337672848033264,20.77433951469993,31.201006181366594,10.426666666666666
1,3,3876879,3884757,Service,10.348835586811225,41.54984176817782,51.966508434844485,10.416666666666664
1,4,3884757,3884789,Service,10.379533118450611,62.346041553295095,72.83270821996176,10.486666666666665
1,5,3884789,3885198,Service,10.387905172534081,83.22061339249585,93.64728005916251,10.426666666666662
1,6,3885198,3889013,Service,10.40743996539551,104.05472002455801,114.55805335789134,10.50333333333333
1,7,3889013,0,Return to Base,10.873484309375305,,,
