Operator_ID,Sequence_Rank,From_Node,To_Node,Activity_Type,Travel_Time,Start_Service,Finish_Service,Processing_Time
1,1,0,3884453,Service,11.409295770717346,0.0,10.896666666666667,10.896666666666667
1,2,3884453,3883610,Service,10.488369821535713,21.38503648820238,31.97503648820238,10.59
1,3,3883610,3884989,Service,10.488369821535713,42.46340630973809,53.164325899272,10.70091958953391
1,4,3884989,0,Return to Base,11.127436616573876,,,
