Operator,Task,Start,Finish,Successor
1,3886372,0.0,10.773333333333333,3891388
1,3891388,21.25612178548007,31.25612178548007,3884724
1,3884724,41.78635187743313,52.53635187743313,0
