Operator,Task,Start,Finish,Successor
1,3883896,0.0,10.826666666666666,3877115
1,3877115,21.53270989437259,32.43604322770592,0
2,3884645,0.0,10.773333333333333,3883043
2,3883043,21.39007465081558,32.30007465081558,0
3,3871611,0.0,10.896666666666667,0
