Operator,Task,Start,Finish,Successor
1,3877631,0.0,10.923333333333334,3884754
1,3884754,21.70751573248497,32.57418239915164,3877635
1,3877635,43.347202059525316,54.203868726191985,0
2,3884752,0.0,10.866666666666667,3891060
2,3891060,21.61736084948443,32.590694182817764,3877632
2,3877632,43.33301631155205,54.19301631155205,0
