Operator_ID,Sequence_Rank,From_Node,To_Node,Activity_Type,Travel_Time,Start_Service,Finish_Service,Processing_Time
1,1,0,3882868,Service,10.703252543011427,0.0,10.54,10.54
1,2,3882868,3882853,Service,10.440928181729387,20.98092818172939,31.52092818172939,10.54
1,3,3882853,3882848,Service,10.440928181729387,41.96185636345878,52.50185636345878,10.54
1,4,3882848,3882863,Service,10.440928181729387,62.94278454518817,73.48278454518817,10.54
1,5,3882863,3882856,Service,10.440928181729387,83.92371272691756,94.46371272691755,10.539999999999992
1,6,3882856,3882847,Service,10.440928181729387,104.90464090864694,115.44464090864693,10.539999999999992
1,7,3882847,3882882,Service,10.440928181729387,125.88556909037632,136.4255690903763,10.539999999999992
1,8,3882882,0,Return to Base,10.703252543011427,,,
