Operator_ID,Sequence_Rank,From_Node,To_Node,Activity_Type,Travel_Time,Start_Service,Finish_Service,Processing_Time
1,1,0,3879076,Service,10.636276110343672,0.0,10.96,10.96
1,2,3879076,3877633,Service,10.862321570597345,21.822321570597346,32.78232157059735,10.96
1,3,3877633,0,Return to Base,10.636276110343672,,,
2,1,0,3877634,Service,10.622322686871223,0.0,10.98,10.98
2,2,3877634,3891059,Service,10.80371719201306,21.783717192013068,32.773717192013066,10.989999999999998
2,3,3891059,0,Return to Base,10.636276110343672,,,
