Operator,Task,Start,Finish,Successor
1,3891419,0.0,11.365606944112331,3891491
1,3891491,22.453973974963347,33.79397397496335,3891485
1,3891485,44.87117826703641,56.187844933703076,3885293
1,3885293,67.24272374822021,78.60459272959099,3885325
1,3885325,89.65947154410813,100.90280487744147,0
