Operator,Task,Start,Finish,Successor
1,3886813,0.0,10.153333333333332,3886597
1,3886597,20.3096116762246,30.466278342891265,3891063
1,3891063,40.5918591541433,50.74852582080997,3886827
1,3886827,60.874106632061995,71.03077329872866,3889748
1,3889748,81.16193547936966,91.32860214603633,3882104
1,3882104,101.47929911953878,111.62929911953879,3883202
1,3883202,121.77441472365226,131.93108139031892,3882256
1,3882256,142.05666220157096,152.21332886823762,3883426
1,3883426,162.3556537876566,172.49232045432325,0
