Operator,Task,Start,Finish,Successor
1,3871552,0.0,10.962126461433623,3872775
1,3872775,21.601193256471785,32.38665305123874,3872789
1,3872789,42.833162602357106,53.55982926902377,0
