Operator,Task,Start,Finish,Successor
1,3879797,0.0,10.536666666666667,3891346
1,3891346,21.08085018209219,31.697516848758855,3883510
1,3883510,42.238909679489865,52.8322430128232,3883587
1,3883587,63.37921721294319,73.97255054627652,0
2,3896084,0.0,10.616666666666667,3896064
2,3896064,21.28084962395525,31.897516290621915,3880307
2,3880307,41.897516290621915,52.91418295728858,3896033
2,3896033,62.91418295728858,73.53084962395525,0
