Operator,Task,Start,Finish,Successor
1,3883509,0.0,11.18,3883526
1,3883526,22.06464704815326,33.24464704815326,3883485
1,3883485,44.12929409630652,55.30929409630652,0
2,3883490,0.0,11.18,3883507
2,3883507,22.06464704815326,33.24464704815326,3884682
2,3884682,44.006503969748984,55.05317063641565,0
