Operator_ID,Sequence_Rank,From_Node,To_Node,Activity_Type,Travel_Time,Start_Service,Finish_Service,Processing_Time
1,1,0,3881876,Service,11.174878256380202,0.0,10.153333333333332,10.153333333333332
1,2,3881876,3883958,Service,10.12279012655755,20.276123459890893,30.422790126557558,10.146666666666665
1,3,3883958,3872295,Service,10.12279012655755,40.54558025311512,50.668913586448454,10.123333333333335
1,4,3872295,3883659,Service,10.12279012655755,60.791703713006015,70.93837037967268,10.146666666666661
1,5,3883659,3873201,Service,10.12279012655755,81.06116050623024,91.21116050623024,10.150000000000006
1,6,3873201,3884683,Service,10.12279012655755,101.3339506327878,111.48061729945447,10.146666666666661
1,7,3884683,0,Return to Base,11.174878256380202,,,
