Operator,Task,Start,Finish,Successor
1,3895219,-1.7763568394002505e-15,10.199999999999998,3883504
1,3883504,20.31720875716858,30.49720875716858,3894961
1,3894961,40.61441751433716,50.814417514337165,3894718
1,3894718,60.93162627150575,71.13162627150575,0
2,3881776,0.0,10.23,3883219
2,3883219,20.330464649001648,30.510464649001648,3881865
2,3881865,40.61092929800327,50.840929298003275,3883244
2,3883244,60.941393947004904,71.1213939470049,0
