Operator_ID,Sequence_Rank,From_Node,To_Node,Activity_Type,Travel_Time,Start_Service,Finish_Service,Processing_Time
1,1,0,3881647,Service,11.487434942163059,0.0,10.166666666666666,10.166666666666666
1,2,3881647,3883598,Service,10.117208757168571,20.283875423835234,30.413875423835236,10.130000000000003
1,3,3883598,0,Return to Base,11.462318779912652,,,
2,1,0,3873677,Service,11.462318779912652,0.0,10.24235474499829,10.24235474499829
2,2,3873677,3878150,Service,10.072557802056735,20.314912547055023,30.404912547055023,10.09
2,3,3878150,0,Return to Base,11.462318779912652,,,
3,1,0,3886488,Service,11.462318779912652,0.0,10.159953400555475,10.159953400555475
3,2,3886488,0,Return to Base,11.462318779912652,,,
