Operator_ID,Sequence_Rank,From_Node,To_Node,Activity_Type,Travel_Time,Start_Service,Finish_Service,Processing_Time
1,1,0,3885290,Service,10.0,0.0,10.030095226540608,10.030095226540608
1,2,3885290,3871781,Service,10.0,20.030095226540602,30.060190453081212,10.03009522654061
1,3,3871781,3884433,Service,10.0,40.060190453081205,50.090285679621815,10.03009522654061
1,4,3884433,3885286,Service,10.0,60.0902856796218,70.12038090616241,10.03009522654061
1,5,3885286,0,Return to Base,10.0,,,
2,1,0,3871712,Service,10.53860214603653,-1.7763568394002505e-15,11.359999999999998,11.36
2,2,3871712,3884766,Service,11.054878814517142,22.414878814517134,33.79497404105774,11.380095226540607
2,3,3884766,3882168,Service,11.052088129822652,44.8470621708804,56.213824064087675,11.366761893207276
2,4,3882168,0,Return to Base,10.519067353175101,,,
