Operator,Task,Start,Finish,Successor
1,3889471,-1.7763568394002505e-15,11.223333333333331,3891268
1,3891268,21.999143678401477,33.22247701173481,3889363
1,3889363,43.99828735680296,55.22162069013629,0
2,3889555,0.0,11.223333333333333,3889811
2,3889811,21.999143678401477,33.22247701173481,3889480
2,3889480,43.99828735680296,55.22162069013629,0
3,3889729,-1.7763568394002505e-15,11.223333333333331,3890020
3,3890020,21.999143678401477,33.22247701173481,3889832
3,3889832,43.99828735680296,55.22162069013629,0
