Operator_ID,Sequence_Rank,From_Node,To_Node,Activity_Type,Travel_Time,Start_Service,Finish_Service,Processing_Time
1,1,0,3890201,Service,11.462318779912652,0.0,10.323458508418224,10.323458508418224
1,2,3890201,3871677,Service,10.212092036781224,20.535550545199456,30.782217211866122,10.246666666666666
1,3,3871677,3872724,Service,10.161859712280409,40.94407692414654,51.24420209923143,10.300125175084887
1,4,3872724,3882216,Service,10.159069027585918,61.40327112681736,71.65327112681736,10.25
1,5,3882216,3873646,Service,10.156278342891428,81.80954946970878,92.05954946970878,10.25
1,6,3873646,3890111,Service,10.170231766363877,102.22978123607268,112.52990641115757,10.300125175084887
1,7,3890111,3888326,Service,10.173022451058367,122.70292886221593,133.02305403730082,10.320125175084897
1,8,3888326,0,Return to Base,11.462318779912652,,,
