Operator,Task,Start,Finish,Successor
1,3887161,0.0,11.21,3886783
1,3886783,21.974647606290198,33.1846476062902,3887930
1,3887930,43.949295212580395,55.159295212580396,3887319
1,3887319,65.92394281887059,77.1339428188706,0
2,3887686,0.0,11.21,3886528
2,3886528,21.974647606290198,33.1846476062902,3887353
2,3887353,43.949295212580395,55.159295212580396,0
