Operator_ID,Sequence_Rank,From_Node,To_Node,Activity_Type,Travel_Time,Start_Service,Finish_Service,Processing_Time
1,1,0,3891419,Service,10.636276110343672,0.0,11.365606944112331,11.365606944112331
1,2,3891419,3891491,Service,11.08836703085102,22.453973974963347,33.79397397496335,11.340000000000003
1,3,3891491,3891485,Service,11.07720429207306,44.87117826703641,56.187844933703076,11.316666666666663
1,4,3891485,3885293,Service,11.054878814517142,67.24272374822021,78.60459272959099,11.361868981370776
1,5,3885293,3885325,Service,11.054878814517142,89.65947154410813,100.90280487744147,11.24333333333334
1,6,3885325,0,Return to Base,10.622322686871223,,,
