Operator,Task,Start,Finish,Successor
1,3876958,0.0,11.21,3874666
1,3874666,21.974647606290205,33.184647606290206,3890291
1,3890291,43.94929521258041,55.15929521258041,0
2,3876941,0.0,11.21,3890222
2,3890222,21.974647606290205,33.184647606290206,3877297
2,3877297,43.94929521258041,55.15929521258041,0
