Operator,Task,Start,Finish,Successor
1,3894138,0.0,10.046666666666667,3873393
1,3873393,20.085736252389538,30.132402919056204,3891567
1,3891567,40.171472504779075,50.21813917144574,3890045
1,3890045,60.25720875716861,70.30387542383528,3881185
1,3881185,80.34294500955815,90.39961167622482,3881908
1,3881908,100.43868126194769,110.48534792861436,3873420
1,3873420,120.52441751433723,130.5710841810039,3886672
1,3886672,140.61015376672677,150.65682043339342,3890032
1,3890032,160.6958900191163,170.74255668578297,0
