Operator,Task,Start,Finish,Successor
1,3878746,3.552713678800501e-15,11.210000000000004,3891446
1,3891446,22.225809228794297,33.53247589546096,3884803
1,3884803,44.548285124255266,55.950128210216576,0
2,3878744,0.0,11.256666666666666,3891445
2,3891445,22.286429318933394,33.566429318933395,3878739
2,3878739,44.59619197120012,55.92803505716143,0
