Operator_ID,Sequence_Rank,From_Node,To_Node,Activity_Type,Travel_Time,Start_Service,Finish_Service,Processing_Time
1,1,0,3886372,Service,10.918135264487141,0.0,10.773333333333333,10.773333333333333
1,2,3886372,3891388,Service,10.482788452146734,21.25612178548007,31.25612178548007,10.0
1,3,3891388,3884724,Service,10.53023009195306,41.78635187743313,52.53635187743313,10.75
1,4,3884724,0,Return to Base,10.867902939986326,,,
