Operator,Task,Start,Finish,Successor
1,3877027,0.0,10.15,3876836
1,3876836,20.275580811252034,30.425580811252033,3877019
1,3877019,40.55116162250407,50.70116162250407,3877016
1,3877016,60.8267424337561,70.9767424337561,3876893
1,3876893,81.10232324500814,91.25232324500814,3876854
1,3876854,101.37790405626018,111.52790405626018,3876904
1,3876904,121.65348486751222,131.80348486751222,3876916
1,3876916,141.92906567876426,152.07906567876427,3876983
1,3876983,162.2046464900163,172.3546464900163,0
