Operator_ID,Sequence_Rank,From_Node,To_Node,Activity_Type,Travel_Time,Start_Service,Finish_Service,Processing_Time
1,1,0,3891289,Service,11.317203175799182,0.0,11.163333333333334,11.163333333333334
1,2,3891289,3873340,Service,10.0,21.163333333333334,32.03333333333333,10.869999999999997
1,3,3873340,3891266,Service,10.0,42.03333333333333,53.196666666666665,11.163333333333334
1,4,3891266,3891305,Service,10.968367588987958,64.16503425565463,75.32836758898796,11.163333333333327
1,5,3891305,3891249,Service,10.968367588987958,86.29673517797592,97.46006851130926,11.163333333333341
1,6,3891249,0,Return to Base,11.317203175799182,,,
