Operator,Task,Start,Finish,Successor
1,3890093,0.0,11.203333333333333,3885263
1,3885263,22.138212705987414,33.314879372654076,3890104
1,3890104,44.21347984427979,54.21347984427979,3890101
1,3890101,65.01998772098734,76.19332105432068,3891064
1,3891064,87.03610783205659,98.24277449872325,0
