Operator,Task,Start,Finish,Successor
1,3879722,0.0,10.476666666666667,3879145
1,3879145,20.906432109618102,31.38309877628477,3879138
1,3879138,41.812864219236204,52.28953088590287,3879732
1,3879732,62.719296328854306,73.19596299552097,0
