Operator,Task,Start,Finish,Successor
1,3874958,0.0,10.743333333333334,3879874
1,3879874,21.2177497313966,31.961852295499163,3874939
1,3874939,42.43626869356243,53.179602026895765,3874952
1,3874952,63.54797240656842,73.98797240656842,3874948
1,3874948,84.35634278624107,94.79634278624107,0
