Operator_ID,Sequence_Rank,From_Node,To_Node,Activity_Type,Travel_Time,Start_Service,Finish_Service,Processing_Time
1,1,0,3891214,Service,10.0,0.0,10.865858867232628,10.865858867232628
1,2,3891214,3880568,Service,10.0,20.865858867232628,31.75585886723263,10.89
1,3,3880568,3881301,Service,10.0,41.75585886723263,52.791717734465266,11.035858867232633
1,4,3881301,3878827,Service,10.0,62.791717734465266,73.70505106779859,10.913333333333327
1,5,3878827,3879045,Service,10.0,83.70505106779859,94.74424326836456,11.039192200565964
1,6,3879045,0,Return to Base,10.0,,,
