Operator,Task,Start,Finish,Successor
1,3887197,0.0,11.26,3887150
1,3887150,22.493482634964487,33.753482634964485,3894107
1,3894107,44.91440746787224,56.131074134538906,3887170
1,3887170,67.29199896744666,78.55199896744666,0
