Operator,Task,Start,Finish,Successor
1,3884536,0.0,10.183333333333334,0
2,3888468,0.0,10.183333333333334,3872226
2,3872226,20.336820991530285,30.51348765819695,0
3,3872440,0.0,10.176666666666666,3872233
3,3872233,20.32457295547464,30.501239622141306,0
4,3872319,0.0,10.176666666666666,3872437
4,3872437,20.32457295547464,30.501239622141306,0
