Operator_ID,Sequence_Rank,From_Node,To_Node,Activity_Type,Travel_Time,Start_Service,Finish_Service,Processing_Time
1,1,0,3871656,Service,10.789763768540611,0.0,10.186666666666667,10.186666666666667
1,2,3871656,3880082,Service,10.142324919418979,20.32899158608565,30.49899158608565,10.170000000000002
1,3,3880082,3888207,Service,10.178603820447346,40.677595406533,50.86092873986634,10.183333333333337
1,4,3888207,3882222,Service,10.13395286533551,60.99488160520186,71.14488160520186,10.149999999999999
1,5,3882222,3890756,Service,10.142324919418979,81.28720652462084,91.46720652462083,10.179999999999993
1,6,3890756,0,Return to Base,10.775810345068162,,,
