Operator,Task,Start,Finish,Successor
1,3884998,0.0,10.593333333333334,3881965
1,3881965,21.38030641717947,31.973639750512802,3881917
1,3881917,42.76061283435894,53.35394616769227,3885052
1,3885052,64.1409192515384,74.73425258487174,0
2,3881979,0.0,10.593333333333334,3884906
2,3884906,21.38030641717947,31.973639750512802,3881845
2,3881845,42.76061283435894,53.35394616769227,0
