Operator,Task,Start,Finish,Successor
1,3883089,0.0,10.226666666666667,0
2,3883962,0.0,10.213333333333333,3872755
2,3872755,20.422634685420057,30.582634685420057,0
3,3882341,0.0,10.16,3880564
3,3880564,20.302324919418968,30.515658252752303,0
4,3880566,0.0,10.213333333333333,3880742
4,3880742,20.422634685420057,30.63596801875339,0
