Operator,Task,Start,Finish,Successor
1,3891425,0.0,11.316666666666666,3891433
1,3891433,22.32689452607195,33.6006124747899,3888244
1,3888244,44.605258964806204,55.925258964806204,3888317
1,3888317,66.92990545482252,78.17029007020713,3888312
1,3888312,89.16935519083447,100.40973980621908,3881668
1,3881668,111.40880492684641,122.72213826017975,0
