Operator_ID,Sequence_Rank,From_Node,To_Node,Activity_Type,Travel_Time,Start_Service,Finish_Service,Processing_Time
1,1,0,3890589,Service,11.174878256380202,0.0,10.373333333333333,10.373333333333333
1,2,3890589,3888123,Service,10.359998325589183,20.73333165892251,31.106664992255844,10.373333333333335
1,3,3888123,3890534,Service,10.359998325589183,41.46666331784502,51.83999665117835,10.373333333333335
1,4,3890534,0,Return to Base,11.174878256380202,,,
2,1,0,3890614,Service,11.174878256380202,0.0,10.37,10.37
2,2,3890614,3890563,Service,10.359998325589183,20.72999832558918,31.099998325589176,10.369999999999997
2,3,3890563,3890556,Service,10.359998325589183,41.45999665117836,51.829996651178355,10.369999999999997
2,4,3890556,3887401,Service,10.359998325589183,62.189994976767544,72.55666164343421,10.366666666666667
2,5,3887401,0,Return to Base,11.174878256380202,,,
