Operator,Task,Start,Finish,Successor
1,3895456,0.0,10.123333333333333,3873549
1,3873549,20.229379351723946,30.492998364679096,3878256
1,3878256,40.582300274902764,50.69230027490276,3891417
1,3891417,60.78160218512643,70.8882688517931,3888256
1,3888256,80.97757076201677,91.21118977497191,0
