Operator_ID,Sequence_Rank,From_Node,To_Node,Activity_Type,Travel_Time,Start_Service,Finish_Service,Processing_Time
1,1,0,3888257,Service,10.636276110343672,0.0,11.318621794871795,11.318621794871795
1,2,3888257,3878766,Service,10.848368147124898,22.166989941996697,33.453656608663366,11.286666666666669
1,3,3878766,3888259,Service,10.831624038957958,44.28528064762132,55.51056910915978,11.225288461538462
1,4,3888259,3873574,Service,10.831624038957958,66.34219314811773,76.3974816096562,10.055288461538467
1,5,3873574,3877538,Service,10.879065678764285,87.27654728842047,98.59988062175381,11.323333333333338
1,6,3877538,0,Return to Base,10.622322686871223,,,
