Operator,Task,Start,Finish,Successor
1,3883586,0.0,10.193333333333333,3886809
1,3886809,20.352402360919264,30.54240236091926,3883474
1,3883474,40.70147138850519,50.894804721838526,3886874
1,3886874,61.053873749424454,71.24387374942445,3886870
1,3886870,81.40294277701038,91.59294277701038,3883494
1,3883494,101.75201180459631,111.94534513792964,3886623
1,3886623,122.10441416551556,132.29441416551558,3883246
1,3883246,142.4534831931015,152.64681652643483,0
