Operator_ID,Sequence_Rank,From_Node,To_Node,Activity_Type,Travel_Time,Start_Service,Finish_Service,Processing_Time
1,1,0,3883638,Service,10.781391714457142,0.0,10.553333333333333,10.553333333333333
1,2,3883638,3887721,Service,10.38511448783959,20.938447821172925,31.53883243655754,10.600384615384616
1,3,3887721,0,Return to Base,10.711624597094897,,,
