Operator,Task,Start,Finish,Successor
1,3874849,0.0,11.01,3881229
1,3881229,21.819298561402036,32.7559652280687,0
