Operator_ID,Sequence_Rank,From_Node,To_Node,Activity_Type,Travel_Time,Start_Service,Finish_Service,Processing_Time
1,1,0,3878800,Service,10.954414165515509,0.0,10.33,10.33
1,2,3878800,3878726,Service,10.348835586811225,20.678835586811218,31.008835586811216,10.329999999999998
1,3,3878726,0,Return to Base,10.954414165515509,,,
2,1,0,3880844,Service,11.113483193101427,1.7763568394002505e-15,10.336666666666668,10.336666666666666
2,2,3880844,3888674,Service,10.259533676587552,20.596200343254218,30.956200343254217,10.36
2,3,3888674,0,Return to Base,10.965576904293469,,,
3,1,0,3890018,Service,10.954414165515509,0.0,10.28,10.28
3,2,3890018,3888695,Service,10.223254775559184,20.503254775559185,30.863254775559184,10.36
3,3,3888695,0,Return to Base,10.965576904293469,,,
