Operator,Task,Start,Finish,Successor
1,3886558,0.0,10.153333333333332,3883754
1,3883754,20.28170482927987,30.435038162613203,3894185
1,3894185,40.56340965855974,50.71674299189307,3883720
1,3883720,60.84511448783961,70.99844782117295,0
2,3887382,0.0,10.153333333333332,3888126
2,3888126,20.28170482927987,30.435038162613203,3886577
2,3886577,40.56340965855974,50.71674299189307,0
