Operator,Task,Start,Finish,Successor
1,3891475,0.0,11.296666666666667,3873600
1,3873600,22.410149859768097,33.78135081411825,3890097
1,3890097,44.872508529663754,56.15917519633042,0
