Operator_ID,Sequence_Rank,From_Node,To_Node,Activity_Type,Travel_Time,Start_Service,Finish_Service,Processing_Time
1,1,0,3888211,Service,10.798135822624081,0.0,10.516666666666667,10.516666666666667
1,2,3888211,3882202,Service,10.468835028674285,20.985501695340943,31.478835028674276,10.493333333333332
1,3,3882202,0,Return to Base,10.775810345068162,,,
2,1,0,3888165,Service,10.798135822624081,0.0,10.546666666666667,10.546666666666667
2,2,3888165,3884251,Service,10.460462974590817,21.007129641257478,31.38712964125748,10.380000000000003
2,3,3884251,0,Return to Base,10.839996093041428,,,
