Operator,Task,Start,Finish,Successor
1,3874814,0.0,10.726666666666667,3874535
1,3874535,21.21503648820238,31.941703154869046,3885143
1,3885143,42.47751461621108,53.09084794954441,3885074
1,3885074,63.62665941088645,74.23999274421978,3884009
1,3884009,84.77580420556181,95.38913753889514,3888105
1,3888105,105.90262352268127,116.48929018934794,3884067
1,3884067,127.00277617313407,137.6161095064674,3888430
1,3888430,148.12959549025354,158.7162621569202,3884076
1,3884076,169.22974814070633,179.84308147403968,0
