Operator,Task,Start,Finish,Successor
1,3887461,0.0,10.23,3880220
1,3880220,20.36674355002999,30.59674355002999,3887446
1,3887446,40.73348710005998,50.96348710005998,3886922
1,3886922,61.10023065008997,71.33023065008997,3882084
1,3882084,81.46697420011996,91.69697420011997,3881595
1,3881595,101.83371775014996,112.06371775014996,3885772
1,3885772,122.20046130017995,132.43046130017996,3885843
1,3885843,142.56720485020995,152.79720485020994,3886910
1,3886910,162.93394840023993,173.16394840023992,0
