Operator_ID,Sequence_Rank,From_Node,To_Node,Activity_Type,Travel_Time,Start_Service,Finish_Service,Processing_Time
1,1,0,3879725,Service,11.384179608466937,1.7763568394002505e-15,10.416666666666668,10.416666666666666
1,2,3879725,3879105,Service,10.40464928070102,20.821315947367694,31.271315947367693,10.45
1,3,3879105,3879734,Service,10.40464928070102,41.675965228068726,52.09263189473539,10.416666666666664
1,4,3879734,0,Return to Base,11.384179608466937,,,
2,1,0,3879742,Service,11.384179608466937,0.0,10.416666666666666,10.416666666666666
2,2,3879742,3879914,Service,10.40464928070102,20.82131594736769,31.27131594736769,10.45
2,3,3879914,3879708,Service,10.40464928070102,41.67596522806872,52.09263189473538,10.416666666666664
2,4,3879708,0,Return to Base,11.384179608466937,,,
