Operator_ID,Sequence_Rank,From_Node,To_Node,Activity_Type,Travel_Time,Start_Service,Finish_Service,Processing_Time
1,1,0,3873589,Service,11.487434942163059,0.0,10.13,10.13
1,2,3873589,3880051,Service,10.078139171445715,20.208139171445715,30.284805838112383,10.076666666666668
1,3,3880051,3873631,Service,10.064185747973266,40.348991586085646,50.56710138741479,10.218109801329142
1,4,3873631,3885350,Service,10.14511560411347,60.712216991528265,71.01627189219283,10.304054900664568
1,5,3885350,3885351,Service,10.14790628880796,81.16417818100079,91.46489974833203,10.300721567331237
1,6,3885351,0,Return to Base,11.462318779912652,,,
