Operator,Task,Start,Finish,Successor
1,3877020,0.0,10.436666666666667,3881327
1,3881327,20.844106632062164,31.34077329872883,3881316
1,3881316,41.6812368314566,52.17790349812327,3881338
1,3881338,62.51836703085104,73.01503369751771,0
2,3877013,0.0,10.436666666666667,3876991
2,3876991,20.869222794312577,31.305889460979245,3876997
2,3876997,41.738445588625154,52.17511225529182,0
