Operator_ID,Sequence_Rank,From_Node,To_Node,Activity_Type,Travel_Time,Start_Service,Finish_Service,Processing_Time
1,1,0,3890865,Service,10.636276110343672,0.0,11.361503356165453,11.361503356165453
1,2,3890865,3888180,Service,11.035344021655714,22.39684737782117,33.783049341926606,11.386201964105435
1,3,3888180,3891381,Service,11.021390598183263,44.804439940109866,56.04260996294199,11.238170022832122
1,4,3891381,3894181,Service,11.001855805321835,67.04446576826382,78.33930245776261,11.294836689498794
1,5,3894181,3888173,Service,11.049297445128161,89.38859990289077,100.7719332362241,11.383333333333326
1,6,3888173,0,Return to Base,10.622322686871223,,,
