Operator_ID,Sequence_Rank,From_Node,To_Node,Activity_Type,Travel_Time,Start_Service,Finish_Service,Processing_Time
1,1,0,3880684,Service,11.199994418630611,0.0,10.143333333333333,10.143333333333333
1,2,3880684,3881215,Service,10.078139171445715,20.221472504779047,30.37480583811238,10.153333333333332
1,3,3881215,3881962,Service,10.078139171445715,40.45294500955809,50.60627834289143,10.153333333333336
1,4,3881962,0,Return to Base,11.199994418630611,,,
2,1,0,3881746,Service,11.199994418630611,0.0,10.153333333333332,10.153333333333332
2,2,3881746,3882911,Service,10.061395063278775,20.214728396612117,30.28806172994545,10.073333333333334
2,3,3882911,3882001,Service,10.061395063278775,40.349456793224235,50.50279012655757,10.153333333333336
2,4,3882001,0,Return to Base,11.199994418630611,,,
