Operator,Task,Start,Finish,Successor
1,3887677,0.0,10.366666666666667,3877111
1,3877111,20.67922335244952,31.10255668578285,3886508
1,3886508,41.4151133715657,51.8851133715657,0
