Operator,Task,Start,Finish,Successor
1,3885250,0.0,11.21,3877771
1,3877771,21.974647606290198,33.1846476062902,0
2,3883367,0.0,11.21,3882287
2,3882287,21.974647606290198,33.1846476062902,0
3,3885754,0.0,11.21,0
