Operator_ID,Sequence_Rank,From_Node,To_Node,Activity_Type,Travel_Time,Start_Service,Finish_Service,Processing_Time
1,1,0,3872015,Service,11.174878256380202,-1.7763568394002505e-15,10.119999999999997,10.12
1,2,3872015,3872027,Service,10.11441807247408,40.44441751433714,50.56441751433714,10.119999999999997
1,3,3872027,3872018,Service,10.11441807247408,60.678835586811225,70.79883558681122,10.119999999999997
1,4,3872018,0,Return to Base,11.174878256380202,,,
2,1,0,3874511,Service,11.174878256380202,0.0,10.11,10.11
2,2,3874511,3874882,Service,10.119999441863062,20.229999441863058,30.339999441863057,10.11
2,3,3874882,3884483,Service,10.11441807247408,40.454417514337145,50.57441751433714,10.119999999999997
2,4,3884483,3874915,Service,10.11441807247408,60.68883558681122,70.79883558681122,10.11
2,5,3874915,0,Return to Base,11.174878256380202,,,
