Operator,Task,Start,Finish,Successor
1,3890922,0.0,10.653333333333332,3890893
1,3890893,21.164028632424955,31.817361965758288,3890887
1,3890887,42.32805726484991,52.98139059818324,3890982
1,3890982,63.49208589727486,74.1454192306082,0
2,3890903,0.0,10.653333333333332,3890873
2,3890873,21.164028632424955,31.817361965758288,3890916
2,3890916,42.32805726484991,52.98139059818324,0
