Operator_ID,Sequence_Rank,From_Node,To_Node,Activity_Type,Travel_Time,Start_Service,Finish_Service,Processing_Time
1,1,0,3878074,Service,11.174878256380202,0.0,11.21,11.21
1,2,3878074,3882039,Service,10.764647606290204,21.974647606290198,33.1846476062902,11.21
1,3,3882039,3872021,Service,10.764647606290204,43.949295212580395,55.159295212580396,11.21
1,4,3872021,3877912,Service,10.764647606290204,65.92394281887059,77.1339428188706,11.210000000000008
1,5,3877912,3871939,Service,10.764647606290204,87.89859042516079,99.1085904251608,11.210000000000008
1,6,3871939,0,Return to Base,11.174878256380202,,,
