Operator,Task,Start,Finish,Successor
1,3879062,0.0,11.483333333333334,3882201
1,3882201,22.6693743284915,34.22442539629009,3881702
1,3881702,45.26256010264029,56.645893435973626,3891394
1,3891394,66.64589343597362,76.64589343597362,0
