Operator_ID,Sequence_Rank,From_Node,To_Node,Activity_Type,Travel_Time,Start_Service,Finish_Service,Processing_Time
1,1,0,3880467,Service,11.462318779912652,0.0,10.213333333333333,10.213333333333333
1,2,3880467,3891431,Service,10.14511560411347,20.411966002394408,30.72664580611999,10.314679803725582
1,3,3891431,0,Return to Base,11.462318779912652,,,
2,1,0,3883649,Service,11.462318779912652,0.0,10.318013137058912,10.318013137058912
2,2,3883649,3888301,Service,10.13674355003,20.4547566870889,30.72943649081448,10.27467980372558
2,3,3888301,0,Return to Base,11.459528095218161,,,
3,1,0,3888305,Service,11.462318779912652,0.0,10.31467980372558,10.31467980372558
3,2,3888305,3881689,Service,10.14790628880796,20.462586092533552,30.622586092533552,10.16
3,3,3881689,0,Return to Base,11.462318779912652,,,
