Operator_ID,Sequence_Rank,From_Node,To_Node,Activity_Type,Travel_Time,Start_Service,Finish_Service,Processing_Time
1,1,0,3873662,Service,10.0,0.0,10.104252922867248,10.104252922867248
1,2,3873662,3891421,Service,10.0,20.104252922867246,30.104252922867246,10.0
1,3,3891421,3891437,Service,10.0,40.104252922867246,50.104252922867246,10.0
1,4,3891437,0,Return to Base,10.0,,,
2,1,0,3884562,Service,10.0,0.0,10.0,10.0
2,2,3884562,3888304,Service,10.0,20.0,31.55425292286725,11.55425292286725
2,3,3888304,3881715,Service,10.0,41.55425292286725,51.55425292286725,10.0
2,4,3881715,0,Return to Base,10.0,,,
