Operator_ID,Sequence_Rank,From_Node,To_Node,Activity_Type,Travel_Time,Start_Service,Finish_Service,Processing_Time
1,1,0,3890241,Service,10.906972525709183,0.0,10.0,10.0
1,2,3890241,3882224,Service,10.555346254203469,20.55534625420347,31.338679587536802,10.783333333333331
1,3,3882224,3884788,Service,10.555346254203469,41.89402584174027,51.89402584174027,10.0
1,4,3884788,3882160,Service,10.558136938897958,62.45216278063823,72.45216278063823,10.0
1,5,3882160,0,Return to Base,10.845577462430407,,,
