Operator,Task,Start,Finish,Successor
1,3876885,0.0,10.396666666666667,3876753
1,3876753,20.76224636164482,31.15891302831149,3886379
1,3886379,41.52449272328964,51.91782605662297,3876741
1,3876741,62.28340575160112,72.68007241826778,3876817
1,3876817,83.04565211324594,93.4423187799126,3876803
1,3876803,103.80789847489075,114.20456514155741,3876870
1,3876870,124.57014483653556,134.96681150320222,3876895
1,3876895,145.33239119818037,155.72905786484705,0
