Operator_ID,Sequence_Rank,From_Node,To_Node,Activity_Type,Travel_Time,Start_Service,Finish_Service,Processing_Time
1,1,0,3872742,Service,10.982321012460407,0.0,10.0,10.0
1,2,3872742,3890389,Service,10.443718866423877,20.443718866423865,30.443718866423865,10.0
1,3,3890389,3873051,Service,10.443718866423877,40.88743773284773,50.88743773284773,10.0
1,4,3873051,3894160,Service,10.443718866423877,61.331156599271594,71.3311565992716,10.0
1,5,3894160,0,Return to Base,10.94883279612653,,,
2,1,0,3873071,Service,10.982321012460407,0.0,10.0,10.0
2,2,3873071,3894187,Service,10.443718866423877,20.443718866423865,30.443718866423865,10.0
2,3,3894187,3873065,Service,10.443718866423877,40.88743773284773,50.88743773284773,10.0
2,4,3873065,0,Return to Base,10.982321012460407,,,
