Operator,Task,Start,Finish,Successor
1,3890326,0.0,10.66,3871736
1,3871736,21.24340854228584,31.870075208952507,0
2,3885358,0.0,10.67,3877567
2,3877567,21.22255556950897,31.925888902842303,0
3,3885312,0.0,10.676666666666666,3885313
3,3885313,21.22255556950897,31.925888902842303,0
