Operator,Task,Start,Finish,Successor
1,3882197,0.0,11.16,3878764
1,3878764,22.164646490016302,33.31131315668297,3891435
1,3891435,44.23782047525357,55.40004727309103,3877665
1,3877665,66.3126011681892,77.4526011681892,3881683
1,3881683,88.38189917145431,99.65082008964988,3872160
1,3872160,110.58849014699847,121.7318234803318,0
