Operator,Task,Start,Finish,Successor
1,3872453,0.0,10.19,3873133
1,3873133,20.343487658196953,30.526820991530286,3872951
1,3872951,40.68030864972724,50.863641983060575,3873104
1,3873104,61.017129641257526,71.20046297459086,0
2,3872972,0.0,10.183333333333334,3872969
2,3872969,20.33682099153029,30.520154324863622,3872978
2,3872978,40.67364198306058,50.856975316393914,3872459
2,3872459,61.010462974590865,71.20046297459086,0
