Operator_ID,Sequence_Rank,From_Node,To_Node,Activity_Type,Travel_Time,Start_Service,Finish_Service,Processing_Time
1,1,0,3886538,Service,11.199994418630611,0.0,11.223333333333333,11.223333333333333
1,2,3886538,3886417,Service,10.775810345068162,21.999143678401484,33.22247701173482,11.223333333333333
1,3,3886417,3891508,Service,10.775810345068162,43.99828735680297,55.221620690136305,11.223333333333336
1,4,3891508,3884975,Service,10.775810345068162,65.99743103520446,77.22076436853779,11.22333333333333
1,5,3884975,0,Return to Base,11.199994418630611,,,
2,1,0,3886664,Service,11.199994418630611,0.0,11.223333333333333,11.223333333333333
2,2,3886664,3886629,Service,10.775810345068162,21.999143678401484,33.22247701173482,11.223333333333333
2,3,3886629,3890552,Service,10.775810345068162,43.99828735680297,55.221620690136305,11.223333333333336
2,4,3890552,0,Return to Base,11.199994418630611,,,
