Operator,Task,Start,Finish,Successor
1,3883645,0.0,11.813333333333333,3887125
1,3887125,23.23100115813414,34.99433449146748,0
2,3880884,0.0,11.813333333333333,3884625
2,3884625,23.244954581606606,34.98162124827327,0
3,3880572,1.7763568394002505e-15,11.776666666666669,3881113
3,3881113,25.851997293035843,37.491997293035844,0
4,3883677,1.7763568394002505e-15,11.813333333333334,0
5,3886839,-1.7763568394002505e-15,11.839999999999998,3886519
5,3886519,23.634410258556915,35.35774359189025,0
