Operator,Task,Start,Finish,Successor
1,3876940,0.0,10.68,3876988
1,3876988,21.187904614397155,31.867904614397155,3876962
1,3876962,42.37580922879431,53.05580922879431,0
2,3889448,0.0,10.516666666666667,3889514
2,3889514,20.96038553309053,31.473718866423866,3889460
2,3889460,41.91743773284773,52.434104399514396,3889479
2,3889479,62.880613950632764,73.39728061729943,0
