Operator_ID,Sequence_Rank,From_Node,To_Node,Activity_Type,Travel_Time,Start_Service,Finish_Service,Processing_Time
1,1,0,3877108,Service,11.174878256380202,0.0,10.16,10.16
1,2,3877108,3877142,Service,10.083720540834694,20.243720540834687,30.343720540834685,10.099999999999998
1,3,3877142,3877114,Service,10.083720540834694,40.42744108166937,50.58744108166937,10.159999999999997
1,4,3877114,3877146,Service,10.083720540834694,60.67116162250405,70.77116162250405,10.100000000000001
1,5,3877146,3876998,Service,10.083720540834694,80.85488216333874,90.95488216333874,10.099999999999994
1,6,3876998,3877156,Service,10.11441807247408,101.06930023581282,111.18930023581282,10.120000000000005
1,7,3877156,3884843,Service,10.11441807247408,121.3037183082869,131.4237183082869,10.120000000000005
1,8,3884843,0,Return to Base,11.174878256380202,,,
