Operator_ID,Sequence_Rank,From_Node,To_Node,Activity_Type,Travel_Time,Start_Service,Finish_Service,Processing_Time
1,1,0,3888784,Service,11.199994418630611,0.0,10.206666666666667,10.206666666666667
1,2,3888784,3881717,Service,10.173022451058367,20.37968911772504,30.57302245105837,10.193333333333332
1,3,3881717,3872468,Service,10.161859712280409,40.734882163338774,50.92488216333877,10.189999999999998
1,4,3872468,3872464,Service,10.159069027585918,61.08395119092469,71.27395119092469,10.190000000000005
1,5,3872464,3888743,Service,10.173022451058367,81.44697364198306,91.65364030864973,10.206666666666663
1,6,3888743,0,Return to Base,11.199994418630611,,,
