Operator_ID,Sequence_Rank,From_Node,To_Node,Activity_Type,Travel_Time,Start_Service,Finish_Service,Processing_Time
1,1,0,3894275,Service,11.174878256380202,0.0,10.15,10.15
1,2,3894275,3894309,Service,10.125580811252041,20.275580811252034,30.425580811252033,10.149999999999999
1,3,3894309,3880649,Service,10.125580811252041,40.55116162250407,50.70116162250407,10.149999999999999
1,4,3880649,0,Return to Base,11.174878256380202,,,
2,1,0,3891301,Service,11.174878256380202,0.0,10.15,10.15
2,2,3891301,3891023,Service,10.125580811252041,20.275580811252034,30.425580811252033,10.149999999999999
2,3,3891023,3894297,Service,10.125580811252041,40.55116162250407,50.70116162250407,10.149999999999999
2,4,3894297,0,Return to Base,11.174878256380202,,,
