Operator,Task,Start,Finish,Successor
1,3877707,-1.7763568394002505e-15,10.816666666666665,3877689
1,3877689,21.586895642345834,32.4035623090125,3877604
1,3877604,43.173791284691674,53.990457951358344,3877693
1,3877693,64.76068692703751,75.57735359370417,0
2,3877600,-3.552713678800501e-15,10.856666666666664,3877517
2,3877517,21.685500020930142,32.55883335426348,3877519
2,3877519,43.2899927442198,54.203326077553136,0
