Operator,Task,Start,Finish,Successor
1,3888705,0.0,10.926666666666666,3888727
1,3888727,21.830848507681363,32.75751517434803,3888654
1,3888654,43.66169701536273,54.588363682029396,3876742
1,3876742,65.53719647815593,76.5038631448226,3876818
1,3876818,87.43874251747668,98.40540918414335,3876718
1,3876718,109.34028855679743,120.3069552234641,3880447
1,3880447,131.24183459611817,142.25183459611816,0
