Operator_ID,Sequence_Rank,From_Node,To_Node,Activity_Type,Travel_Time,Start_Service,Finish_Service,Processing_Time
1,1,0,3885621,Service,10.996274435932856,0.0,10.433333333333223,10.433333333333223
1,2,3885621,3885477,Service,10.323719424560815,20.757052757894044,31.190386091227378,10.433333333333334
1,3,3885477,3885560,Service,10.323719424560815,41.5141055157882,51.94743884912154,10.433333333333337
1,4,3885560,3885519,Service,10.323719424560815,62.27115827368236,72.7044916070157,10.433333333333337
1,5,3885519,0,Return to Base,10.996274435932856,,,
