Operator_ID,Sequence_Rank,From_Node,To_Node,Activity_Type,Travel_Time,Start_Service,Finish_Service,Processing_Time
1,1,0,3884078,Service,10.0,0.0,10.516666666666667,10.516666666666667
1,2,3884078,3884093,Service,10.474416398063266,21.143795749787216,31.660462416453882,10.516666666666666
1,3,3884093,0,Return to Base,10.0,,,
2,1,0,3884129,Service,10.0,0.0,10.473333333333333,10.473333333333333
2,2,3884129,3884070,Service,10.440928181729387,20.91426151506272,31.43092818172939,10.51666666666667
2,3,3884070,0,Return to Base,10.0,,,
3,1,0,3878177,Service,11.384179608466937,0.0,10.606666666666667,10.606666666666667
3,2,3878177,3884096,Service,10.580462416453877,21.18712908312055,31.660462416453882,10.473333333333333
3,3,3884096,0,Return to Base,10.0,,,
