Operator,Task,Start,Finish,Successor
1,3873136,0.0,10.5,3873116
1,3873116,20.87116106436713,31.37116106436713,3871432
1,3871432,41.71999665117835,52.233329984511684,3889516
1,3889516,62.57937488662843,73.02270821996176,3873105
1,3873105,83.39107859963441,93.89107859963441,3871418
1,3871418,104.23991418644563,114.75324751977897,0
