Operator,Task,Start,Finish,Successor
1,3894374,0.0,10.153333333333332,3890519
1,3890519,20.281704829279867,30.428371495946532,3894301
1,3894301,40.556742991893074,50.71007632522641,0
2,3890533,0.0,10.146666666666667,3890528
2,3890528,20.269456793224222,30.41612345989089,3894278
2,3894278,40.544494955837436,50.697828289170765,0
