Operator_ID,Sequence_Rank,From_Node,To_Node,Activity_Type,Travel_Time,Start_Service,Finish_Service,Processing_Time
1,1,0,3889941,Service,10.594415839926326,0.0,11.303333333333333,11.303333333333333
1,2,3889941,3889916,Service,11.160924832907753,22.464258166241095,33.76759149957443,11.303333333333335
1,3,3889916,3873693,Service,11.158134148213264,44.925725647787694,56.235725647787696,11.310000000000002
1,4,3873693,0,Return to Base,10.580462416453877,,,
2,1,0,3873648,Service,10.597206524620816,1.7763568394002505e-15,11.383994422805682,11.38399442280568
2,2,3873648,3873701,Service,11.119064562490408,22.503058985296082,33.73305898529608,11.23
2,3,3873701,3882136,Service,11.110692508406938,44.843751493703024,56.23247166818298,11.388720174479957
2,4,3882136,0,Return to Base,10.580462416453877,,,
