Operator,Task,Start,Finish,Successor
1,3877254,0.0,11.223333333333333,3880387
1,3880387,21.9991436784015,33.22247701173483,0
2,3880918,0.0,11.223333333333333,0
3,3877677,0.0,11.223333333333333,3874980
3,3874980,21.9991436784015,33.22247701173483,0
