Operator,Task,Start,Finish,Successor
1,3878886,0.0,10.643333333333333,3878272
1,3878272,21.327051083483326,31.970384416816657,3878860
1,3878860,42.65410216696665,53.29743550029998,3878903
1,3878903,63.98115325044998,74.62448658378331,0
