Operator,Task,Start,Finish,Successor
1,3882949,0.0,10.093333333333334,3886676
1,3886676,20.185425928251505,30.355425928251506,3885778
1,3885778,40.44751852316968,50.61751852316968,3883881
1,3883881,60.70961111808785,70.82294445142118,0
2,3883251,0.0,10.093333333333334,3885746
2,3885746,20.185425928251505,30.355425928251506,3883931
2,3883931,40.44751852316968,50.56085185650301,3886364
2,3886364,60.65294445142118,70.82294445142118,0
