Operator,Task,Start,Finish,Successor
1,3880237,0.0,10.476666666666667,3880205
1,3880205,20.87294389328421,31.349610559950875,0
2,3880221,0.0,10.476666666666667,3880270
2,3880270,20.87294389328421,31.349610559950875,0
3,3880378,0.0,10.506666666666666,0
4,3880250,0.0,10.476666666666667,3879954
4,3879954,20.853409100422805,31.28674243375614,0
