Operator_ID,Sequence_Rank,From_Node,To_Node,Activity_Type,Travel_Time,Start_Service,Finish_Service,Processing_Time
1,1,0,3883328,Service,11.174878256380202,0.0,10.246666666666666,10.246666666666666
1,2,3883328,3891149,Service,10.175813135752858,20.42247980241953,30.665813135752867,10.243333333333336
1,3,3891149,3887342,Service,10.175813135752858,40.84162627150573,51.078292938172396,10.236666666666665
1,4,3887342,0,Return to Base,11.174878256380202,,,
2,1,0,3887369,Service,11.174878256380202,0.0,10.236666666666666,10.236666666666666
2,2,3887369,3888022,Service,10.173022451058367,20.409689117725026,30.656355784391693,10.246666666666666
2,3,3888022,3887326,Service,10.173022451058367,40.82937823545005,51.066044902116715,10.236666666666665
2,4,3887326,3887375,Service,10.181394505141837,61.247439407258554,71.48410607392522,10.236666666666665
2,5,3887375,0,Return to Base,11.174878256380202,,,
