Operator,Task,Start,Finish,Successor
1,3883188,0.0,10.113333333333333,3887226
1,3887226,20.19426318947355,30.300929856140215,3876773
1,3876773,40.38185971228043,50.4885263789471,0
2,3890213,0.0,10.106666666666667,3888084
2,3888084,20.187596522806885,30.294263189473554,3883415
2,3883415,40.38185971228043,50.4885263789471,0
