Operator_ID,Sequence_Rank,From_Node,To_Node,Activity_Type,Travel_Time,Start_Service,Finish_Service,Processing_Time
1,1,0,3890922,Service,11.370226184994488,0.0,10.653333333333332,10.653333333333332
1,2,3890922,3890893,Service,10.510695299091632,21.164028632424955,31.817361965758288,10.653333333333332
1,3,3890893,3890887,Service,10.510695299091632,42.32805726484991,52.98139059818324,10.653333333333329
1,4,3890887,3890982,Service,10.510695299091632,63.49208589727486,74.1454192306082,10.653333333333336
1,5,3890982,0,Return to Base,11.370226184994488,,,
2,1,0,3890903,Service,11.370226184994488,0.0,10.653333333333332,10.653333333333332
2,2,3890903,3890873,Service,10.510695299091632,21.164028632424955,31.817361965758288,10.653333333333332
2,3,3890873,3890916,Service,10.510695299091632,42.32805726484991,52.98139059818324,10.653333333333329
2,4,3890916,0,Return to Base,11.370226184994488,,,
