Operator,Task,Start,Finish,Successor
1,3888211,0.0,10.516666666666667,3882202
1,3882202,20.985501695340943,31.478835028674276,0
2,3888165,0.0,10.546666666666667,3884251
2,3884251,21.007129641257478,31.38712964125748,0
