Operator,Task,Start,Finish,Successor
1,3872732,0.0,11.223333333333333,3881484
1,3881484,21.9991436784015,33.22247701173483,0
2,3871845,0.0,11.223333333333333,3872803
2,3872803,21.9991436784015,33.22247701173483,0
