Operator,Task,Start,Finish,Successor
1,3880347,0.0,10.0,3877470
1,3877470,21.626969176887542,31.626969176887542,3890997
1,3890997,43.25672903846958,53.25672903846958,3882992
1,3882992,64.76369877349404,74.76369877349404,0
2,3880885,0.0,10.0,3881449
2,3881449,21.71627108711121,31.71627108711121,3888555
2,3888555,43.43254217422242,53.43254217422242,0
