Operator_ID,Sequence_Rank,From_Node,To_Node,Activity_Type,Travel_Time,Start_Service,Finish_Service,Processing_Time
1,1,0,3883509,Service,10.792554453235102,0.0,11.18,11.18
1,2,3883509,3883526,Service,10.884647048153264,22.06464704815326,33.24464704815326,11.18
1,3,3883526,3883485,Service,10.884647048153264,44.12929409630652,55.30929409630652,11.18
1,4,3883485,0,Return to Base,10.792554453235102,,,
2,1,0,3883490,Service,10.792554453235102,0.0,11.18,11.18
2,2,3883490,3883507,Service,10.884647048153264,22.06464704815326,33.24464704815326,11.18
2,3,3883507,3884682,Service,10.761856921595713,44.006503969748984,55.05317063641565,11.046666666666667
2,4,3884682,0,Return to Base,10.814879930791019,,,
