Operator,Task,Start,Finish,Successor
1,3879692,0.0,10.176666666666666,3879680
1,3879680,20.32457295547463,30.501239622141295,0
2,3879705,0.0,10.176666666666666,3879686
2,3879686,20.324572955474626,30.50123962214129,0
