Operator,Task,Start,Finish,Successor
1,3894443,0.0,10.053333333333333,3882087
1,3882087,20.097984288445193,30.147984288445194,3881926
1,3881926,40.189844558862546,50.24317789219588,3894472
1,3894472,60.28224747791877,70.32891414458544,3889502
1,3889502,80.36798373030832,90.42131706364165,3889559
1,3889559,100.46317733405901,110.51317733405901,3883401
1,3883401,120.55503760447635,130.61503760447636,3889521
1,3889521,140.6568978748937,150.7068978748937,3889478
1,3889478,160.74875814531106,170.8020914786444,0
