Operator,Task,Start,Finish,Successor
1,3886437,0.0,10.466666666666667,3871777
1,3871777,21.07782661475995,31.571159948093282,3886469
1,3886469,42.182319896186556,52.648986562853224,0
2,3886412,0.0,10.466666666666667,3886464
2,3886464,20.921548271868517,31.388214938535185,3886452
2,3886452,41.84309654373703,52.3097632104037,3886423
2,3886423,62.76464481560555,73.23131148227222,0
