Operator_ID,Sequence_Rank,From_Node,To_Node,Activity_Type,Travel_Time,Start_Service,Finish_Service,Processing_Time
1,1,0,3881254,Service,10.775810345068162,0.0,11.0,11.0
1,2,3881254,3881396,Service,10.890228417542243,21.900228417542245,32.91022841754224,11.009999999999998
1,3,3881396,3881430,Service,10.890228417542243,43.80045683508448,54.81045683508448,11.009999999999998
1,4,3881430,0,Return to Base,10.767438290984693,,,
2,1,0,3881435,Service,10.767438290984693,0.0,11.01,11.01
2,2,3881435,3881407,Service,10.890228417542243,21.900228417542245,32.91022841754224,11.009999999999998
2,3,3881407,3881419,Service,10.890228417542243,43.80045683508448,54.81045683508448,11.009999999999998
2,4,3881419,0,Return to Base,10.767438290984693,,,
