Operator_ID,Sequence_Rank,From_Node,To_Node,Activity_Type,Travel_Time,Start_Service,Finish_Service,Processing_Time
1,1,0,3883188,Service,11.174878256380202,0.0,10.113333333333333,10.113333333333333
1,2,3883188,3887226,Service,10.080929856140203,20.19426318947355,30.300929856140215,10.106666666666666
1,3,3887226,3876773,Service,10.080929856140203,40.38185971228043,50.4885263789471,10.10666666666667
1,4,3876773,0,Return to Base,11.174878256380202,,,
2,1,0,3890213,Service,11.174878256380202,0.0,10.106666666666667,10.106666666666667
2,2,3890213,3888084,Service,10.080929856140203,20.187596522806885,30.294263189473554,10.10666666666667
2,3,3888084,3883415,Service,10.080929856140203,40.38185971228043,50.4885263789471,10.10666666666667
2,4,3883415,0,Return to Base,11.174878256380202,,,
