Operator,Task,Start,Finish,Successor
1,3890503,0.0,11.29,3881681
1,3881681,22.434180724740806,33.71751405807414,3882215
1,3882215,44.805881088925176,56.01254775559185,3877501
1,3877501,67.10370547113735,78.39037213780401,3890440
1,3890440,89.48711122273849,100.6971112227385,3877505
1,3877505,111.788268938284,123.06493560495068,3888167
1,3888167,134.2035349603025,145.49686829363583,3873528
1,3873528,156.64104901837663,167.92438235170997,3873700
1,3873700,179.02112143664445,190.2344547699778,0
