Operator_ID,Sequence_Rank,From_Node,To_Node,Activity_Type,Travel_Time,Start_Service,Finish_Service,Processing_Time
1,1,0,3884021,Service,11.174878256380202,0.0,10.13,10.13
1,2,3884021,3885191,Service,10.089301910223673,20.219301910223667,30.332635243557,10.113333333333333
1,3,3885191,3885542,Service,10.089301910223673,40.42193715378066,50.535270487114,10.113333333333337
1,4,3885542,3885158,Service,10.089301910223673,60.62457239733767,70.737905730671,10.11333333333333
1,5,3885158,0,Return to Base,11.174878256380202,,,
2,1,0,3886455,Service,11.174878256380202,0.0,10.13,10.13
2,2,3886455,3884836,Service,10.103255333696122,20.23325533369613,30.37325533369613,10.14
2,3,3884836,3884303,Service,10.111627387779592,40.48488272147571,50.62488272147571,10.14
2,4,3884303,0,Return to Base,11.174878256380202,,,
