Operator_ID,Sequence_Rank,From_Node,To_Node,Activity_Type,Travel_Time,Start_Service,Finish_Service,Processing_Time
1,1,0,3880640,Service,11.174878256380202,0.0,11.21,11.21
1,2,3880640,3883671,Service,10.764647606290204,21.974647606290198,33.1846476062902,11.21
1,3,3883671,0,Return to Base,11.174878256380202,,,
2,1,0,3887915,Service,11.174878256380202,0.0,11.21,11.21
2,2,3887915,3887237,Service,10.764647606290204,21.974647606290198,33.1846476062902,11.21
2,3,3887237,0,Return to Base,11.174878256380202,,,
3,1,0,3886500,Service,11.174878256380202,0.0,11.21,11.21
3,2,3886500,3880835,Service,10.764647606290204,21.974647606290198,33.1846476062902,11.21
3,3,3880835,0,Return to Base,11.174878256380202,,,
