Operator,Task,Start,Finish,Successor
1,3882316,0.0,10.18,3884620
1,3884620,20.35581313575286,30.549146469086196,3881068
1,3881068,40.72495960483906,50.87829293817239,3880826
1,3880826,61.00666443411893,71.18666443411894,3881813
1,3881813,81.31503593006548,91.46836926339881,3880624
1,3880624,101.59674075934535,111.79007409267868,3882293
1,3882293,121.94914312026461,132.1491431202646,0
