Operator_ID,Sequence_Rank,From_Node,To_Node,Activity_Type,Travel_Time,Start_Service,Finish_Service,Processing_Time
1,1,0,3873136,Service,11.456737410523672,0.0,10.5,10.5
1,2,3873136,3873116,Service,10.371161064367142,20.87116106436713,31.37116106436713,10.5
1,3,3873116,3871432,Service,10.348835586811225,41.71999665117835,52.233329984511684,10.513333333333335
1,4,3871432,3889516,Service,10.346044902116734,62.57937488662843,73.02270821996176,10.443333333333328
1,5,3889516,3873105,Service,10.368370379672653,83.39107859963441,93.89107859963441,10.5
1,6,3873105,3871418,Service,10.348835586811225,104.23991418644563,114.75324751977897,10.513333333333335
1,7,3871418,0,Return to Base,10.0,,,
