Operator,Task,Start,Finish,Successor
1,3878495,0.0,11.223333333333333,3877653
1,3877653,21.999143678401484,33.22247701173482,3881447
1,3881447,43.99828735680297,55.221620690136305,3873325
1,3873325,65.99743103520446,77.22076436853779,0
2,3878847,0.0,11.223333333333333,3878576
2,3878576,21.999143678401484,33.22247701173482,3881401
2,3881401,43.99828735680297,55.221620690136305,0
