Operator,Task,Start,Finish,Successor
1,3883652,0.0,10.42,3887096
1,3887096,20.81348654192307,31.23348654192307,3883553
1,3883553,41.62697308384614,52.04697308384614,3871964
1,3871964,62.44045962576921,72.84379295910254,0
2,3883876,0.0,10.42,3883665
2,3883665,20.81348654192307,31.23348654192307,3886832
2,3886832,41.62697308384614,52.04697308384614,0
