Operator_ID,Sequence_Rank,From_Node,To_Node,Activity_Type,Travel_Time,Start_Service,Finish_Service,Processing_Time
1,1,0,3879722,Service,10.929298003265101,0.0,10.476666666666667,10.476666666666667
1,2,3879722,3879145,Service,10.429765442951428,20.906432109618102,31.38309877628477,10.476666666666667
1,3,3879145,3879138,Service,10.429765442951428,41.812864219236204,52.28953088590287,10.476666666666667
1,4,3879138,3879732,Service,10.429765442951428,62.719296328854306,73.19596299552097,10.476666666666667
1,5,3879732,0,Return to Base,10.929298003265101,,,
