Operator_ID,Sequence_Rank,From_Node,To_Node,Activity_Type,Travel_Time,Start_Service,Finish_Service,Processing_Time
1,1,0,3883231,Service,11.199994418630611,0.0,11.223333333333333,11.223333333333333
1,2,3883231,3883312,Service,10.775810345068162,21.999143678401484,33.22247701173482,11.223333333333333
1,3,3883312,3883053,Service,10.775810345068162,43.99828735680297,55.221620690136305,11.223333333333336
1,4,3883053,3881452,Service,10.775810345068162,65.99743103520446,77.22076436853779,11.22333333333333
1,5,3881452,3882810,Service,10.775810345068162,87.99657471360594,99.21990804693927,11.22333333333333
1,6,3882810,3883083,Service,10.775810345068162,109.99571839200742,121.21905172534075,11.22333333333333
1,7,3883083,0,Return to Base,11.199994418630611,,,
