Operator,Task,Start,Finish,Successor
1,3877617,0.0,11.01,3877552
1,3877552,21.93883335426346,32.945500020930126,0
2,3882189,0.0,11.116666666666667,3877613
2,3877613,21.995732345430945,32.995732345430945,0
3,3877551,0.0,11.0,3885329
3,3885329,21.881856363458777,32.99518969679211,0
