Operator,Task,Start,Finish,Successor
1,3888784,0.0,10.206666666666667,3881717
1,3881717,20.37968911772504,30.57302245105837,3872468
1,3872468,40.734882163338774,50.92488216333877,3872464
1,3872464,61.08395119092469,71.27395119092469,3888743
1,3888743,81.44697364198306,91.65364030864973,0
