Operator,Task,Start,Finish,Successor
1,3895944,0.0,10.62,3894334
1,3894334,21.077672289896313,31.711005623229646,3895965
1,3895965,42.168677913125975,52.78867791312597,0
2,3895975,0.0,10.62,3881063
2,3881063,21.09720708275775,31.69720708275775,3895955
2,3895955,42.174414165515515,52.79441416551551,0
