Operator,Task,Start,Finish,Successor
1,3887869,1.7763568394002505e-15,11.223333333333334,3890088
1,3890088,21.999143678401484,33.22247701173482,3894536
1,3894536,43.99828735680296,55.2216206901363,0
2,3894143,0.0,11.223333333333333,3891044
2,3891044,21.999143678401477,33.22247701173481,3894522
2,3894522,43.99828735680296,55.22162069013629,0
