Operator,Task,Start,Finish,Successor
1,3880930,0.0,10.353333333333333,3882303
1,3882303,20.897671731759377,31.324338398426043,0
2,3880843,0.0,10.33,3879826
2,3879826,20.90767173175938,31.324338398426043,0
3,3873024,0.0,10.353333333333333,3877204
3,3877204,20.774338398426043,31.324338398426043,0
4,3889611,0.0,10.406666666666666,3888497
4,3888497,20.708060613671563,31.061393947004895,0
5,3883563,0.0,10.356666666666667,3881372
5,3881372,20.680386091227476,31.047052757894143,0
