Operator_ID,Sequence_Rank,From_Node,To_Node,Activity_Type,Travel_Time,Start_Service,Finish_Service,Processing_Time
1,1,0,3894355,Service,10.733950074650815,0.0,11.33,11.33
1,2,3894355,3894339,Service,11.010227859405305,22.34022785940529,33.67022785940529,11.329999999999998
1,3,3894339,3894371,Service,11.010227859405305,44.68045571881058,56.010455718810576,11.329999999999998
1,4,3894371,3894431,Service,11.010227859405305,67.02068357821587,78.35068357821586,11.329999999999998
1,5,3894431,3885441,Service,10.993483751238367,89.34416732945422,100.59416732945422,11.25
1,6,3885441,3894314,Service,10.993483751238367,111.58765108069258,122.91765108069258,11.329999999999998
1,7,3894314,3894403,Service,11.010227859405305,133.92787894009786,145.25787894009787,11.330000000000013
1,8,3894403,3894387,Service,11.010227859405305,156.26810679950316,167.59810679950317,11.330000000000013
1,9,3894387,0,Return to Base,10.733950074650815,,,
