Operator_ID,Sequence_Rank,From_Node,To_Node,Activity_Type,Travel_Time,Start_Service,Finish_Service,Processing_Time
1,1,0,3891294,Service,11.174878256380202,0.0,11.21,11.21
1,2,3891294,3882059,Service,10.764647606290204,21.974647606290198,33.1846476062902,11.21
1,3,3882059,0,Return to Base,11.174878256380202,,,
2,1,0,3887139,Service,11.174878256380202,0.0,11.21,11.21
2,2,3887139,3886983,Service,10.764647606290204,21.974647606290198,33.1846476062902,11.21
2,3,3886983,0,Return to Base,11.174878256380202,,,
3,1,0,3891529,Service,11.174878256380202,0.0,11.21,11.21
3,2,3891529,0,Return to Base,11.174878256380202,,,
