Operator,Task,Start,Finish,Successor
1,3879755,0.0,10.753333333333334,3878927
1,3878927,21.54867847126292,32.302011804596255,3878969
1,3878969,43.09735694252584,53.85069027585918,3879719
1,3879719,64.64603541378877,75.3993687471221,3879697
1,3879697,86.19471388505168,96.94804721838501,3878951
1,3878951,107.7433923563146,118.49672568964793,3879678
1,3879678,129.2920708275775,140.04540416091083,3878989
1,3878989,150.84074929884042,161.59408263217375,0
