Operator,Task,Start,Finish,Successor
1,3879707,0.0,11.209999999999866,3878358
1,3878358,21.974647606290063,33.18464760629006,3885446
1,3885446,43.94929521258026,55.15929521258026,3878779
1,3878779,65.92394281887046,77.13394281887045,3878531
1,3878531,87.89859042516065,99.10859042516066,3890495
1,3890495,109.87323803145085,121.08323803145086,3885109
1,3885109,131.84788563774106,143.05788563774107,3888421
1,3888421,153.82253324403126,165.03253324403127,0
