Operator_ID,Sequence_Rank,From_Node,To_Node,Activity_Type,Travel_Time,Start_Service,Finish_Service,Processing_Time
1,1,0,3886437,Service,10.923716633876122,0.0,10.466666666666667,10.466666666666667
1,2,3886437,3871777,Service,10.611159948093265,21.07782661475995,31.571159948093282,10.493333333333332
1,3,3871777,3886469,Service,10.611159948093265,42.182319896186556,52.648986562853224,10.466666666666669
1,4,3886469,0,Return to Base,10.923716633876122,,,
2,1,0,3886412,Service,10.923716633876122,0.0,10.466666666666667,10.466666666666667
2,2,3886412,3886464,Service,10.454881605201836,20.921548271868517,31.388214938535185,10.466666666666669
2,3,3886464,3886452,Service,10.454881605201836,41.84309654373703,52.3097632104037,10.466666666666669
2,4,3886452,3886423,Service,10.454881605201836,62.76464481560555,73.23131148227222,10.466666666666669
2,5,3886423,0,Return to Base,10.923716633876122,,,
