Operator,Task,Start,Finish,Successor
1,3877822,0.0,11.21,3878265
1,3878265,21.974647606290205,33.184647606290206,3886851
1,3886851,43.94929521258041,55.15929521258041,3890483
1,3890483,65.92394281887061,77.13394281887062,0
2,3884307,-1.7763568394002505e-15,11.209999999999999,3884377
2,3884377,21.974647606290205,33.184647606290206,3890876
2,3890876,43.94929521258041,55.15929521258041,0
