Operator_ID,Sequence_Rank,From_Node,To_Node,Activity_Type,Travel_Time,Start_Service,Finish_Service,Processing_Time
1,1,0,3877072,Service,11.370226184994488,0.0,10.853333333333333,10.853333333333333
1,2,3877072,3886371,Service,10.426974758256938,21.28030809159013,31.733641424923462,10.453333333333333
1,3,3886371,3877061,Service,10.426974758256938,42.160616182180405,53.01394951551374,10.853333333333332
1,4,3877061,3876976,Service,10.477207082757754,63.49115657743176,74.34448991076509,10.853333333333332
1,5,3876976,3876984,Service,10.477207082757754,84.82169699352283,95.67503032685617,10.853333333333339
1,6,3876984,3883088,Service,10.622322686871223,106.29735301372739,117.08401968039405,10.786666666666662
1,7,3883088,0,Return to Base,11.314412491104692,,,
