Operator,Task,Start,Finish,Successor
1,3884985,0.0,11.7545899446861,0
2,3889372,0.0,11.620000000000001,3889365
2,3889365,22.87580811252042,34.49580811252042,0
3,3885002,0.0,11.620000000000001,3884890
3,3884890,22.87580811252042,34.49580811252042,0
