Operator_ID,Sequence_Rank,From_Node,To_Node,Activity_Type,Travel_Time,Start_Service,Finish_Service,Processing_Time
1,1,0,3890273,Service,11.174878256380202,1.7763568394002505e-15,10.130000000000003,10.13
1,2,3890273,3888063,Service,10.108836703085101,20.238836703085106,30.36550336975177,10.126666666666665
1,3,3888063,3888109,Service,10.106046018390613,40.47154938814237,50.598216054809036,10.126666666666665
1,4,3888109,3888427,Service,10.106046018390613,60.70426207319963,70.8309287398663,10.126666666666665
1,5,3888427,0,Return to Base,11.174878256380202,,,
2,1,0,3890316,Service,11.174878256380202,1.7763568394002505e-15,10.130000000000003,10.13
2,2,3890316,3890359,Service,10.108836703085101,20.2388367030851,30.3688367030851,10.130000000000003
2,3,3890359,3890319,Service,10.108836703085101,40.4776734061702,50.6076734061702,10.130000000000003
2,4,3890319,0,Return to Base,11.174878256380202,,,
