Operator,Task,Start,Finish,Successor
1,3877571,0.0,10.32630100223237,3888315
1,3888315,20.45467249817891,30.637640167077947,3877563
1,3877563,40.76322097833,51.08618864722903,0
2,3877569,1.7763568394002505e-15,10.286301002232372,3888294
2,3888294,20.42019852727163,30.606499529504,3891466
2,3891466,40.779521980562365,51.08618864722903,0
