Operator,Task,Start,Finish,Successor
1,3880395,0.0,10.0,3880371
1,3880371,20.50232324500817,30.50232324500817,0
2,3881149,0.0,10.306666666666667,0
3,3880385,0.0,10.0,3880406
3,3880406,20.50232324500817,30.50232324500817,0
