Operator_ID,Sequence_Rank,From_Node,To_Node,Activity_Type,Travel_Time,Start_Service,Finish_Service,Processing_Time
1,1,0,3880374,Service,11.113483193101427,0.0,10.42,10.42
1,2,3880374,3880038,Service,10.332091478644285,20.75209147864429,31.07209147864429,10.32
1,3,3880038,3880071,Service,10.26232436128204,41.33441583992633,51.65441583992633,10.32
1,4,3880071,3880079,Service,10.26232436128204,61.91674020120837,72.23674020120836,10.319999999999993
1,5,3880079,3894216,Service,10.301393947004897,82.53813414821326,92.94813414821326,10.409999999999997
1,6,3894216,0,Return to Base,10.95720485021,,,
