Operator_ID,Sequence_Rank,From_Node,To_Node,Activity_Type,Travel_Time,Start_Service,Finish_Service,Processing_Time
1,1,0,3876954,Service,10.0,0.0,10.59,10.59
1,2,3876954,3886388,Service,10.636276110343672,21.226276110343672,31.799609443677006,10.573333333333334
1,3,3886388,3882198,Service,10.502323245008164,42.30193268868518,52.90193268868518,10.600000000000001
1,4,3882198,3882240,Service,10.521858037869592,63.42379072655477,74.02379072655476,10.599999999999994
1,5,3882240,0,Return to Base,10.0,,,
