Operator,Task,Start,Finish,Successor
1,3878855,0.0,11.223333333333333,3880041
1,3880041,21.999143678401477,33.22247701173481,3883227
1,3883227,43.99828735680296,55.22162069013629,3881741
1,3881741,65.99743103520444,77.22076436853777,0
2,3878878,0.0,11.223333333333333,3888520
2,3888520,21.999143678401477,33.22247701173481,3885011
2,3885011,43.99828735680296,55.22162069013629,3881230
2,3881230,65.99743103520444,77.22076436853777,0
