Operator_ID,Sequence_Rank,From_Node,To_Node,Activity_Type,Travel_Time,Start_Service,Finish_Service,Processing_Time
1,1,0,3883586,Service,11.199994418630611,0.0,10.193333333333333,10.193333333333333
1,2,3883586,3886809,Service,10.159069027585918,20.352402360919264,30.54240236091926,10.189999999999998
1,3,3886809,3883474,Service,10.159069027585918,40.70147138850519,50.894804721838526,10.193333333333335
1,4,3883474,3886874,Service,10.159069027585918,61.053873749424454,71.24387374942445,10.189999999999998
1,5,3886874,3886870,Service,10.159069027585918,81.40294277701038,91.59294277701038,10.189999999999998
1,6,3886870,3883494,Service,10.159069027585918,101.75201180459631,111.94534513792964,10.193333333333328
1,7,3883494,3886623,Service,10.159069027585918,122.10441416551556,132.29441416551558,10.190000000000012
1,8,3886623,3883246,Service,10.159069027585918,142.4534831931015,152.64681652643483,10.193333333333328
1,9,3883246,0,Return to Base,11.199994418630611,,,
