Operator,Task,Start,Finish,Successor
1,3886472,0.0,10.373333333333333,3890633
1,3890633,20.73054097422804,31.10054097422804,3885792
1,3885792,41.45774861512274,51.831081948456074,3888115
1,3888115,62.18828958935078,72.55828958935078,3886547
1,3886547,82.91549723024548,93.28883056357881,0
