Operator_ID,Sequence_Rank,From_Node,To_Node,Activity_Type,Travel_Time,Start_Service,Finish_Service,Processing_Time
1,1,0,3879692,Service,11.381388923772448,0.0,10.176666666666666,10.176666666666666
1,2,3879692,3879680,Service,10.14790628880796,20.32457295547463,30.501239622141295,10.176666666666666
1,3,3879680,0,Return to Base,11.381388923772448,,,
2,1,0,3879705,Service,11.381388923772448,0.0,10.176666666666666,10.176666666666666
2,2,3879705,3879686,Service,10.14790628880796,20.324572955474626,30.50123962214129,10.176666666666666
2,3,3879686,0,Return to Base,11.381388923772448,,,
