Operator,Task,Start,Finish,Successor
1,3874354,0.0,10.583333333333334,3886972
1,3886972,20.996354668117824,31.48302133478449,3876734
1,3876734,41.898833354263466,52.5421666875968,3876740
1,3876740,63.072396779549855,73.7157301128832,0
