Operator_ID,Sequence_Rank,From_Node,To_Node,Activity_Type,Travel_Time,Start_Service,Finish_Service,Processing_Time
1,1,0,3887055,Service,10.95720485021,0.0,10.0,10.0
1,2,3887055,3888571,Service,10.597206524620816,20.597206524620816,30.597206524620816,10.0
1,3,3888571,3888488,Service,10.661392272594082,41.2585987972149,51.2585987972149,10.0
1,4,3888488,0,Return to Base,11.046506760433672,,,
2,1,0,3888548,Service,11.046506760433672,0.0,10.0,10.0
2,2,3888548,3888522,Service,10.661392272594082,20.661392272594085,30.661392272594085,10.0
2,3,3888522,3888452,Service,10.661392272594082,41.32278454518817,51.32278454518817,10.0
2,4,3888452,0,Return to Base,11.046506760433672,,,
