Operator,Task,Start,Finish,Successor
1,3883260,0.0,11.223333333333244,3884000
1,3884000,21.999143678401396,33.222477011734725,3883531
1,3883531,43.99828735680288,55.221620690136206,3883129
1,3883129,65.99743103520436,77.22076436853769,3880446
1,3880446,87.99657471360584,99.21990804693917,3881877
1,3881877,109.99571839200732,121.21905172534065,3883268
1,3883268,131.9948620704088,143.21819540374213,3883998
1,3883998,153.99400574881028,165.2173390821436,0
