Operator_ID,Sequence_Rank,From_Node,To_Node,Activity_Type,Travel_Time,Start_Service,Finish_Service,Processing_Time
1,1,0,3880410,Service,11.199994418630611,0.0,10.0,10.0
1,2,3880410,3880352,Service,10.387905172534081,20.38790517253409,30.38790517253409,10.0
1,3,3880352,3880421,Service,10.387905172534081,40.77581034506818,50.77581034506818,10.0
1,4,3880421,3880215,Service,10.387905172534081,61.16371551760227,71.16371551760227,10.0
1,5,3880215,3880756,Service,10.387905172534081,81.55162069013636,91.55162069013636,10.0
1,6,3880756,3880319,Service,10.387905172534081,101.93952586267045,111.93952586267045,10.0
1,7,3880319,3880358,Service,10.387905172534081,122.32743103520454,132.32743103520454,10.0
1,8,3880358,0,Return to Base,11.199994418630611,,,
