Operator_ID,Sequence_Rank,From_Node,To_Node,Activity_Type,Travel_Time,Start_Service,Finish_Service,Processing_Time
1,1,0,3876639,Service,11.504179050329999,0.0,10.22,10.22
1,2,3876639,3871742,Service,10.245580253115103,20.46558025311511,30.712246919781776,10.246666666666666
1,3,3871742,0,Return to Base,10.0,,,
2,1,0,3876659,Service,11.504179050329999,0.0,10.22,10.22
2,2,3876659,0,Return to Base,11.504179050329999,,,
3,1,0,3876671,Service,11.504179050329999,0.0,10.22,10.22
3,2,3876671,3871750,Service,10.245580253115103,20.46558025311511,30.712246919781776,10.246666666666666
3,3,3871750,0,Return to Base,10.0,,,
