Operator,Task,Start,Finish,Successor
1,3886796,0.0,11.21,3886817
1,3886817,21.974647606290198,33.1846476062902,3883386
1,3883386,43.949295212580395,55.159295212580396,3883497
1,3883497,65.92394281887059,77.1339428188706,3878003
1,3878003,87.89859042516079,99.1085904251608,0
