Operator,Task,Start,Finish,Successor
1,3881509,0.0,11.223333333333333,3883240
1,3883240,21.999143678401477,33.22247701173481,0
2,3883237,0.0,11.223333333333333,3883276
2,3883276,21.999143678401477,33.22247701173481,0
3,3882238,-1.7763568394002505e-15,11.223333333333331,3883013
3,3883013,21.999143678401477,33.22247701173481,0
