Operator,Task,Start,Finish,Successor
1,3890025,0.0,10.233717948717949,3877498
1,3877498,20.364880129358962,30.625264744743575,3891395
1,3891395,40.7285200784397,50.855186745106366,3878216
1,3878216,60.96123276349698,71.07123276349698,0
