Operator,Task,Start,Finish,Successor
1,3879918,0.0,10.423333333333334,3878850
1,3878850,20.744262073199664,31.107595406532997,3879935
1,3879935,41.428524146399326,51.85185747973266,3874684
1,3874684,62.16441416551551,72.5144141655155,3879905
1,3879905,82.82697085129836,93.25030418463169,3878861
1,3878861,103.57123292449802,113.93456625783135,3879909
1,3879909,124.25549499769768,134.678828331031,3879928
1,3879928,145.0332452872312,155.45657862056456,0
