Operator,Task,Start,Finish,Successor
1,3876908,0.0,10.316666666666666,3879232
1,3879232,20.632014037144007,30.982014037144005,3884340
1,3884340,41.28898935353788,51.64898935353788,0
2,3883348,0.0,10.396666666666667,3873945
2,3873945,41.26689620048279,51.67689620048279,0
