Operator,Task,Start,Finish,Successor
1,3888074,0.0,10.396666666666667,3880970
1,3880970,20.703641983060542,31.05030864972721,3880957
1,3880957,41.33774917325967,51.68441583992633,3880951
1,3880951,61.971856363458784,72.31852303012545,3880980
1,3880980,82.6059635536579,92.95263022032456,0
