Operator,Task,Start,Finish,Successor
1,3885205,0.0,10.656666666666666,3885162
1,3885162,21.172943335147266,31.829610001813933,3885216
1,3885216,42.34588667029453,53.0025533369612,3885181
1,3885181,63.5188300054418,74.17549667210847,0
2,3888150,0.0,10.753333333333334,3888100
2,3888100,21.264028632424953,31.924028632424953,3885231
2,3885231,42.44309598560005,53.09976265226672,0
