Operator,Task,Start,Finish,Successor
1,3871445,0.0,10.46,3880181
1,3880181,20.909300235812854,31.33596690247952,3871410
1,3871410,41.78526713829237,52.24526713829237,0
2,3880228,0.0,10.426666666666666,3871428
2,3871428,20.875966902479515,31.335966902479516,3880198
2,3880198,41.78526713829237,52.21193380495903,0
