Operator,Task,Start,Finish,Successor
1,3878458,0.0,10.183333333333334,3887875
1,3887875,20.317286198668846,30.477286198668846,3883957
1,3883957,40.611239064004366,50.76790573067103,0
2,3884705,0.0,10.156666666666666,3883532
2,3883532,20.28782884730768,30.444495513974346,3883607
2,3883607,40.57565769461536,50.732324361282025,3883735
2,3883735,60.86348654192304,71.0201532085897,0
