Operator,Task,Start,Finish,Successor
1,3880098,0.0,10.65,3880606
1,3880606,21.194183515425507,31.840850182092176,3879059
1,3879059,42.38224301282318,53.02890967948985,3879061
1,3879061,63.57309319491536,74.22975986158202,3880400
1,3880400,84.77394337700756,95.43394337700755,0
2,3879058,0.0,10.673333333333334,3879087
2,3879087,42.29441360737856,52.977746940711896,3879064
2,3879064,63.533093194915374,74.22975986158204,3880125
2,3880125,84.77394337700756,95.43394337700755,0
