Operator,Task,Start,Finish,Successor
1,3878241,0.0,10.176666666666666,3879153
1,3879153,20.35309989255865,30.529766559225315,0
2,3888128,0.0,10.166666666666666,3878173
2,3878173,20.356433225891983,30.529766559225315,0
3,3883142,0.0,10.186666666666667,3878383
3,3878383,20.337363640169116,30.510696973502448,0
4,3881064,0.0,10.19,3878196
4,3878196,20.34348765819695,30.51682099153028,0
