Operator,Task,Start,Finish,Successor
1,3874534,0.0,10.29,3874515
1,3874515,20.449069027585928,30.739069027585927,3874508
1,3874508,40.898138055171856,51.188138055171855,3881810
1,3881810,61.35836982153574,71.56170315486906,3878875
1,3878875,81.73193492123295,91.90860158789961,3882324
1,3882324,102.0788333542635,112.28216668759683,3888155
1,3888155,122.46077050804416,132.65077050804416,0
