Operator,Task,Start,Finish,Successor
1,3888270,0.0,10.466666666666667,3876778
1,3876778,20.896432109618118,31.413098776284784,3874995
1,3874995,41.86239901209761,52.37906567876428,0
2,3889483,0.0,10.466666666666667,3874987
2,3874987,20.918757587174014,31.43542425384068,3874978
2,3874978,41.86239901209761,52.37906567876428,0
