Operator,Task,Start,Finish,Successor
1,3871870,0.0,11.223333333333333,3883378
1,3883378,21.999143678401477,33.22247701173481,0
2,3882360,0.0,11.223333333333333,3884467
2,3884467,21.999143678401477,33.22247701173481,0
3,3872949,-1.7763568394002505e-15,11.223333333333331,3880396
3,3880396,21.999143678401477,33.22247701173481,0
