Operator,Task,Start,Finish,Successor
1,3888067,0.0,10.75,3880838
1,3880838,21.458833912400408,32.45216724573374,0
2,3871462,0.0,10.75,3880849
2,3880849,21.514647606290197,32.50798093962353,0
