Operator,Task,Start,Finish,Successor
1,3885341,0.0,11.236666666666666,3871687
1,3871687,22.28875479648933,33.61725524338262,0
2,3885367,0.0,11.273333333333333,3877548
2,3877548,22.328212147850472,33.6115454811838,0
3,3871692,0.0,11.358500446893295,0
4,3885336,0.0,11.26,3890096
4,3890096,22.317669499211636,33.61766949921164,0
