Operator,Task,Start,Finish,Successor
1,3883330,0.0,10.806666666666667,3883365
1,3883365,21.54340742601198,32.350074092678646,3873085
1,3873085,43.03379184282865,53.60379184282865,3883352
1,3883352,64.28750959297867,75.09417625964534,0
2,3887235,0.0,11.023904692576965,3883340
2,3883340,21.679715595782064,32.48638226244873,3883072
2,3883072,43.223123021794045,54.02978968846071,0
