Operator,Task,Start,Finish,Successor
1,3879744,-1.7763568394002505e-14,10.816666666666649,3876679
1,3876679,20.816666666666656,31.686666666666653,3896089
1,3896089,41.68666666666666,52.55333333333333,0
2,3889738,0.0,10.903333333333332,3876990
2,3876990,21.723794633513343,32.64046130018001,0
