Operator,Task,Start,Finish,Successor
1,3888363,0.0,10.413333333333334,3888122
1,3888122,20.809610559950876,31.22294389328421,3888307
1,3888307,41.61922111990175,52.032554453235086,3888225
1,3888225,62.42883167985263,72.84216501318596,3888132
1,3888132,83.2384422398035,93.65177557313683,3888146
1,3888146,104.04805279975437,114.4613861330877,3888157
1,3888157,124.85766335970524,135.27099669303857,3884855
1,3884855,145.6672739196561,156.0939405863228,3888368
1,3888368,166.49021781294033,176.90355114627366,0
