Operator,Task,Start,Finish,Successor
1,3879821,0.0,10.82,3879841
1,3879841,21.46185747973265,32.28185747973265,3879799
1,3879799,42.9237149594653,53.7437149594653,0
