Operator_ID,Sequence_Rank,From_Node,To_Node,Activity_Type,Travel_Time,Start_Service,Finish_Service,Processing_Time
1,1,0,3880241,Service,11.504179050329999,0.0,10.6,10.6
1,2,3880241,3879842,Service,10.38511448783959,20.98511448783959,30.98511448783959,10.0
1,3,3879842,3880213,Service,10.38511448783959,41.370228975679176,51.97022897567918,10.600000000000001
1,4,3880213,3880230,Service,10.507904614397143,62.478133590076325,73.07813359007632,10.599999999999994
1,5,3880230,3881085,Service,10.51627666848061,83.59441025855693,94.19441025855693,10.599999999999994
1,6,3881085,0,Return to Base,10.0,,,
