Operator,Task,Start,Finish,Successor
1,3880894,0.0,10.18,3885633
1,3885633,20.32511560411347,30.498448937446803,3880792
1,3880792,40.64356454156027,50.82356454156027,3872036
1,3872036,60.97426151506272,71.16759484839605,0
