Operator,Task,Start,Finish,Successor
1,3894225,0.0,11.086666666666666,3884722
1,3884722,21.823407426011975,32.85340742601198,3894237
1,3894237,43.590148185357286,54.67681485202395,3890396
1,3890396,65.44704382770313,76.53371049436979,3894203
1,3894203,87.26766056902059,98.30766056902058,3894256
1,3894256,109.04161064367139,120.15161064367139,3894207
1,3894207,130.8855607183222,141.9255607183222,3890397
1,3890397,152.659510792973,163.769510792973,0
