Operator,Task,Start,Finish,Successor
1,3883369,0.0,10.676666666666666,0
2,3883466,0.0,10.676666666666666,3883048
2,3883048,21.480383858679733,32.1570505253464,0
3,3883333,0.0,10.676666666666666,3883078
3,3883078,21.480383858679733,32.1570505253464,0
4,3883104,0.0,10.676666666666666,3883323
4,3883323,21.480383858679733,32.1570505253464,0
