Operator,Task,Start,Finish,Successor
1,3882868,0.0,10.54,3882853
1,3882853,20.98092818172939,31.52092818172939,3882848
1,3882848,41.96185636345878,52.50185636345878,3882863
1,3882863,62.94278454518817,73.48278454518817,3882856
1,3882856,83.92371272691756,94.46371272691755,3882847
1,3882847,104.90464090864694,115.44464090864693,3882882
1,3882882,125.88556909037632,136.4255690903763,0
