Operator,Task,Start,Finish,Successor
1,3877160,0.0,10.09,3880625
1,3880625,20.218371495946524,30.538371495946524,0
2,3877171,0.0,10.09,3880661
2,3880661,20.218371495946524,30.538371495946524,0
3,3876620,0.0,10.16,0
