Operator,Task,Start,Finish,Successor
1,3885621,0.0,10.433333333333223,3885477
1,3885477,20.757052757894044,31.190386091227378,3885560
1,3885560,41.5141055157882,51.94743884912154,3885519
1,3885519,62.27115827368236,72.7044916070157,0
