Operator_ID,Sequence_Rank,From_Node,To_Node,Activity_Type,Travel_Time,Start_Service,Finish_Service,Processing_Time
1,1,0,3873668,Service,11.487434942163059,-1.7763568394002505e-15,10.281417762803624,10.281417762803626
1,2,3873668,3874767,Service,10.117208757168571,20.398626519972197,30.535293186638864,10.136666666666667
1,3,3874767,3877593,Service,10.142324919418979,40.67761810605784,50.950951439391176,10.273333333333333
1,4,3877593,3873663,Service,10.142324919418979,61.09327635881014,71.40136078828043,10.308084429470291
1,5,3873663,3878753,Service,10.142324919418979,81.54368570769941,91.8136857076994,10.269999999999996
1,6,3878753,3877582,Service,10.142324919418979,101.95601062711837,112.26601062711838,10.310000000000002
1,7,3877582,3878755,Service,10.170231766363877,122.43624239348225,132.74624239348225,10.310000000000002
1,8,3878755,0,Return to Base,11.462318779912652,,,
