Operator_ID,Sequence_Rank,From_Node,To_Node,Activity_Type,Travel_Time,Start_Service,Finish_Service,Processing_Time
1,1,0,3879279,Service,10.505113929702652,0.0,11.273333333333333,11.273333333333333
1,2,3879279,3882195,Service,11.010227859405305,22.283561192738624,33.52022785940529,11.236666666666665
1,3,3882195,3879284,Service,10.0,43.52022785940529,53.52022785940529,10.0
1,4,3879284,3891071,Service,10.0,63.52022785940529,74.81689452607196,11.296666666666674
1,5,3891071,3891411,Service,11.007437174710816,85.82433170078278,95.82433170078278,10.0
1,6,3891411,3891383,Service,10.0,105.82433170078278,115.82433170078278,10.0
1,7,3891383,0,Return to Base,10.0,,,
