Operator,Task,Start,Finish,Successor
1,3894506,0.0,11.0,3894544
1,3894544,21.97115827368245,32.97115827368245,0
2,3894561,0.0,11.0,3894602
2,3894602,21.97115827368245,32.97115827368245,0
3,3894463,0.0,11.0,3894577
3,3894577,21.97115827368245,32.97115827368245,0
4,3894405,0.0,11.0,3894457
4,3894457,21.97115827368245,32.97115827368245,0
