Operator,Task,Start,Finish,Successor
1,3884850,0.0,11.223333333333333,3883484
1,3883484,21.999143678401484,33.22247701173482,3891207
1,3891207,43.99828735680297,55.221620690136305,3883382
1,3883382,65.99743103520446,77.22076436853779,0
2,3885821,0.0,11.223333333333333,3885397
2,3885397,21.999143678401484,33.22247701173482,3886613
2,3886613,43.99828735680297,55.221620690136305,0
