Operator,Task,Start,Finish,Successor
1,3888224,0.0,10.327051282051283,3878727
1,3878727,20.488910994331686,30.7092956097163,3873725
1,3873725,40.82371368219038,51.09371368219038,3888182
1,3888182,61.208131754664464,71.42518303671575,3884783
1,3884783,81.53960110918983,91.84293444252316,3891447
1,3891447,102.01316620888704,112.31983287555371,0
