Operator,Task,Start,Finish,Successor
1,3880900,0.0,10.593333333333334,3886386
1,3886386,21.1458889028423,31.739222236175635,3880959
1,3880959,42.2917778056846,52.88511113901794,3888041
1,3888041,63.4181319156655,73.99146524899884,3880834
1,3880834,84.5244860256464,95.11781935897973,3888416
1,3888416,105.66758424379422,116.26091757712756,3880928
1,3880928,126.81068246194205,137.40401579527537,0
