Operator,Task,Start,Finish,Successor
1,3883530,0.0,10.556666666666667,3876702
1,3876702,20.930618415728297,31.550618415728295,3883517
1,3883517,41.92457016478993,52.48123683145659,3883537
1,3883537,62.902630220324546,73.45929688699121,3883098
1,3883098,83.88069027585917,94.43735694252584,0
