Operator,Task,Start,Finish,Successor
1,3885395,-1.7763568394002505e-15,10.129999999999999,3882014
1,3882014,20.233255333696135,30.37658866702947,3883068
1,3883068,40.46868126194764,50.57868126194764,3882010
1,3882010,60.67077385686581,70.81410719019914,0
2,3885412,0.0,10.126666666666667,3885530
2,3885530,20.227131315668288,30.353797982334953,3885484
2,3885484,40.454262631336576,50.58092929800324,3882007
2,3882007,60.681393947004864,70.8247272803382,0
