Operator,Task,Start,Finish,Successor
1,3884956,0.0,10.386666666666667,3887799
1,3887799,20.875036488202383,31.308369821535717,3885057
1,3885057,41.79673964307143,52.1834063097381,3885026
1,3885026,62.67456681596832,73.06123348263499,0
2,3885102,0.0,10.386666666666667,3884977
2,3884977,20.877827172896886,31.264493839563553,3885135
2,3885135,41.75565434579377,52.14232101246044,3885088
2,3885088,62.63348151869066,73.02014818535733,0
