Operator_ID,Sequence_Rank,From_Node,To_Node,Activity_Type,Travel_Time,Start_Service,Finish_Service,Processing_Time
1,1,0,3880731,Service,10.658601587899591,0.0,11.293333333333333,11.293333333333333
1,2,3880731,3877629,Service,11.102320454323468,22.395653787656794,33.76454241429236,11.368888626635563
1,3,3877629,3871718,Service,11.093948400239999,44.85849081453237,56.2018241478657,11.343333333333334
1,4,3871718,3879143,Service,11.093948400239999,67.2957725481057,78.6679945080746,11.372221959968897
1,5,3879143,3877628,Service,11.093948400239999,89.76194290831461,101.0619429083146,11.299999999999997
1,6,3877628,3877564,Service,11.135808670657346,112.19775157897196,123.4910849123053,11.293333333333337
1,7,3877564,3877666,Service,11.135808670657346,134.62689358296265,145.960226916296,11.333333333333343
1,8,3877666,0,Return to Base,10.602787894009795,,,
