Operator_ID,Sequence_Rank,From_Node,To_Node,Activity_Type,Travel_Time,Start_Service,Finish_Service,Processing_Time
1,1,0,3894225,Service,11.453946725829182,0.0,11.086666666666666,11.086666666666666
1,2,3894225,3884722,Service,10.736740759345306,21.823407426011975,32.85340742601198,11.030000000000001
1,3,3884722,3894237,Service,10.736740759345306,43.590148185357286,54.67681485202395,11.086666666666666
1,4,3894237,3890396,Service,10.770228975679183,65.44704382770313,76.53371049436979,11.086666666666659
1,5,3890396,3894203,Service,10.733950074650815,87.26766056902059,98.30766056902058,11.039999999999992
1,6,3894203,3894256,Service,10.733950074650815,109.04161064367139,120.15161064367139,11.11
1,7,3894256,3894207,Service,10.733950074650815,130.8855607183222,141.9255607183222,11.039999999999992
1,8,3894207,3890397,Service,10.733950074650815,152.659510792973,163.769510792973,11.109999999999985
1,9,3890397,0,Return to Base,10.0,,,
