Operator,Task,Start,Finish,Successor
1,3871763,0.0,11.223333333333333,3873279
1,3873279,21.999143678401484,33.22247701173482,3872757
1,3872757,43.99828735680297,55.221620690136305,0
2,3871852,0.0,11.223333333333333,3871627
2,3871627,21.999143678401484,33.22247701173482,3873265
2,3873265,43.99828735680297,55.221620690136305,0
