Operator,Task,Start,Finish,Successor
1,3885612,0.0,10.173333333333334,3885009
1,3885009,20.318448937446803,30.491782270780135,3885583
1,3885583,40.636897874893606,50.81023120822694,3885194
1,3885194,60.95534681234041,71.12868014567374,3885239
1,3885239,81.27379574978721,91.44712908312054,0
2,3885545,0.0,10.173333333333334,3885607
2,3885607,20.318448937446803,30.491782270780135,3885435
2,3885435,40.636897874893606,50.81023120822694,3885234
2,3885234,60.95534681234041,71.12868014567374,0
