Operator_ID,Sequence_Rank,From_Node,To_Node,Activity_Type,Travel_Time,Start_Service,Finish_Service,Processing_Time
1,1,0,3884745,Service,10.54697420012,0.0,11.302967668899035,11.302967668899035
1,2,3884745,3885878,Service,11.0660415532951,22.369009222194126,33.59197689109316,11.222967668899035
1,3,3885878,3888331,Service,11.057669499211631,44.64964639030481,55.83297972363814,11.18333333333333
1,4,3888331,0,Return to Base,10.555346254203469,,,
2,1,0,3885272,Service,10.572090362370407,0.0,11.276301002232369,11.276301002232369
2,2,3885272,3891379,Service,11.035344021655714,22.31164502388808,33.51127935945378,11.199634335565701
2,3,3891379,3885264,Service,11.035344021655714,44.546623381109484,55.82292438334186,11.276301002232373
2,4,3885264,0,Return to Base,10.572090362370407,,,
