Operator,Task,Start,Finish,Successor
1,3887371,0.0,10.236666666666666,3878603
1,3878603,20.412479802419526,30.67581313575286,3888327
1,3888327,40.85162627150572,51.09829293817239,0
2,3873563,0.0,10.27,3881663
2,3881663,20.403952865335512,30.734532738921388,3883688
2,3883688,40.868485604256904,51.11515227092357,0
