Operator,Task,Start,Finish,Successor
1,3881291,0.0,10.176666666666666,3889342
1,3889342,20.32457295547464,30.501239622141306,3881177
1,3881177,40.64914591094928,50.82581257761595,3880166
1,3880166,60.97371886642392,71.15038553309058,0
2,3889386,0.0,10.176666666666666,3881471
2,3881471,20.32457295547464,30.501239622141306,3881365
2,3881365,40.64914591094928,50.82581257761595,3889411
2,3889411,60.97371886642392,71.15038553309058,0
