Operator_ID,Sequence_Rank,From_Node,To_Node,Activity_Type,Travel_Time,Start_Service,Finish_Service,Processing_Time
1,1,0,3888190,Service,10.692089804233468,0.0,11.086666666666666,11.086666666666666
1,2,3888190,3888188,Service,10.848368147124898,21.935034813791553,32.94170148045822,11.006666666666668
1,3,3888188,0,Return to Base,10.68092706545551,,,
2,1,0,3888187,Service,10.725578020567346,0.0,11.093333333333334,11.093333333333334
2,2,3888187,3885458,Service,10.859530885902856,21.952864219236204,32.92953088590287,10.976666666666667
2,3,3885458,0,Return to Base,10.641857479732652,,,
3,1,0,3890014,Service,10.66418295728857,0.0,11.026666666666667,11.026666666666667
3,2,3890014,3888191,Service,10.870693624680815,21.8973602913475,32.92402695801417,11.026666666666667
3,3,3888191,0,Return to Base,10.66418295728857,,,
