Operator,Task,Start,Finish,Successor
1,3888406,0.0,10.733333333333333,0
2,3888412,0.0,10.733333333333333,3878709
2,3878709,20.733333333333334,31.446666666666665,0
3,3888381,0.0,10.733333333333333,3878768
3,3878768,20.733333333333334,31.446666666666665,0
4,3878788,0.0,10.713333333333333,3887613
4,3887613,20.71333333333333,31.446666666666665,0
