Operator_ID,Sequence_Rank,From_Node,To_Node,Activity_Type,Travel_Time,Start_Service,Finish_Service,Processing_Time
1,1,0,3878746,Service,10.636276110343672,3.552713678800501e-15,11.210000000000004,11.21
1,2,3878746,3891446,Service,11.015809228794284,22.225809228794297,33.53247589546096,11.306666666666665
1,3,3891446,3884803,Service,11.015809228794284,44.548285124255266,55.950128210216576,11.40184308596131
1,4,3884803,0,Return to Base,10.613950632787754,,,
2,1,0,3878744,Service,10.613950632787754,0.0,11.256666666666666,11.256666666666666
2,2,3878744,3891445,Service,11.029762652266733,22.286429318933394,33.566429318933395,11.280000000000001
2,3,3891445,3878739,Service,11.029762652266733,44.59619197120012,55.92803505716143,11.33184308596131
2,4,3878739,0,Return to Base,10.622322686871223,,,
