Operator,Task,Start,Finish,Successor
1,3879140,0.0,10.806666666666667,3878996
1,3878996,21.560228975679173,32.38689564234584,0
2,3872330,0.0,10.81,3879090
2,3879090,21.580228975679177,32.38689564234584,0
3,3878972,0.7535623090125174,11.580228975679184,3878158
3,3878158,21.580228975679184,32.38689564234585,0
4,3879032,0.006124018027810152,10.812790684694477,3879703
4,3879703,21.580228975679177,32.38689564234584,0
