Operator_ID,Sequence_Rank,From_Node,To_Node,Activity_Type,Travel_Time,Start_Service,Finish_Service,Processing_Time
1,1,0,3885298,Service,10.80929856140204,-1.7763568394002505e-15,9.999999999999998,10.0
1,2,3885298,3877656,Service,10.53581146134204,20.535811461342035,30.535811461342035,10.0
1,3,3877656,3879444,Service,10.563718308286939,41.09952976962897,51.939529769628976,10.840000000000003
1,4,3879444,0,Return to Base,10.789763768540611,,,
2,1,0,3888210,Service,10.798135822624081,0.0,10.82,10.82
2,2,3888210,3891427,Service,10.555346254203469,21.37534625420347,31.37534625420347,10.0
2,3,3891427,3890628,Service,10.54139283073102,41.916739084934484,51.916739084934484,10.0
2,4,3890628,0,Return to Base,10.81208924609653,,,
