Operator,Task,Start,Finish,Successor
1,3872015,-1.7763568394002505e-15,10.119999999999997,3872027
1,3872027,40.44441751433714,50.56441751433714,3872018
1,3872018,60.678835586811225,70.79883558681122,0
2,3874511,0.0,10.11,3874882
2,3874882,20.229999441863058,30.339999441863057,3884483
2,3884483,40.454417514337145,50.57441751433714,3874915
2,3874915,60.68883558681122,70.79883558681122,0
