Operator,Task,Start,Finish,Successor
1,3884535,0.0,10.673333333333176,3884503
1,3884503,21.21751684875869,31.890850182092024,3878144
1,3878144,42.317824940348956,52.897824940348954,3884634
1,3884634,63.32479969860589,73.99813303193922,3878128
1,3878128,84.42510779019615,95.00510779019615,3884554
1,3884554,105.43208254845308,116.10541588178641,3884607
1,3884607,126.64959939721193,137.32293273054526,3884585
1,3884585,147.86711624597078,158.54044957930412,0
