Operator,Task,Start,Finish,Successor
1,3877669,0.0,11.271516915074816,3873626
1,3873626,22.168024791782354,33.28135812511569,0
2,3880444,0.0,11.2,3877576
2,3877576,22.006507876707538,33.28135812511569,0
3,3888204,0.0,10.0,3877659
3,3877659,20.786973083846135,32.04848999892095,0
