Operator,Task,Start,Finish,Successor
1,3880585,0.0,11.21,3881171
1,3881171,21.974647606290205,33.184647606290206,3887662
1,3887662,43.94929521258041,55.15929521258041,3888249
1,3888249,65.92394281887061,77.13394281887062,0
2,3883700,-1.7763568394002505e-15,11.209999999999999,3883780
2,3883780,21.974647606290205,33.184647606290206,3894270
2,3894270,43.94929521258041,55.15929521258041,0
