Operator_ID,Sequence_Rank,From_Node,To_Node,Activity_Type,Travel_Time,Start_Service,Finish_Service,Processing_Time
1,1,0,3890258,Service,11.174878256380202,0.0,10.183333333333334,10.183333333333334
1,2,3890258,3884461,Service,10.153487658196939,20.336820991530285,30.52015432486362,10.183333333333334
1,3,3884461,3890270,Service,10.153487658196939,40.67364198306057,50.8569753163939,10.18333333333333
1,4,3890270,3883981,Service,10.153487658196939,61.01046297459085,71.19379630792419,10.183333333333337
1,5,3883981,3890239,Service,10.153487658196939,81.34728396612114,91.53061729945448,10.183333333333337
1,6,3890239,3890237,Service,10.153487658196939,101.68410495765143,111.86743829098477,10.183333333333337
1,7,3890237,3890245,Service,10.153487658196939,122.02092594918172,132.20425928251504,10.183333333333323
1,8,3890245,3890259,Service,10.153487658196939,142.357746940712,152.54108027404533,10.183333333333337
1,9,3890259,0,Return to Base,11.174878256380202,,,
