Operator,Task,Start,Finish,Successor
1,3880374,0.0,10.42,3880038
1,3880038,20.75209147864429,31.07209147864429,3880071
1,3880071,41.33441583992633,51.65441583992633,3880079
1,3880079,61.91674020120837,72.23674020120836,3894216
1,3894216,82.53813414821326,92.94813414821326,0
