Operator,Task,Start,Finish,Successor
1,3886491,0.0,10.24,3880424
1,3880424,20.432557243919796,30.745890577253128,3883407
1,3883407,40.92728508239497,51.223951749061634,0
