Operator,Task,Start,Finish,Successor
1,3879193,0.0,11.223333333333333,3880981
1,3880981,21.999143678401477,33.22247701173481,0
2,3880108,0.0,11.223333333333333,3881636
2,3881636,21.999143678401477,33.22247701173481,0
3,3879831,-1.7763568394002505e-15,11.223333333333331,3880104
3,3880104,21.999143678401477,33.22247701173481,0
