Operator,Task,Start,Finish,Successor
1,3881605,0.0,10.193333333333333,3880408
1,3880408,20.35519304561374,30.548526378947074,3891097
1,3891097,40.73550225347789,50.99216892014456,3887665
1,3887665,61.17914479467537,71.42914479467538,3889391
1,3889391,81.62170203859517,91.87170203859517,3888644
1,3888644,102.06425928251497,112.31425928251497,3889413
1,3889413,122.50681652643476,132.75681652643476,0
