Operator,Task,Start,Finish,Successor
1,3888002,0.0,10.64,3888611
1,3888611,21.4074382909847,32.140771624318035,0
2,3888612,0.0,10.64,3889376
2,3889376,21.4074382909847,32.140771624318035,0
3,3888531,0.0,10.733333333333333,3887867
3,3887867,21.500771624318034,32.140771624318035,0
4,3888066,0.0,10.733333333333333,0
