Operator,Task,Start,Finish,Successor
1,3872016,0.0,11.21,3878258
1,3878258,21.974647606290198,33.1846476062902,0
2,3891527,0.0,11.21,3890991
2,3890991,21.974647606290198,33.1846476062902,0
3,3885133,0.0,11.21,3874743
3,3874743,21.974647606290198,33.1846476062902,0
