Operator_ID,Sequence_Rank,From_Node,To_Node,Activity_Type,Travel_Time,Start_Service,Finish_Service,Processing_Time
1,1,0,3882316,Service,11.174878256380202,0.0,10.18,10.18
1,2,3882316,3884620,Service,10.175813135752858,20.35581313575286,30.549146469086196,10.193333333333335
1,3,3884620,3881068,Service,10.175813135752858,40.72495960483906,50.87829293817239,10.153333333333336
1,4,3881068,3880826,Service,10.12837149594653,61.00666443411893,71.18666443411894,10.180000000000007
1,5,3880826,3881813,Service,10.12837149594653,81.31503593006548,91.46836926339881,10.153333333333336
1,6,3881813,3880624,Service,10.12837149594653,101.59674075934535,111.79007409267868,10.193333333333328
1,7,3880624,3882293,Service,10.159069027585918,121.94914312026461,132.1491431202646,10.199999999999989
1,8,3882293,0,Return to Base,11.174878256380202,,,
