Operator,Task,Start,Finish,Successor
1,3884278,0.0,11.223333333333333,3888693
1,3888693,21.999143678401477,33.22247701173481,0
2,3886684,0.0,11.223333333333333,3889800
2,3889800,21.999143678401477,33.22247701173481,0
3,3885122,-1.7763568394002505e-15,11.223333333333331,3885784
3,3885784,21.999143678401477,33.22247701173481,0
