Operator_ID,Sequence_Rank,From_Node,To_Node,Activity_Type,Travel_Time,Start_Service,Finish_Service,Processing_Time
1,1,0,3882129,Service,10.792554453235102,0.0,10.83,10.83
1,2,3882129,3891390,Service,10.605578578704286,21.43557857870428,32.18224524537095,10.74666666666667
1,3,3891390,3882135,Service,10.599997209315305,42.782242454686255,53.59557578801959,10.813333333333333
1,4,3882135,3888269,Service,10.622322686871223,64.21789847489082,75.09789847489081,10.879999999999995
1,5,3888269,0,Return to Base,10.742322128734285,,,
