Operator,Task,Start,Finish,Successor
1,3885331,0.0,10.344102564102563,3877543
1,3877543,20.438985843715212,30.68565251038188,3891458
1,3891458,40.76658236652207,50.866582366522074,3888336
1,3888336,60.95030290735678,71.05363624069011,3891465
1,3891465,81.17084499785868,91.41751166452535,0
