Operator_ID,Sequence_Rank,From_Node,To_Node,Activity_Type,Travel_Time,Start_Service,Finish_Service,Processing_Time
1,1,0,3889601,Service,10.683717750149999,-1.7763568394002505e-15,11.31333333333333,11.313333333333333
1,2,3889601,3873660,Service,11.180459625769183,22.4937929591025,33.7837929591025,11.29
1,3,3873660,3882141,Service,11.2027851033251,44.98657806242761,56.42673885254375,11.440160790116138
1,4,3882141,0,Return to Base,10.658601587899591,,,
2,1,0,3888321,Service,10.68929911953898,1.7763568394002505e-15,11.286666666666669,11.286666666666667
2,2,3888321,3891492,Service,11.08836703085102,22.375033697517704,33.73186115430051,11.356827456782806
2,3,3891492,3891380,Service,11.060460183906121,44.79232133820662,56.11232133820662,11.32
2,4,3891380,3891386,Service,11.07162292268408,67.18394426089068,78.50394426089068,11.319999999999993
2,5,3891386,0,Return to Base,10.636276110343672,,,
