Operator,Task,Start,Finish,Successor
1,3881545,0.0,10.956666666666667,3880351
1,3880351,21.744182399151644,32.74751573248498,0
2,3881523,-1.7763568394002505e-15,10.956666666666665,3880377
2,3880377,21.7436397505128,32.750306417179466,0
3,3881537,0.0,10.956666666666667,3880306
3,3880306,21.743639750512806,32.75030641717947,0
4,3881508,0.0,10.956666666666667,3880434
4,3880434,21.743639750512806,32.75030641717947,0
