Operator_ID,Sequence_Rank,From_Node,To_Node,Activity_Type,Travel_Time,Start_Service,Finish_Service,Processing_Time
1,1,0,3877031,Service,10.826042669568979,0.0,10.1,10.1
1,2,3877031,3888217,Service,10.11441807247408,20.214418072474082,30.36441807247408,10.149999999999999
1,3,3888217,3888341,Service,10.106046018390613,40.470464090864695,50.6004640908647,10.130000000000003
1,4,3888341,3888208,Service,10.106046018390613,60.70651010925531,70.86984344258865,10.163333333333334
1,5,3888208,0,Return to Base,10.81767061548551,,,
