Operator,Task,Start,Finish,Successor
1,3886887,0.0,10.8,3883122
1,3883122,21.358136938897946,31.941470272231278,3886660
1,3886660,42.44379351723945,53.167126850572785,3883109
1,3883109,63.669450095580956,74.25278342891428,3886745
1,3886745,84.75510667392246,95.47844000725578,3886678
1,3886678,106.00867009920884,116.73200343254217,0
