Operator,Task,Start,Finish,Successor
1,3873299,1.7763568394002505e-15,11.223333333333334,3878881
1,3878881,21.999143678401484,33.22247701173482,3888437
1,3888437,43.99828735680296,55.2216206901363,0
2,3880309,0.0,11.223333333333333,3880268
2,3880268,21.999143678401477,33.22247701173481,3880657
2,3880657,43.99828735680296,55.22162069013629,0
