Operator_ID,Sequence_Rank,From_Node,To_Node,Activity_Type,Travel_Time,Start_Service,Finish_Service,Processing_Time
1,1,0,3889374,Service,11.4762722033851,0.0,10.326666666666666,10.326666666666666
1,2,3889374,3895788,Service,10.26790573067102,20.594572397337686,31.024572397337685,10.43
1,3,3895788,3883211,Service,10.41860270417347,41.44317510151115,51.679841768177816,10.236666666666665
1,4,3883211,3883198,Service,10.301393947004897,61.98123571518271,72.21790238184938,10.236666666666672
1,5,3883198,3883186,Service,10.301393947004897,82.51929632885428,92.75596299552095,10.236666666666665
1,6,3883186,0,Return to Base,10.0,,,
