Operator_ID,Sequence_Rank,From_Node,To_Node,Activity_Type,Travel_Time,Start_Service,Finish_Service,Processing_Time
1,1,0,3887800,Service,11.462318779912652,0.0,10.248903006697105,10.248903006697105
1,2,3887800,3873628,Service,10.125580811252041,20.37448381794914,30.623386824646246,10.248903006697105
1,3,3873628,0,Return to Base,11.462318779912652,,,
2,1,0,3888288,Service,11.462318779912652,0.0,10.143333333333333,10.143333333333333
2,2,3888288,3873709,Service,10.11441807247408,20.25775140580741,30.564418072474076,10.306666666666665
2,3,3873709,0,Return to Base,11.462318779912652,,,
3,1,0,3878751,Service,11.462318779912652,0.0,10.163333333333334,10.163333333333334
3,2,3878751,3882999,Service,10.13953423472449,20.30286756805783,30.5795342347245,10.276666666666667
3,3,3882999,0,Return to Base,11.462318779912652,,,
