Operator,Task,Start,Finish,Successor
1,3877138,0.0,10.163333333333334,3883551
1,3883551,20.451006739503544,30.69767340617021,0
2,3886374,0.0,10.24,3886475
2,3886475,20.45767340617021,30.69767340617021,0
3,3886814,0.0,10.26,0
