Operator,Task,Start,Finish,Successor
1,3877836,0.0,10.326666666666666,3882127
1,3882127,20.572246919781577,30.92558025311491,3873567
1,3873567,41.16278845214656,51.526121785479894,3877990
1,3877990,61.77170203859497,72.09836870526163,3877967
1,3877967,82.34394895837673,92.69061562504339,3873566
1,3873566,102.93619587815847,113.26286254482514,3877971
1,3877971,123.50844279794023,133.8551094646069,3883884
1,3883884,144.09231766363854,154.4289843303052,3883873
1,3883873,164.68014595280928,175.04347928614263,0
