Operator_ID,Sequence_Rank,From_Node,To_Node,Activity_Type,Travel_Time,Start_Service,Finish_Service,Processing_Time
1,1,0,3879818,Service,10.94046074204306,1.7763568394002505e-15,10.466666666666669,10.466666666666667
1,2,3879818,3879963,Service,10.359998325589183,20.826664992255843,31.169998325589177,10.343333333333334
1,3,3879963,3879122,Service,10.318138055171836,41.488136380761006,51.83146971409434,10.343333333333334
1,4,3879122,3879780,Service,10.359998325589183,62.191468039683514,72.65813470635018,10.466666666666669
1,5,3879780,0,Return to Base,10.94046074204306,,,
2,1,0,3879716,Service,10.94046074204306,0.0,10.48,10.48
2,2,3879716,3879837,Service,10.387905172534081,20.867905172534094,31.33457183920076,10.466666666666665
2,3,3879837,3879751,Service,10.387905172534081,41.72247701173485,52.18914367840152,10.466666666666669
2,4,3879751,0,Return to Base,10.94046074204306,,,
