Operator,Task,Start,Finish,Successor
1,3873658,0.0,10.663333333333334,3871729
1,3871729,21.215888902842316,31.875888902842316,3877568
1,3877568,42.42565378765681,53.08565378765681,3890818
1,3890818,63.652162780638236,74.38216278063824,0
