Operator,Task,Start,Finish,Successor
1,3884021,0.0,10.13,3885191
1,3885191,20.219301910223667,30.332635243557,3885542
1,3885542,40.42193715378066,50.535270487114,3885158
1,3885158,60.62457239733767,70.737905730671,0
2,3886455,0.0,10.13,3884836
2,3884836,20.23325533369613,30.37325533369613,3884303
2,3884303,40.48488272147571,50.62488272147571,0
