Operator,Task,Start,Finish,Successor
1,3886631,0.0,11.223333333333333,3888703
1,3888703,21.999143678401477,33.22247701173481,3889695
1,3889695,43.99828735680296,55.22162069013629,3889530
1,3889530,65.99743103520444,77.22076436853777,0
2,3887704,0.0,11.223333333333333,3889777
2,3889777,21.999143678401477,33.22247701173481,3889753
2,3889753,43.99828735680296,55.22162069013629,3889328
2,3889328,65.99743103520444,77.22076436853777,0
