Operator,Task,Start,Finish,Successor
1,3876696,0.0,10.156666666666666,3876900
1,3876900,20.28782884730768,30.444495513974346,0
2,3878050,0.0,10.16,0
3,3876887,0.0,10.156666666666666,3876713
3,3876713,20.28782884730768,30.444495513974346,0
4,3876737,0.0,10.156666666666666,3876868
4,3876868,20.28782884730768,30.444495513974346,0
