Operator,Task,Start,Finish,Successor
1,3877065,0.0,10.123333333333333,3874838
1,3874838,20.22658866702946,30.349922000362795,3876861
1,3876861,40.45317733405892,50.576510667392256,3876992
1,3876992,60.67976600108838,70.80309933442172,0
2,3877044,0.0,10.123333333333333,3876701
2,3876701,20.22658866702946,30.349922000362795,3876987
2,3876987,40.45317733405892,50.576510667392256,3877077
2,3877077,60.67976600108838,70.80309933442172,0
