Operator,Task,Start,Finish,Successor
1,3886523,0.0,11.21,3888216
1,3888216,21.974647606290205,33.184647606290206,3886779
1,3886779,43.94929521258041,55.15929521258041,0
2,3890218,0.0,11.21,3887295
2,3887295,21.974647606290205,33.184647606290206,3894200
2,3894200,43.94929521258041,55.15929521258041,0
