Operator_ID,Sequence_Rank,From_Node,To_Node,Activity_Type,Travel_Time,Start_Service,Finish_Service,Processing_Time
1,1,0,3888196,Service,10.636276110343672,1.7763568394002505e-15,11.183333333333335,11.183333333333334
1,2,3888196,3873533,Service,10.968367588987958,22.151700922321286,33.351700922321285,11.2
1,3,3873533,3871716,Service,10.94325142673755,44.294952349058846,55.511619015725515,11.216666666666669
1,4,3871716,0,Return to Base,10.613950632787754,,,
2,1,0,3873670,Service,10.636276110343672,0.0,11.393842356710438,11.393842356710438
2,2,3873670,3881657,Service,10.890228417542243,22.28407077425267,33.377404107586,11.093333333333334
2,3,3881657,3871717,Service,10.920925949181632,44.298330056767625,55.49833005676763,11.200000000000003
2,4,3871717,0,Return to Base,10.613950632787754,,,
