Operator,Task,Start,Finish,Successor
1,3880241,0.0,10.6,3879842
1,3879842,20.98511448783959,30.98511448783959,3880213
1,3880213,41.370228975679176,51.97022897567918,3880230
1,3880230,62.478133590076325,73.07813359007632,3881085
1,3881085,83.59441025855693,94.19441025855693,0
