Operator_ID,Sequence_Rank,From_Node,To_Node,Activity_Type,Travel_Time,Start_Service,Finish_Service,Processing_Time
1,1,0,3885592,Service,11.398133031939386,0.0,10.31,10.31
1,2,3885592,3876760,Service,10.284649838837959,20.59464983883796,30.88464983883796,10.29
1,3,3876760,3876736,Service,10.234417514337142,41.11906735317509,51.40906735317509,10.29
1,4,3876736,3876700,Service,10.234417514337142,61.64348486751222,71.93348486751222,10.29
1,5,3876700,0,Return to Base,10.0,,,
2,1,0,3884639,Service,10.0,0.0,10.613333333333333,10.613333333333333
2,2,3884639,3882993,Service,10.41023065009,21.023563983423333,31.383563983423333,10.36
2,3,3882993,3882974,Service,10.28744052353245,41.671004506955775,52.23433784028911,10.563333333333333
2,4,3882974,0,Return to Base,10.0,,,
