Operator_ID,Sequence_Rank,From_Node,To_Node,Activity_Type,Travel_Time,Start_Service,Finish_Service,Processing_Time
1,1,0,3881900,Service,10.842786777735917,0.0,11.15,11.15
1,2,3881900,3885211,Service,10.906972525709183,22.05697252570919,33.02363919237586,10.966666666666669
1,3,3885211,3884696,Service,10.881856363458775,43.90549555583464,54.87216222250131,10.966666666666669
1,4,3884696,0,Return to Base,10.834414723652449,,,
2,1,0,3881915,Service,10.842786777735917,0.0,11.15,11.15
2,2,3881915,3885229,Service,10.906972525709183,22.05697252570919,33.02363919237586,10.966666666666669
2,3,3885229,3885245,Service,10.881856363458775,43.90549555583464,54.87216222250131,10.966666666666669
2,4,3885245,0,Return to Base,10.834414723652449,,,
