Operator,Task,Start,Finish,Successor
1,3878754,0.0,11.356666666666667,3886633
1,3886633,22.542707661824828,34.09604099515816,3886803
1,3886803,45.28766335970528,56.72355777057503,3887783
1,3887783,67.89285465756623,79.26208240176932,3885308
1,3885308,90.40626312651014,101.78882420404655,3885335
1,3885335,112.94416766756532,124.29006207843507,3885333
1,3885333,135.44261485725937,146.80184260146245,3885334
1,3885334,157.97951154253715,169.39207262007358,0
