Operator_ID,Sequence_Rank,From_Node,To_Node,Activity_Type,Travel_Time,Start_Service,Finish_Service,Processing_Time
1,1,0,3879062,Service,10.53860214603653,0.0,11.483333333333334,11.483333333333334
1,2,3879062,3882201,Service,11.186040995158162,22.6693743284915,34.22442539629009,11.555051067798587
1,3,3882201,3881702,Service,11.038134706350203,45.26256010264029,56.645893435973626,11.383333333333333
1,4,3881702,3891394,Service,10.0,66.64589343597362,76.64589343597362,10.0
1,5,3891394,0,Return to Base,10.0,,,
