Operator,Task,Start,Finish,Successor
1,3888297,0.0,11.31,3877580
1,3877580,22.33976265226672,33.573288293292364,3878756
1,3878756,44.541655882280324,55.671848189972636,3885340
1,3885340,66.63463440957162,77.77482671726392,3871696
1,3871696,88.78505457666922,100.03858021769487,0
