Operator,Task,Start,Finish,Successor
1,3878772,0.0,10.25,3883012
1,3883012,20.39511560411347,30.66511560411347,3878763
1,3878763,40.80464983883796,51.08798317217129,3882109
1,3882109,61.219145352812305,71.3791453528123,3873597
1,3873597,81.51030753345331,91.80150848780346,3877627
1,3877627,101.94662409191693,112.31115837960041,0
