Operator_ID,Sequence_Rank,From_Node,To_Node,Activity_Type,Travel_Time,Start_Service,Finish_Service,Processing_Time
1,1,0,3877523,Service,10.521858037869592,0.0,11.433333333333334,11.433333333333334
1,2,3877523,3873542,Service,11.07441360737857,22.507746940711908,33.87411555790417,11.366368617192261
1,3,3873542,3879055,Service,11.07999497676755,44.95411053467172,56.24714581853065,11.293035283858927
1,4,3879055,3891474,Service,11.068832237989591,67.31597805652024,78.76264472318691,11.446666666666673
1,5,3891474,3888320,Service,11.07720429207306,89.83984901525997,101.25139405174687,11.411545036486899
1,6,3888320,0,Return to Base,10.521858037869592,,,
