Operator,Task,Start,Finish,Successor
1,3878641,0.0,11.06,3878661
1,3878661,21.91674020120837,32.97674020120837,3878631
1,3878631,43.83348040241674,54.89348040241674,3878670
1,3878670,65.75022060362511,76.81022060362511,0
