Operator,Task,Start,Finish,Successor
1,3894223,0.0,10.529999999999973,3878259
1,3878259,20.954184073562416,31.45751740689575,3878342
1,3878342,41.88170148045819,52.38503481379152,3878304
1,3878304,62.809218887353964,73.3125522206873,0
