Operator,Task,Start,Finish,Successor
1,3883624,0.0,11.223333333333333,3891260
1,3891260,21.999143678401484,33.22247701173482,3883979
1,3883979,43.99828735680297,55.221620690136305,0
2,3883739,0.0,11.223333333333333,3881533
2,3881533,21.999143678401484,33.22247701173482,3890949
2,3890949,43.99828735680297,55.221620690136305,0
