Operator,Task,Start,Finish,Successor
1,3878844,1.7763568394002505e-15,11.223333333333334,3878871
1,3878871,21.999143678401484,33.22247701173482,3880830
1,3880830,43.99828735680296,55.2216206901363,0
2,3880253,0.0,11.223333333333333,3878906
2,3878906,21.999143678401477,33.22247701173481,3880367
2,3880367,43.99828735680296,55.22162069013629,0
