Operator,Task,Start,Finish,Successor
1,3880731,0.0,11.293333333333333,3877629
1,3877629,22.395653787656794,33.76454241429236,3871718
1,3871718,44.85849081453237,56.2018241478657,3879143
1,3879143,67.2957725481057,78.6679945080746,3877628
1,3877628,89.76194290831461,101.0619429083146,3877564
1,3877564,112.19775157897196,123.4910849123053,3877666
1,3877666,134.62689358296265,145.960226916296,0
