Operator,Task,Start,Finish,Successor
1,3883184,0.0,10.14,3874886
1,3874886,20.251627387779585,30.398294054446254,3886754
1,3886754,40.51829349630932,50.66829349630932,0
2,3886578,0.0,10.15,3885609
2,3885609,20.269999441863057,30.426666108529723,0
