Operator_ID,Sequence_Rank,From_Node,To_Node,Activity_Type,Travel_Time,Start_Service,Finish_Service,Processing_Time
1,1,0,3876908,Service,10.867902939986326,0.0,10.316666666666666,10.316666666666666
1,2,3876908,3879232,Service,10.315347370477346,20.632014037144007,30.982014037144005,10.349999999999998
1,3,3879232,3884340,Service,10.306975316393878,41.28898935353788,51.64898935353788,10.36
1,4,3884340,0,Return to Base,10.853949516513877,,,
2,1,0,3883348,Service,10.867902939986326,0.0,10.396666666666667,10.396666666666667
2,2,3883348,3873945,Service,10.379533118450611,41.26689620048279,51.67689620048279,10.409999999999997
2,3,3873945,0,Return to Base,10.826042669568979,,,
