Operator,Task,Start,Finish,Successor
1,3882108,1.7763568394002505e-15,11.116666666666669,3891422
1,3891422,21.920383858679738,33.20234895961435,0
2,3891414,0.0,11.318631767601277,0
3,3883025,1.7763568394002505e-15,11.230000000000002,3885294
3,3885294,22.028135822624083,33.194712653912205,0
