Operator_ID,Sequence_Rank,From_Node,To_Node,Activity_Type,Travel_Time,Start_Service,Finish_Service,Processing_Time
1,1,0,3891393,Service,10.622322686871223,0.0,11.42359704346428,11.42359704346428
1,2,3891393,3891456,Service,11.085576346156529,22.509173389620802,33.802506722954135,11.293333333333333
1,3,3891456,3884781,Service,11.07720429207306,44.87971101502718,56.156377681693854,11.27666666666667
1,4,3884781,3881682,Service,11.116273877795917,67.27265155948977,78.55265155948977,11.280000000000001
1,5,3881682,3883826,Service,11.09115771554551,89.64380927503527,100.8471426083686,11.203333333333333
1,6,3883826,3877506,Service,11.08836703085102,111.93550963921963,123.31910668268391,11.383597043464277
1,7,3877506,3878300,Service,11.093948400239999,134.41305508292393,145.62305508292394,11.210000000000008
1,8,3878300,3881640,Service,11.09673908493449,156.71979416785842,167.95312750119174,11.23333333333332
1,9,3881640,0,Return to Base,10.566508992981428,,,
