Operator_ID,Sequence_Rank,From_Node,To_Node,Activity_Type,Travel_Time,Start_Service,Finish_Service,Processing_Time
1,1,0,3881509,Service,11.199994418630611,0.0,11.223333333333333,11.223333333333333
1,2,3881509,3883240,Service,10.775810345068162,21.999143678401477,33.22247701173481,11.223333333333333
1,3,3883240,0,Return to Base,11.199994418630611,,,
2,1,0,3883237,Service,11.199994418630611,0.0,11.223333333333333,11.223333333333333
2,2,3883237,3883276,Service,10.775810345068162,21.999143678401477,33.22247701173481,11.223333333333333
2,3,3883276,0,Return to Base,11.199994418630611,,,
3,1,0,3882238,Service,11.199994418630611,-1.7763568394002505e-15,11.223333333333331,11.223333333333333
3,2,3882238,3883013,Service,10.775810345068162,21.999143678401477,33.22247701173481,11.223333333333333
3,3,3883013,0,Return to Base,11.199994418630611,,,
