Operator,Task,Start,Finish,Successor
1,3881664,0.0,11.47729497234305,3888296
1,3888296,22.587987480749987,33.83798748074999,0
2,3884954,0.0,11.293333333333333,3888201
2,3888201,22.36774694071191,33.69441360737858,0
3,3890086,0.0,11.47729497234305,0
