Operator_ID,Sequence_Rank,From_Node,To_Node,Activity_Type,Travel_Time,Start_Service,Finish_Service,Processing_Time
1,1,0,3877549,Service,10.636276110343672,0.0,11.17,11.17
1,2,3877549,3882152,Service,10.853949516513877,22.023949516513873,33.34675909750722,11.322809580993344
1,3,3882152,3877581,Service,10.853949516513877,44.20070861402108,55.554084981767105,11.353376367746023
1,4,3877581,3879747,Service,10.826042669568979,66.3801276513361,77.58679431800276,11.206666666666663
1,5,3879747,3877561,Service,10.826042669568979,88.41283698757175,99.61617032090508,11.203333333333333
1,6,3877561,3888195,Service,10.881856363458775,110.49802668436388,121.57620289199521,11.07817620763133
1,7,3888195,3891482,Service,10.853949516513877,132.4301524085091,143.6401524085091,11.210000000000008
1,8,3891482,0,Return to Base,10.636276110343672,,,
