Operator,Task,Start,Finish,Successor
1,3889418,0.0,10.616666666666667,3889435
1,3889435,21.146896758619725,31.763563425286392,3884828
1,3884828,42.461234598908845,53.15123459890884,0
2,3884615,0.0,10.69,3883134
2,3883134,42.34720373393612,53.12053706726945,0
