Operator,Task,Start,Finish,Successor
1,3887603,-5.1514348342607263e-14,11.009999999999948,0
