Operator,Task,Start,Finish,Successor
1,3882860,1.7763568394002505e-15,10.223333333333334,3888722
1,3888722,20.40472783847517,30.628061171808504,3889329
1,3889329,40.809455676950336,51.03278901028367,0
2,3889338,0.0,10.223333333333333,3889405
2,3889405,20.404727838475168,30.6280611718085,3889714
2,3889714,40.809455676950336,51.032789010283665,0
3,3883977,1.7763568394002505e-15,10.223333333333334,3889394
3,3889394,20.40472783847517,30.628061171808504,3889357
3,3889357,40.809455676950336,51.03278901028367,0
