Operator,Task,Start,Finish,Successor
1,3879971,0.0,10.56,3880224
1,3880224,21.12635466811782,31.533021334784486,0
2,3880011,0.0,10.56,3879988
2,3879988,20.986974758256935,31.546974758256937,0
3,3880107,0.0,10.406666666666666,3879947
3,3879947,20.77503704633932,31.335037046339323,0
