Operator,Task,Start,Finish,Successor
1,3877608,0.0,10.336666666666666,3885471
1,3885471,20.615735136115653,30.959068469448987,3883242
1,3883242,41.23813693889797,52.051470272231306,0
2,3876657,0.0,10.563333333333333,3877616
2,3877616,20.845192487476798,31.185192487476797,3877899
2,3877899,41.46984232631476,51.813175659648095,0
