Operator,Task,Start,Finish,Successor
1,3890900,0.0,10.123333333333333,3884921
1,3884921,20.215425928251506,30.325425928251505,0
2,3884449,0.0,10.11,3884003
2,3884003,20.19372054083469,30.320387207501355,0
3,3887893,0.0,10.113333333333333,3884566
3,3884566,20.199844558862527,30.309844558862526,0
4,3883975,0.0,10.126666666666667,3885204
4,3885204,20.210387207501356,30.320387207501355,0
