Operator,Task,Start,Finish,Successor
1,3880686,0.0,11.223333333333333,0
2,3890152,0.0,11.223333333333333,3872850
2,3872850,21.999143678401484,33.22247701173482,0
3,3880338,0.0,11.223333333333333,3872936
3,3872936,21.999143678401484,33.22247701173482,0
4,3873474,0.0,11.223333333333333,3880195
4,3880195,21.999143678401484,33.22247701173482,0
