Operator,Task,Start,Finish,Successor
1,3887649,0.0,10.403333333333332,3881830
1,3881830,20.872168362007624,31.19550169534096,0
2,3888103,0.0,10.613333333333333,0
3,3887628,0.0,10.403333333333332,3881872
3,3881872,20.87216836200763,31.195501695340965,0
