Operator,Task,Start,Finish,Successor
1,3877756,0.0,10.15,0
2,3884718,0.0,10.15,3883989
2,3883989,20.275580811252034,30.425580811252033,0
3,3877474,0.0,10.15,3884865
3,3884865,20.275580811252034,30.425580811252033,0
4,3883991,0.0,10.15,3877574
4,3877574,20.275580811252034,30.425580811252033,0
5,3877059,0.0,10.15,3877035
5,3877035,20.275580811252034,30.425580811252033,0
