Operator_ID,Sequence_Rank,From_Node,To_Node,Activity_Type,Travel_Time,Start_Service,Finish_Service,Processing_Time
1,1,0,3883597,Service,11.174878256380202,0.0,10.183333333333334,10.183333333333334
1,2,3883597,3883935,Service,10.153487658196939,20.33682099153029,30.520154324863622,10.183333333333334
1,3,3883935,3883937,Service,10.153487658196939,40.67364198306058,50.856975316393914,10.183333333333337
1,4,3883937,0,Return to Base,11.174878256380202,,,
2,1,0,3883620,Service,11.174878256380202,0.0,10.183333333333334,10.183333333333334
2,2,3883620,3883629,Service,10.153487658196939,20.336820991530292,30.520154324863626,10.183333333333334
2,3,3883629,3883927,Service,10.153487658196939,40.67364198306058,50.856975316393914,10.183333333333337
2,4,3883927,0,Return to Base,11.174878256380202,,,
