Operator,Task,Start,Finish,Successor
1,3877630,0.0,11.370890668289261,3873636
1,3873636,44.14045627694754,55.43065420323404,3891450
1,3891450,66.45483548611178,77.78483548611177,0
2,3873713,-1.7763568394002505e-15,11.173333333333332,3882132
2,3882132,22.164026399877216,33.35069306654388,3877541
2,3877541,44.33301407900428,55.62301407900428,3878731
2,3878731,66.5969630373812,77.8071609636677,0
