Operator,Task,Start,Finish,Successor
1,3872852,0.0,11.223333333333333,3871839
1,3871839,21.999143678401484,33.22247701173482,3871819
1,3871819,43.99828735680297,55.221620690136305,3872746
1,3872746,65.99743103520446,77.22076436853779,3872631
1,3872631,87.99657471360594,99.21990804693927,3871798
1,3871798,109.99571839200742,121.21905172534075,3872857
1,3872857,131.99486207040889,143.21819540374221,0
