Operator,Task,Start,Finish,Successor
1,3883195,0.0,10.346666666666668,3883215
1,3883215,20.63689787489361,30.983564541560277,3880628
1,3880628,41.430074092678645,51.790074092678644,3880618
1,3880618,62.231002274408034,72.59100227440803,3880609
1,3880609,83.03193045613742,93.39193045613742,0
