Operator_ID,Sequence_Rank,From_Node,To_Node,Activity_Type,Travel_Time,Start_Service,Finish_Service,Processing_Time
1,1,0,3884417,Service,10.488369821535713,0.0,11.336666666666666,11.336666666666666
1,2,3884417,3885318,Service,11.010227859405305,22.34689452607197,33.78394580812325,11.437051282051279
1,3,3885318,3885801,Service,10.0,43.78394580812325,53.8576637568412,10.073717948717949
1,4,3885801,3887458,Service,10.0,63.85766375684119,73.85766375684119,10.0
1,5,3887458,0,Return to Base,10.0,,,
