Operator_ID,Sequence_Rank,From_Node,To_Node,Activity_Type,Travel_Time,Start_Service,Finish_Service,Processing_Time
1,1,0,3879820,Service,11.113483193101427,0.0,10.62,10.62
1,2,3879820,3879823,Service,10.574881047064897,21.19488104706491,31.814881047064908,10.619999999999997
1,3,3879823,3879768,Service,10.574881047064897,42.38976209412982,53.00976209412982,10.619999999999997
1,4,3879768,3879762,Service,10.574881047064897,63.58464314119474,74.20464314119474,10.619999999999997
1,5,3879762,3881907,Service,10.613950632787754,84.81859377398249,95.48192710731581,10.663333333333327
1,6,3881907,3881882,Service,10.605578578704286,106.08750568602011,116.75083901935344,10.663333333333327
1,7,3881882,3883758,Service,10.560927623592448,127.31176664294588,137.89843330961256,10.586666666666673
1,8,3883758,0,Return to Base,11.029762652266733,,,
