Operator,Task,Start,Finish,Successor
1,3871656,0.0,10.186666666666667,3880082
1,3880082,20.32899158608565,30.49899158608565,3888207
1,3888207,40.677595406533,50.86092873986634,3882222
1,3882222,60.99488160520186,71.14488160520186,3890756
1,3890756,81.28720652462084,91.46720652462083,0
