Operator,Task,Start,Finish,Successor
1,3880227,0.0,11.21,3884357
1,3884357,21.974647606290198,33.1846476062902,3878797
1,3878797,43.949295212580395,55.159295212580396,0
2,3877814,0.0,11.21,3877784
2,3877784,21.974647606290198,33.1846476062902,0
