Operator,Task,Start,Finish,Successor
1,3879899,0.0,11.223333333333244,3882011
1,3882011,21.999143678401396,33.222477011734725,3881000
1,3881000,43.99828735680288,55.221620690136206,3878991
1,3878991,65.99743103520436,77.22076436853769,3878380
1,3878380,87.99657471360584,99.21990804693917,3878632
1,3878632,109.99571839200732,121.21905172534065,3880965
1,3880965,131.9948620704088,143.21819540374213,3881129
1,3881129,153.99400574881028,165.2173390821436,0
