Operator,Task,Start,Finish,Successor
1,3874276,0.0,11.223333333333333,3874263
1,3874263,21.999143678401484,33.22247701173482,3891267
1,3891267,43.99828735680297,55.221620690136305,3873402
1,3873402,65.99743103520446,77.22076436853779,0
2,3874279,0.0,11.223333333333333,3878584
2,3878584,21.999143678401484,33.22247701173482,3874281
2,3874281,43.99828735680297,55.221620690136305,0
