Operator_ID,Sequence_Rank,From_Node,To_Node,Activity_Type,Travel_Time,Start_Service,Finish_Service,Processing_Time
1,1,0,3887518,Service,10.0,0.0,10.21,10.21
1,2,3887518,3887530,Service,10.175813135752858,20.38581313575287,30.59581313575287,10.21
1,3,3887530,3887498,Service,10.175813135752858,40.77162627150574,51.001626271505735,10.229999999999997
1,4,3887498,0,Return to Base,10.0,,,
2,1,0,3887772,Service,10.0,0.0,10.23,10.23
2,2,3887772,3887548,Service,10.175813135752858,20.40581313575287,30.61581313575287,10.21
2,3,3887548,3887568,Service,10.175813135752858,40.79162627150574,51.00162627150574,10.21
2,4,3887568,0,Return to Base,10.0,,,
