Operator_ID,Sequence_Rank,From_Node,To_Node,Activity_Type,Travel_Time,Start_Service,Finish_Service,Processing_Time
1,1,0,3888538,Service,11.199994418630611,-1.2434497875801753e-13,10.636666666666542,10.636666666666667
1,2,3888538,3889469,Service,10.731159389956325,21.367826056622874,32.01782605662287,10.649999999999999
1,3,3889469,3889667,Service,10.731159389956325,42.748985446579205,53.3989854465792,10.649999999999999
1,4,3889667,3885067,Service,10.731159389956325,64.13014483653554,74.7668115032022,10.63666666666667
1,5,3885067,3888583,Service,10.731159389956325,85.49797089315854,96.14797089315854,10.650000000000006
1,6,3888583,3887846,Service,10.731159389956325,106.87913028311488,117.51579694978155,10.63666666666667
1,7,3887846,3886885,Service,10.731159389956325,128.2469563397379,138.90028967307123,10.653333333333336
1,8,3886885,3889349,Service,10.731159389956325,149.63144906302756,160.28144906302757,10.650000000000006
1,9,3889349,0,Return to Base,11.199994418630611,,,
