Operator_ID,Sequence_Rank,From_Node,To_Node,Activity_Type,Travel_Time,Start_Service,Finish_Service,Processing_Time
1,1,0,3878775,Service,11.462318779912652,0.0,10.253333333333334,10.253333333333334
1,2,3878775,3874924,Service,10.159069027585918,20.446510667392257,30.7700344538068,10.323523786414544
1,3,3874924,0,Return to Base,11.462318779912652,,,
2,1,0,3888226,Service,11.49022562685755,0.0,10.316857119747878,10.316857119747878
2,2,3888226,3878758,Service,10.206510667392244,20.523367787140135,30.7700344538068,10.246666666666666
2,3,3878758,0,Return to Base,11.462318779912652,,,
3,1,0,3885277,Service,11.462318779912652,0.0,10.323523786414544,10.323523786414544
3,2,3885277,0,Return to Base,11.462318779912652,,,
