Operator_ID,Sequence_Rank,From_Node,To_Node,Activity_Type,Travel_Time,Start_Service,Finish_Service,Processing_Time
1,1,0,3888297,Service,10.641857479732652,0.0,11.31,11.31
1,2,3888297,3877580,Service,11.029762652266733,22.33976265226672,33.573288293292364,11.233525641025643
1,3,3877580,3878756,Service,10.968367588987958,44.541655882280324,55.671848189972636,11.130192307692312
1,4,3878756,3885340,Service,10.962786219598978,66.63463440957162,77.77482671726392,11.140192307692303
1,5,3885340,3871696,Service,11.010227859405305,88.78505457666922,100.03858021769487,11.253525641025647
1,6,3871696,0,Return to Base,10.613950632787754,,,
