Operator_ID,Sequence_Rank,From_Node,To_Node,Activity_Type,Travel_Time,Start_Service,Finish_Service,Processing_Time
1,1,0,3891451,Service,10.54139283073102,0.0,11.2,11.2
1,2,3891451,3888245,Service,11.043716075739182,22.24371607573918,33.663754579984484,11.420038504245305
1,3,3888245,3885369,Service,11.035344021655714,44.69909860164019,56.28367139356898,11.584572791928792
1,4,3885369,0,Return to Base,10.521858037869592,,,
2,1,0,3891461,Service,10.54976488481449,0.0,11.19,11.19
2,2,3891461,3891467,Service,11.021390598183263,22.211390598183264,33.3747239315166,11.163333333333334
2,3,3891467,3891478,Service,11.015809228794284,44.390533160310895,55.57719982697756,11.186666666666667
2,4,3891478,3881692,Service,11.026971967572244,66.60417179454981,76.64754363212845,10.043371837578633
2,5,3881692,0,Return to Base,10.521858037869592,,,
