Operator,Task,Start,Finish,Successor
1,3891377,0.0,11.379195095209425,3873683
1,3873683,22.5317478740337,33.873391352586495,3882159
1,3882159,44.96175838343753,56.27509171677086,3881691
1,3881691,67.35787737823287,78.76040580677564,3888352
1,3888352,89.84319146823768,101.13985813490434,3890791
1,3890791,112.2756668055617,123.5856668055617,3891387
1,3891387,134.74101026908045,146.1502053642899,0
