Operator,Task,Start,Finish,Successor
1,3885298,-1.7763568394002505e-15,9.999999999999998,3877656
1,3877656,20.535811461342035,30.535811461342035,3879444
1,3879444,41.09952976962897,51.939529769628976,0
2,3888210,0.0,10.82,3891427
2,3891427,21.37534625420347,31.37534625420347,3890628
2,3890628,41.916739084934484,51.916739084934484,0
