Operator_ID,Sequence_Rank,From_Node,To_Node,Activity_Type,Travel_Time,Start_Service,Finish_Service,Processing_Time
1,1,0,3888074,Service,11.386970293161427,0.0,10.396666666666667,10.396666666666667
1,2,3888074,3880970,Service,10.306975316393878,20.703641983060542,31.05030864972721,10.346666666666668
1,3,3880970,3880957,Service,10.28744052353245,41.33774917325967,51.68441583992633,10.346666666666664
1,4,3880957,3880951,Service,10.28744052353245,61.971856363458784,72.31852303012545,10.346666666666664
1,5,3880951,3880980,Service,10.28744052353245,82.6059635536579,92.95263022032456,10.346666666666664
1,6,3880980,0,Return to Base,11.361854130911018,,,
