Operator,Task,Start,Finish,Successor
1,3888696,0.0,10.166666666666666,3889904
1,3889904,20.300619532002177,30.460619532002177,3886930
1,3886930,40.594572397337686,50.75457239733769,0
2,3883110,0.0,10.166666666666666,3889366
2,3889366,20.300619532002177,30.460619532002177,3887841
2,3887841,40.594572397337686,50.75457239733769,0
