Operator,Task,Start,Finish,Successor
1,3885145,0.0,10.336666666666666,3880167
1,3880167,20.646432667755043,30.966432667755043,0
2,3885132,0.0,10.336666666666666,3880155
2,3880155,20.646432667755043,30.966432667755043,0
3,3885175,1.7763568394002505e-15,10.336666666666668,0
4,3885160,1.7763568394002505e-15,10.336666666666668,3880204
4,3880204,20.646432667755043,30.966432667755043,0
5,3885119,1.7763568394002505e-15,10.336666666666668,3880175
5,3880175,20.646432667755043,30.966432667755043,0
