Operator_ID,Sequence_Rank,From_Node,To_Node,Activity_Type,Travel_Time,Start_Service,Finish_Service,Processing_Time
1,1,0,3882203,Service,11.462318779912652,0.0,10.223333333333333,10.223333333333333
1,2,3882203,3882155,Service,10.13953423472449,20.36286756805782,30.59009620765426,10.22722863959644
1,3,3882155,3882167,Service,10.13953423472449,40.72963044237874,50.95685908197518,10.22722863959644
1,4,3882167,0,Return to Base,11.462318779912652,,,
2,1,0,3886617,Service,11.462318779912652,0.0,10.279515035560834,10.279515035560834
2,2,3886617,3888338,Service,10.150696973502448,20.43021200906329,30.650250513308592,10.220038504245302
2,3,3888338,0,Return to Base,11.459528095218161,,,
