Operator_ID,Sequence_Rank,From_Node,To_Node,Activity_Type,Travel_Time,Start_Service,Finish_Service,Processing_Time
1,1,0,3883471,Service,10.996274435932856,0.0,10.19,10.19
1,2,3883471,3884510,Service,10.217673406170205,20.407673406170204,30.717673406170206,10.310000000000002
1,3,3884510,0,Return to Base,10.982321012460407,,,
2,1,0,3883462,Service,10.996274435932856,0.0,10.19,10.19
2,2,3883462,3884532,Service,10.217673406170205,20.407673406170204,30.717673406170206,10.310000000000002
2,3,3884532,0,Return to Base,10.982321012460407,,,
3,1,0,3879150,Service,11.063250868600612,0.0,10.13,10.13
3,2,3879150,3883477,Service,10.198138613308775,20.513719982697758,30.703719982697756,10.189999999999998
3,3,3883477,0,Return to Base,10.996274435932856,,,
