Operator,Task,Start,Finish,Successor
1,3884576,0.0,10.19,3880465
1,3880465,20.349069027585927,30.539069027585924,3884447
1,3884447,40.69813805517185,50.88813805517185,3880996
1,3880996,61.04720708275778,71.23720708275778,3880510
1,3880510,81.3962761103437,91.5862761103437,3880496
1,3880496,101.74534513792963,111.93534513792963,3880525
1,3880525,122.09441416551556,132.28441416551556,3880552
1,3880552,142.44348319310149,152.63348319310148,3880645
1,3880645,162.7925522206874,172.9825522206874,0
