Operator_ID,Sequence_Rank,From_Node,To_Node,Activity_Type,Travel_Time,Start_Service,Finish_Service,Processing_Time
1,1,0,3881453,Service,10.834414723652449,0.0,10.52,10.52
1,2,3881453,3881831,Service,10.435346812340407,20.95534681234041,31.46868014567374,10.513333333333332
1,3,3881831,3881263,Service,10.435346812340407,41.90402695801416,52.42402695801415,10.519999999999996
1,4,3881263,3877726,Service,10.544183515425509,62.968210473439676,73.52487714010634,10.556666666666665
1,5,3877726,0,Return to Base,10.792554453235102,,,
2,1,0,3877956,Service,10.792554453235102,0.0,10.586666666666666,10.586666666666666
2,2,3877956,3877868,Service,10.493951190924694,21.080617857591353,31.693951190924686,10.613333333333333
2,3,3877868,3877757,Service,10.460462974590817,42.154414165515504,52.76774749884884,10.613333333333337
2,4,3877757,0,Return to Base,10.792554453235102,,,
