Operator,Task,Start,Finish,Successor
1,3877573,0.0,10.316666666666666,3888267
1,3888267,20.57340965855973,30.90674299189306,3890769
1,3890769,41.15511392970266,51.47178059636933,3888158
1,3888158,61.72852358826239,72.15519025492905,0
