Operator_ID,Sequence_Rank,From_Node,To_Node,Activity_Type,Travel_Time,Start_Service,Finish_Service,Processing_Time
1,1,0,3884919,Service,10.0,0.0,10.51,10.51
1,2,3884919,3883001,Service,10.41023065009,20.920230650089998,31.370230650089997,10.45
1,3,3883001,0,Return to Base,10.0,,,
2,1,0,3884931,Service,10.0,0.0,10.51,10.51
2,2,3884931,3883035,Service,10.41023065009,20.920230650089998,31.370230650089997,10.45
2,3,3883035,0,Return to Base,10.0,,,
