Operator,Task,Start,Finish,Successor
1,3880711,0.0,10.243333333333334,3885242
1,3885242,20.39123962214131,30.544572955474642,0
2,3886766,0.0,10.166666666666666,3885183
2,3885183,20.306200901391158,30.472867568057822,0
3,3880702,0.0,10.243333333333334,0
4,3886502,0.0,10.163333333333334,3886559
4,3886559,20.291704829279873,30.535038162613205,0
