Operator_ID,Sequence_Rank,From_Node,To_Node,Activity_Type,Travel_Time,Start_Service,Finish_Service,Processing_Time
1,1,0,3874849,Service,11.292087013548773,0.0,11.01,11.01
1,2,3874849,3881229,Service,10.80929856140204,21.819298561402036,32.7559652280687,10.936666666666667
1,3,3881229,0,Return to Base,10.0,,,
