Operator_ID,Sequence_Rank,From_Node,To_Node,Activity_Type,Travel_Time,Start_Service,Finish_Service,Processing_Time
1,1,0,3881721,Service,10.613950632787754,0.0,11.320268024128577,11.320268024128577
1,2,3881721,3888310,Service,11.004646490016325,22.324914514144904,33.60824784747824,11.283333333333335
1,3,3888310,3877586,Service,11.001855805321835,44.61010365280008,55.83010365280008,11.219999999999999
1,4,3877586,3877624,Service,11.007437174710816,66.83754082751089,78.09971895708725,11.262178129576355
1,5,3877624,0,Return to Base,10.54976488481449,,,
