Operator,Task,Start,Finish,Successor
1,3894441,0.0,10.773333333333333,3894903
1,3894903,21.613329426374776,32.38666275970811,3890361
1,3890361,43.106659410886486,53.91665941088649,3894407
1,3894407,64.63665606206487,75.40998939539821,0
2,3894563,0.0,10.773333333333333,3894499
2,3894499,21.613329426374776,32.38666275970811,3890383
2,3890383,43.106659410886486,53.91665941088649,3894485
2,3894485,64.63665606206487,75.40998939539821,0
