Operator,Task,Start,Finish,Successor
1,3880489,0.0,10.0,3880482
1,3880482,20.633485425649184,30.633485425649184,0
2,3880508,0.0,10.0,3880517
2,3880517,20.633485425649184,30.633485425649184,0
3,3878962,0.0,10.0,3880495
3,3880495,20.633485425649184,30.633485425649184,0
4,3878946,0.0,10.0,3878982
4,3878982,20.57767173175938,30.57767173175938,0
5,3880524,0.0,10.0,0
