Operator,Task,Start,Finish,Successor
1,3884215,0.0,11.21,3884189
1,3884189,21.974647606290198,33.1846476062902,3884534
1,3884534,43.949295212580395,55.159295212580396,3884253
1,3884253,65.92394281887059,77.1339428188706,0
2,3884366,0.0,11.21,3884015
2,3884015,21.974647606290198,33.1846476062902,3884256
2,3884256,43.949295212580395,55.159295212580396,0
