Operator,Task,Start,Finish,Successor
1,3882130,0.0,11.336483834449517,3887746
1,3887746,22.430432234689526,33.726916069139044,0
2,3882107,0.0,11.354946114831726,0
3,3891455,5.329070518200751e-15,11.256666666666671,3891488
3,3891488,22.350615066906677,33.67043223468953,0
4,3873552,0.0,11.344946114831725,3873641
4,3873641,22.441685199766212,33.751502367549065,0
