Operator_ID,Sequence_Rank,From_Node,To_Node,Activity_Type,Travel_Time,Start_Service,Finish_Service,Processing_Time
1,1,0,3886844,Service,11.199994418630611,0.0,10.186666666666667,10.186666666666667
1,2,3886844,3886935,Service,10.156278342891428,20.342945009558093,30.52961167622476,10.186666666666667
1,3,3886935,3886742,Service,10.156278342891428,40.68589001911619,50.872556685782854,10.186666666666667
1,4,3886742,0,Return to Base,11.199994418630611,,,
2,1,0,3890372,Service,11.199994418630611,0.0,10.18,10.18
2,2,3890372,3890157,Service,10.150696973502448,20.330696973502455,30.510696973502455,10.18
2,3,3890157,3890379,Service,10.150696973502448,40.66139394700491,50.84139394700491,10.18
2,4,3890379,3890261,Service,10.150696973502448,60.99209092050737,71.17209092050737,10.18
2,5,3890261,0,Return to Base,11.199994418630611,,,
