Operator,Task,Start,Finish,Successor
1,3884745,0.0,11.302967668899035,3885878
1,3885878,22.369009222194126,33.59197689109316,3888331
1,3888331,44.64964639030481,55.83297972363814,0
2,3885272,0.0,11.276301002232369,3891379
2,3891379,22.31164502388808,33.51127935945378,3885264
2,3885264,44.546623381109484,55.82292438334186,0
