Operator,Task,Start,Finish,Successor
1,3880547,0.0,10.583333333333334,3884794
1,3884794,20.99356398342334,31.566897316756673,3880575
1,3880575,41.977127966846666,52.56046130018,0
2,3880588,0.0,10.583333333333334,3880671
2,3880671,21.0075174068958,31.564184073562465,3880562
2,3880562,41.988368147124916,52.57170148045825,0
