Operator,Task,Start,Finish,Successor
1,3884453,0.0,10.896666666666667,3883610
1,3883610,21.38503648820238,31.97503648820238,3884989
1,3884989,42.46340630973809,53.164325899272,0
