Operator_ID,Sequence_Rank,From_Node,To_Node,Activity_Type,Travel_Time,Start_Service,Finish_Service,Processing_Time
1,1,0,3888325,Service,11.462318779912652,0.0,10.173333333333334,10.173333333333334
1,2,3888325,3882143,Service,10.142324919418979,20.315658252752314,30.625658252752316,10.310000000000002
1,3,3882143,3881679,Service,10.111627387779592,40.73728564053191,50.87395230719858,10.13666666666667
1,4,3881679,3873632,Service,10.108836703085101,60.98278901028368,71.20520818253127,10.222419172247584
1,5,3873632,3882165,Service,10.11441807247408,81.31962625500535,91.54537876058626,10.225752505580914
1,6,3882165,0,Return to Base,11.462318779912652,,,
