Operator,Task,Start,Finish,Successor
1,3888280,0.0,10.317101677540238,3894132
1,3894132,20.550559139472163,30.783892472805498,0
2,3891378,0.0,10.293768344206905,3882138
2,3882138,20.46679079526526,30.783892472805498,0
3,3883430,0.0,10.317101677540238,3873644
3,3873644,20.50965892146003,30.73965892146003,0
4,3889705,0.0,10.323768344206904,3894280
4,3894280,20.527488326904653,30.767488326904655,0
