Operator,Task,Start,Finish,Successor
1,3883328,0.0,10.246666666666666,3891149
1,3891149,20.42247980241953,30.665813135752867,3887342
1,3887342,40.84162627150573,51.078292938172396,0
2,3887369,0.0,10.236666666666666,3888022
2,3888022,20.409689117725026,30.656355784391693,3887326
2,3887326,40.82937823545005,51.066044902116715,3887375
2,3887375,61.247439407258554,71.48410607392522,0
