Operator,Task,Start,Finish,Successor
1,3877557,-1.7763568394002505e-15,10.840508282971287,3880956
1,3880956,21.44329617698108,32.2671377932857,3877079
1,3877079,63.989681861944845,74.8068568115828,0
2,3883105,0.0,10.75,3873657
2,3873657,21.330462416453884,32.113795749787215,3879073
2,3879073,42.68867679685212,53.43201013018545,3871727
2,3871727,64.00968186194484,74.8068568115828,0
