Operator,Task,Start,Finish,Successor
1,3885033,0.0,10.186666666666667,3885646
1,3885646,20.342945009558093,30.52961167622476,3885606
1,3885606,40.68589001911619,50.872556685782854,3885079
1,3885079,61.02883502867428,71.21550169534095,0
2,3885496,0.0,10.186666666666667,3885635
2,3885635,20.342945009558093,30.52961167622476,3885075
2,3885075,40.68589001911619,50.872556685782854,3885084
2,3885084,61.02883502867428,71.21550169534095,0
