Operator,Task,Start,Finish,Successor
1,3889791,-1.7763568394002505e-15,10.073333333333332,3890062
1,3890062,20.20604601839064,30.279379351723975,3890077
1,3890077,40.337983730308245,50.407983730308246,0
2,3898020,0.0,10.116666666666667,3884612
2,3884612,20.228294054446277,30.29162738777961,3889383
2,3889383,40.34465039697491,50.407983730308246,0
3,3890065,0.07131762177852252,10.144650955111857,3889757
3,3889757,20.20604601839064,30.279379351723975,3890075
3,3890075,40.337983730308245,50.407983730308246,0
