Operator,Task,Start,Finish,Successor
1,3888362,0.0,11.21,3883389
1,3883389,21.974647606290198,33.1846476062902,3891535
1,3891535,43.949295212580395,55.159295212580396,3888405
1,3888405,65.92394281887059,77.1339428188706,0
2,3890891,0.0,11.21,3879702
2,3879702,21.974647606290198,33.1846476062902,3890549
2,3890549,43.949295212580395,55.159295212580396,0
