Operator_ID,Sequence_Rank,From_Node,To_Node,Activity_Type,Travel_Time,Start_Service,Finish_Service,Processing_Time
1,1,0,3881971,Service,11.199994418630611,0.0,10.233333333333333,10.233333333333333
1,2,3881971,3880480,Service,10.13953423472449,20.372867568057828,30.606200901391162,10.233333333333334
1,3,3880480,3883264,Service,10.13953423472449,40.745735136115655,50.97906846944899,10.233333333333334
1,4,3883264,3880097,Service,10.13953423472449,61.11860270417348,71.33860270417348,10.219999999999999
1,5,3880097,0,Return to Base,11.199994418630611,,,
2,1,0,3883456,Service,11.199994418630611,0.0,10.233333333333333,10.233333333333333
2,2,3883456,3883394,Service,10.13953423472449,20.372867568057828,30.606200901391162,10.233333333333334
2,3,3883394,3883453,Service,10.13953423472449,40.745735136115655,50.97906846944899,10.233333333333334
2,4,3883453,0,Return to Base,11.199994418630611,,,
