Operator,Task,Start,Finish,Successor
1,3894163,0.0,11.21,3890794
1,3890794,21.974647606290198,33.1846476062902,3877691
1,3877691,43.949295212580395,55.159295212580396,3890785
1,3890785,65.92394281887059,77.1339428188706,3878247
1,3878247,87.89859042516079,99.1085904251608,3890858
1,3890858,109.873238031451,121.083238031451,3887959
1,3887959,131.8478856377412,143.0578856377412,3888379
1,3888379,153.8225332440314,165.0325332440314,3878131
1,3878131,175.7971808503216,187.00718085032162,0
