Operator_ID,Sequence_Rank,From_Node,To_Node,Activity_Type,Travel_Time,Start_Service,Finish_Service,Processing_Time
1,1,0,3881605,Service,11.199994418630611,0.0,10.193333333333333,10.193333333333333
1,2,3881605,3880408,Service,10.161859712280409,20.35519304561374,30.548526378947074,10.193333333333335
1,3,3880408,3891097,Service,10.186975874530816,40.73550225347789,50.99216892014456,10.256666666666668
1,4,3891097,3887665,Service,10.186975874530816,61.17914479467537,71.42914479467538,10.250000000000007
1,5,3887665,3889391,Service,10.192557243919795,81.62170203859517,91.87170203859517,10.25
1,6,3889391,3888644,Service,10.192557243919795,102.06425928251497,112.31425928251497,10.25
1,7,3888644,3889413,Service,10.192557243919795,122.50681652643476,132.75681652643476,10.25
1,8,3889413,0,Return to Base,11.199994418630611,,,
