Operator,Task,Start,Finish,Successor
1,3887923,0.0,10.293333333333333,3887993
1,3887993,20.536122901753956,30.82945623508729,0
2,3887942,0.0,10.293333333333333,3887973
2,3887973,20.536122901753956,30.82945623508729,0
3,3888004,0.0,10.293333333333333,3887932
3,3887932,20.536122901753956,30.82945623508729,0
4,3887983,0.0,10.293333333333333,3887955
4,3887955,20.536122901753956,30.82945623508729,0
