Operator,Task,Start,Finish,Successor
1,3883164,0.0,10.26,3881241
1,3881241,20.44418518983631,30.70418518983631,3881223
1,3881223,40.88837037967262,51.14837037967262,3881952
1,3881952,61.33255556950893,71.59255556950893,3881889
1,3881889,81.77674075934524,92.03674075934525,3881208
1,3881208,102.22092594918156,112.48092594918157,3894447
1,3894447,122.66790182371238,132.92456849037904,0
