Operator,Task,Start,Finish,Successor
1,3877549,0.0,11.17,3882152
1,3882152,22.023949516513873,33.34675909750722,3877581
1,3877581,44.20070861402108,55.554084981767105,3879747
1,3879747,66.3801276513361,77.58679431800276,3877561
1,3877561,88.41283698757175,99.61617032090508,3888195
1,3888195,110.49802668436388,121.57620289199521,3891482
1,3891482,132.4301524085091,143.6401524085091,0
