Operator,Task,Start,Finish,Successor
1,3883349,0.0,10.153333333333332,3876909
1,3876909,20.28170482927986,30.448371495946528,0
2,3888153,0.0,10.153333333333332,3886918
2,3886918,20.281704829279875,30.435038162613207,0
3,3876972,0.0,10.206666666666667,0
4,3876943,0.0,10.196666666666667,3888138
4,3888138,20.32782884730768,30.474495513974347,0
