Operator_ID,Sequence_Rank,From_Node,To_Node,Activity_Type,Travel_Time,Start_Service,Finish_Service,Processing_Time
1,1,0,3888362,Service,11.174878256380202,0.0,11.21,11.21
1,2,3888362,3883389,Service,10.764647606290204,21.974647606290198,33.1846476062902,11.21
1,3,3883389,3891535,Service,10.764647606290204,43.949295212580395,55.159295212580396,11.21
1,4,3891535,3888405,Service,10.764647606290204,65.92394281887059,77.1339428188706,11.210000000000008
1,5,3888405,0,Return to Base,11.174878256380202,,,
2,1,0,3890891,Service,11.174878256380202,0.0,11.21,11.21
2,2,3890891,3879702,Service,10.764647606290204,21.974647606290198,33.1846476062902,11.21
2,3,3879702,3890549,Service,10.764647606290204,43.949295212580395,55.159295212580396,11.21
2,4,3890549,0,Return to Base,11.174878256380202,,,
