Operator,Task,Start,Finish,Successor
1,3885516,0.0,10.353333333333333,3890021
1,3890021,20.64356454156028,30.996897874893612,3887441
1,3887441,41.28712908312056,51.64046241645389,3885807
1,3885807,61.93069362468085,72.28402695801418,3885598
1,3885598,82.57425816624112,92.92759149957446,0
2,3889734,0.0,10.353333333333333,3885617
2,3885617,20.643564541560288,30.99689787489362,3886468
2,3886468,41.28712908312057,51.6404624164539,3886446
2,3886446,61.93069362468085,72.28402695801418,0
