Operator,Task,Start,Finish,Successor
1,3894355,0.0,11.33,3894339
1,3894339,22.34022785940529,33.67022785940529,3894371
1,3894371,44.68045571881058,56.010455718810576,3894431
1,3894431,67.02068357821587,78.35068357821586,3885441
1,3885441,89.34416732945422,100.59416732945422,3894314
1,3894314,111.58765108069258,122.91765108069258,3894403
1,3894403,133.92787894009786,145.25787894009787,3894387
1,3894387,156.26810679950316,167.59810679950317,0
