Operator,Task,Start,Finish,Successor
1,3891503,0.0,10.093333333333334,3883290
1,3883290,20.16868182008456,30.282015153417895,3887852
1,3887852,40.357363640169126,50.45069697350246,3888374
1,3888374,60.54278956842063,70.65278956842063,0
2,3888664,1.7763568394002505e-15,10.10666666666667,3883874
2,3883874,20.195968576890333,30.309301910223667,3883968
2,3883968,40.3818597122804,50.471859712280406,3883897
2,3883897,60.54441751433714,70.65775084767047,0
