Operator,Task,Start,Finish,Successor
1,3876825,0.0,10.63,3876758
1,3876758,21.182555569508963,31.812555569508966,3876846
1,3876846,42.36511113901793,52.99511113901793,0
2,3876810,0.0,10.63,3876791
2,3876791,21.18255556950897,31.812555569508973,3876866
2,3876866,42.36511113901793,52.99511113901793,0
3,3876776,0.0,10.63,3876771
3,3876771,21.182555569508963,31.812555569508966,3876914
3,3876914,42.36511113901793,52.99511113901793,0
