Operator_ID,Sequence_Rank,From_Node,To_Node,Activity_Type,Travel_Time,Start_Service,Finish_Service,Processing_Time
1,1,0,3880894,Service,11.174878256380202,0.0,10.18,10.18
1,2,3880894,3885633,Service,10.14511560411347,20.32511560411347,30.498448937446803,10.173333333333332
1,3,3885633,3880792,Service,10.14511560411347,40.64356454156027,50.82356454156027,10.18
1,4,3880792,3872036,Service,10.150696973502448,60.97426151506272,71.16759484839605,10.193333333333328
1,5,3872036,0,Return to Base,11.174878256380202,,,
