Operator_ID,Sequence_Rank,From_Node,To_Node,Activity_Type,Travel_Time,Start_Service,Finish_Service,Processing_Time
1,1,0,3888232,Service,11.49022562685755,-1.7763568394002505e-15,10.243333333333332,10.243333333333334
1,2,3888232,3887822,Service,10.170231766363877,20.413565099697223,30.626898433030554,10.213333333333331
1,3,3887822,3886841,Service,10.150696973502448,40.77759540653301,51.044262073199675,10.266666666666666
1,4,3886841,3883603,Service,10.12837149594653,61.17263356914622,71.41596690247955,10.243333333333332
1,5,3883603,0,Return to Base,11.487434942163059,,,
2,1,0,3889937,Service,11.49022562685755,0.0,10.359949450302405,10.359949450302405
2,2,3889937,3888184,Service,10.170231766363877,20.530181216666286,30.790821486050387,10.260640269384101
2,3,3888184,3883751,Service,10.167441081669388,61.042684118843816,71.41596690247955,10.373282783635737
2,4,3883751,0,Return to Base,11.487434942163059,,,
