Operator_ID,Sequence_Rank,From_Node,To_Node,Activity_Type,Travel_Time,Start_Service,Finish_Service,Processing_Time
1,1,0,3877499,Service,11.462318779912652,0.0,10.11,10.11
1,2,3877499,3890098,Service,10.142324919418979,20.252324919418967,30.4256582527523,10.173333333333332
1,3,3890098,0,Return to Base,11.462318779912652,,,
2,1,0,3885283,Service,11.462318779912652,0.0,10.226317410676437,10.226317410676437
2,2,3885283,3888183,Service,10.083720540834694,20.310037951511127,30.416704618177796,10.10666666666667
2,3,3888183,0,Return to Base,11.462318779912652,,,
3,1,0,3873545,Service,11.462318779912652,0.0,10.226317410676437,10.226317410676437
3,2,3873545,3881629,Service,10.036278901028368,20.262596311704804,30.305929645038137,10.043333333333333
3,3,3881629,0,Return to Base,11.462318779912652,,,
