Operator,Task,Start,Finish,Successor
1,3880975,0.0,10.02,3878896
1,3878896,20.028372054083484,30.211705387416817,3883325
1,3883325,40.22286812619477,50.24953479286144,3879149
1,3879149,60.27744163980633,70.464108306473,0
2,3884390,-1.7763568394002505e-15,10.169999999999998,3886526
2,3886526,20.30395286533551,30.477286198668846,3879706
2,3879706,40.62240180278232,50.80573513611566,0
