Operator,Task,Start,Finish,Successor
1,3889524,0.0,10.223333333333333,3889493
1,3889493,20.387983730308218,30.61131706364155,3890023
1,3890023,40.75922335244951,51.00589001911618,0
2,3884344,0.0,10.256666666666666,3884598
2,3884598,20.43247980241952,30.669146469086186,0
