Operator_ID,Sequence_Rank,From_Node,To_Node,Activity_Type,Travel_Time,Start_Service,Finish_Service,Processing_Time
1,1,0,3879971,Service,10.862321570597345,0.0,10.56,10.56
1,2,3879971,3880224,Service,10.368370379672653,21.12635466811782,31.533021334784486,10.406666666666666
1,3,3880224,0,Return to Base,10.876274994069796,,,
2,1,0,3880011,Service,10.862321570597345,0.0,10.56,10.56
2,2,3880011,3879988,Service,10.426974758256938,20.986974758256935,31.546974758256937,10.560000000000002
2,3,3879988,0,Return to Base,10.862321570597345,,,
3,1,0,3880107,Service,10.876274994069796,0.0,10.406666666666666,10.406666666666666
3,2,3880107,3879947,Service,10.368370379672653,20.77503704633932,31.335037046339323,10.560000000000002
3,3,3879947,0,Return to Base,10.862321570597345,,,
