Operator,Task,Start,Finish,Successor
1,3889737,0.0,11.113333333333333,3884845
1,3884845,22.340227301268378,33.346893967935046,0
2,3884862,0.0,11.006666666666666,3884826
2,3884826,22.08108027404524,33.08774694071191,0
3,3884814,0.0,11.006666666666666,3876721
3,3876721,22.136893967935045,33.346893967935046,0
