Operator_ID,Sequence_Rank,From_Node,To_Node,Activity_Type,Travel_Time,Start_Service,Finish_Service,Processing_Time
1,1,0,3874572,Service,11.174878256380202,0.0,11.21,11.21
1,2,3874572,3874733,Service,10.764647606290204,21.974647606290205,33.184647606290206,11.21
1,3,3874733,3877720,Service,10.764647606290204,43.94929521258041,55.15929521258041,11.21
1,4,3877720,3880974,Service,10.764647606290204,65.92394281887061,77.13394281887062,11.210000000000008
1,5,3880974,0,Return to Base,11.174878256380202,,,
2,1,0,3877319,Service,11.174878256380202,-1.7763568394002505e-15,11.209999999999999,11.21
2,2,3877319,3877349,Service,10.764647606290204,21.974647606290205,33.184647606290206,11.21
2,3,3877349,3881095,Service,10.764647606290204,43.94929521258041,55.15929521258041,11.21
2,4,3881095,0,Return to Base,11.174878256380202,,,
