Operator,Task,Start,Finish,Successor
1,3879962,0.0,10.473333333333333,0
2,3879997,0.0,10.473333333333333,3879977
2,3879977,20.82775028953353,31.301083622866862,0
3,3879930,0.0,10.473333333333333,3880002
3,3880002,20.82775028953353,31.301083622866862,0
4,3879983,0.0,10.473333333333333,3879961
4,3879961,20.82775028953353,31.301083622866862,0
5,3879911,0.0,10.473333333333333,3879907
5,3879907,20.82775028953353,31.301083622866862,0
