Operator_ID,Sequence_Rank,From_Node,To_Node,Activity_Type,Travel_Time,Start_Service,Finish_Service,Processing_Time
1,1,0,3883184,Service,11.174878256380202,0.0,10.14,10.14
1,2,3883184,3874886,Service,10.111627387779592,20.251627387779585,30.398294054446254,10.146666666666668
1,3,3874886,3886754,Service,10.119999441863062,40.51829349630932,50.66829349630932,10.149999999999999
1,4,3886754,0,Return to Base,11.174878256380202,,,
2,1,0,3886578,Service,11.174878256380202,0.0,10.15,10.15
2,2,3886578,3885609,Service,10.119999441863062,20.269999441863057,30.426666108529723,10.156666666666666
2,3,3885609,0,Return to Base,11.174878256380202,,,
