Operator,Task,Start,Finish,Successor
1,3888538,-1.2434497875801753e-13,10.636666666666542,3889469
1,3889469,21.367826056622874,32.01782605662287,3889667
1,3889667,42.748985446579205,53.3989854465792,3885067
1,3885067,64.13014483653554,74.7668115032022,3888583
1,3888583,85.49797089315854,96.14797089315854,3887846
1,3887846,106.87913028311488,117.51579694978155,3886885
1,3886885,128.2469563397379,138.90028967307123,3889349
1,3889349,149.63144906302756,160.28144906302757,0
