Operator,Task,Start,Finish,Successor
1,3880753,0.0,10.406666666666666,3890019
1,3890019,20.708060613671563,31.101393947004894,3883427
1,3883427,41.391625155231836,51.78495848856517,3883450
1,3883450,62.08635243557006,72.49301910223673,0
2,3883435,0.0,10.406666666666666,3883464
2,3883464,20.719223352449518,31.14255668578285,3880754
2,3880754,41.46906679503816,51.89240012837149,0
