Operator_ID,Sequence_Rank,From_Node,To_Node,Activity_Type,Travel_Time,Start_Service,Finish_Service,Processing_Time
1,1,0,3883604,Service,11.174878256380202,0.0,10.346666666666668,10.346666666666668
1,2,3883604,3882329,Service,10.343254217422244,20.689920884088906,31.04325421742224,10.353333333333335
1,3,3882329,3890801,Service,10.343254217422244,41.38650843484447,51.733175101511144,10.346666666666671
1,4,3890801,3890547,Service,10.343254217422244,62.076429318933386,72.42976265226672,10.353333333333332
1,5,3890547,0,Return to Base,11.174878256380202,,,
2,1,0,3890486,Service,11.174878256380202,0.0,10.353333333333333,10.353333333333333
2,2,3890486,3878058,Service,10.348835586811225,20.70216892014456,31.05550225347789,10.353333333333332
2,3,3878058,3878028,Service,10.348835586811225,41.40433784028911,51.76100450695578,10.35666666666667
2,4,3878028,0,Return to Base,11.174878256380202,,,
