Operator,Task,Start,Finish,Successor
1,3876619,0.0,10.586666666666666,3876613
1,3876613,21.178291821898505,31.76495848856517,3876610
1,3876610,42.35658364379701,52.943250310463675,3876647
1,3876647,63.534875465695514,74.12154213236218,0
