Operator_ID,Sequence_Rank,From_Node,To_Node,Activity_Type,Travel_Time,Start_Service,Finish_Service,Processing_Time
1,1,0,3895269,Service,11.34790070743857,0.0,10.686666666666667,10.686666666666667
1,2,3895269,3895282,Service,10.644648164427142,21.331314831093806,32.01798149776047,10.686666666666667
1,3,3895282,3895258,Service,10.644648164427142,42.66262966218761,53.34929632885428,10.686666666666667
1,4,3895258,0,Return to Base,11.34790070743857,,,
2,1,0,3895050,Service,11.34790070743857,0.0,10.82,10.82
2,2,3895050,3895060,Service,10.66976432667755,42.52929632885428,53.34929632885428,10.82
2,3,3895060,0,Return to Base,11.34790070743857,,,
