Operator,Task,Start,Finish,Successor
1,3886534,0.0,11.06,3885330
1,3885330,21.91953088590288,32.90953088590288,3885346
1,3885346,43.76906177180575,54.829061771805755,3887856
1,3887856,65.68859265770864,76.67859265770863,3884008
1,3884008,87.53812354361149,98.64479021027816,3880688
1,3880688,109.51827451965347,120.6616078529868,3877746
1,3877746,131.51834805419517,142.52501472086183,3886510
1,3886510,153.40128971493164,164.46128971493164,0
