Operator_ID,Sequence_Rank,From_Node,To_Node,Activity_Type,Travel_Time,Start_Service,Finish_Service,Processing_Time
1,1,0,3889396,Service,11.199994418630611,0.0,10.64,10.64
1,2,3889396,3889403,Service,10.770228975679183,21.410228975679175,32.050228975679175,10.64
1,3,3889403,3888617,Service,10.770228975679183,42.82045795135835,53.45712461802502,10.63666666666667
1,4,3888617,3889355,Service,10.767438290984693,64.22456290900972,74.86122957567639,10.63666666666667
1,5,3889355,3889367,Service,10.767438290984693,85.62866786666109,96.26533453332776,10.63666666666667
1,6,3889367,3888700,Service,10.767438290984693,107.03277282431246,117.66943949097913,10.63666666666667
1,7,3888700,3888681,Service,10.767438290984693,128.43687778196383,139.07354444863049,10.636666666666656
1,8,3888681,3889382,Service,10.770228975679183,149.84377342430966,160.48377342430967,10.640000000000015
1,9,3889382,0,Return to Base,11.199994418630611,,,
