Operator,Task,Start,Finish,Successor
1,3877648,7.105427357601002e-15,11.318745293648199,3877598
1,3877598,22.415484378582683,33.83847308333834,0
2,3877572,1.7763568394002505e-15,11.266666666666667,3877597
2,3877597,22.41084739140748,33.847169429496475,0
3,3885332,-1.7763568394002505e-15,11.348290254761123,3877685
3,3877685,22.481308240723976,33.771308240723975,0
4,3884793,-1.7763568394002505e-15,11.556666666666665,0
