Operator,Task,Start,Finish,Successor
1,3876631,0.0,11.21,3890914
1,3890914,22.086274994069804,32.96294166073647,3894123
1,3894123,43.738752005804635,54.57875200580463,3889727
1,3889727,65.3545623508728,76.23122901753946,3876986
1,3876986,87.15773633611008,98.37773633611008,0
