Operator_ID,Sequence_Rank,From_Node,To_Node,Activity_Type,Travel_Time,Start_Service,Finish_Service,Processing_Time
1,1,0,3891366,Service,11.22231989618653,0.0,10.183333333333334,10.183333333333334
1,2,3891366,3891350,Service,10.153487658196939,20.336820991530285,30.52015432486362,10.183333333333334
1,3,3891350,3891318,Service,10.153487658196939,40.67364198306057,50.8569753163939,10.18333333333333
1,4,3891318,3891376,Service,10.153487658196939,61.01046297459085,71.19379630792419,10.183333333333337
1,5,3891376,3891336,Service,10.153487658196939,81.34728396612114,91.53061729945448,10.183333333333337
1,6,3891336,3882319,Service,10.178603820447346,101.70922111990181,111.9192211199018,10.209999999999994
1,7,3882319,0,Return to Base,11.22231989618653,,,
