Operator,Task,Start,Finish,Successor
1,3890103,0.0,11.286666666666667,3883614
1,3883614,22.436428760796446,33.78642876079645,3881667
1,3881667,44.922237431453794,56.30308135314329,3873703
1,3873703,67.46958755544003,78.78292088877336,0
2,3881652,0.0,11.449817167782852,3878593
2,3878593,22.63864884763551,34.01198218096884,3879069
2,3879069,45.23151139246089,56.74671540139036,0
