Operator_ID,Sequence_Rank,From_Node,To_Node,Activity_Type,Travel_Time,Start_Service,Finish_Service,Processing_Time
1,1,0,3883195,Service,10.915344579792652,0.0,10.346666666666668,10.346666666666668
1,2,3883195,3883215,Service,10.290231208226938,20.63689787489361,30.983564541560277,10.346666666666668
1,3,3883215,3880628,Service,10.446509551118368,41.430074092678645,51.790074092678644,10.36
1,4,3880628,3880618,Service,10.440928181729387,62.231002274408034,72.59100227440803,10.359999999999992
1,5,3880618,3880609,Service,10.440928181729387,83.03193045613742,93.39193045613742,10.36
1,6,3880609,0,Return to Base,10.898600471625713,,,
