Operator,Task,Start,Finish,Successor
1,3891494,0.0,11.246666666666666,3888324
1,3888324,22.290382742405836,33.67039646925156,3888291
1,3888291,44.705740490907274,56.08908755108633,3888265
1,3888265,67.13001294213103,78.4566796087977,0
