Operator_ID,Sequence_Rank,From_Node,To_Node,Activity_Type,Travel_Time,Start_Service,Finish_Service,Processing_Time
1,1,0,3880479,Service,10.842786777735917,0.0,10.73,10.73
1,2,3880479,3880969,Service,10.566508992981428,21.296508992981433,31.989842326314765,10.693333333333332
1,3,3880969,0,Return to Base,10.792554453235102,,,
2,1,0,3882902,Service,10.904181841014694,0.0,10.693333333333333,10.693333333333333
2,2,3882902,3880994,Service,10.588834470537346,21.29650899298143,31.989842326314765,10.693333333333335
2,3,3880994,0,Return to Base,10.792554453235102,,,
