Operator_ID,Sequence_Rank,From_Node,To_Node,Activity_Type,Travel_Time,Start_Service,Finish_Service,Processing_Time
1,1,0,3888145,Service,10.859530885902856,0.0,10.293333333333333,10.293333333333333
1,2,3888145,3882118,Service,10.181394505141837,20.474727838475175,30.708061171808506,10.23333333333333
1,3,3882118,3884219,Service,10.293021892921429,41.001083064729926,51.364416398063256,10.36333333333333
1,4,3884219,0,Return to Base,10.906972525709183,,,
2,1,0,3882115,Service,10.865112255291836,0.0,10.3,10.3
2,2,3882115,3884242,Service,10.251161622504082,20.551161622504065,30.851161622504065,10.3
2,3,3884242,3882111,Service,10.251161622504082,41.10232324500814,51.41565657834147,10.313333333333333
2,4,3882111,0,Return to Base,10.865112255291836,,,
