Operator,Task,Start,Finish,Successor
1,3878193,0.0,11.863333333333333,3881446
1,3881446,23.49309319491538,34.70642652824871,3881828
1,3881828,45.67479411723665,57.40146078390332,0
2,3880794,0.0,11.786666666666667,3878188
2,3878188,23.176427644522594,35.03976097785593,0
3,3878700,0.0,11.176666666666666,3886901
3,3886901,22.18131315668297,33.35797982334964,3878873
3,3878873,44.36262631336595,55.53929298003261,0
