Operator,Task,Start,Finish,Successor
1,3880059,0.0,10.396666666666667,3879974
1,3879974,20.81247868614564,31.209145352812307,3880085
1,3880085,41.62495737229128,52.021624038957945,3880064
1,3880064,62.43743605843691,72.83410272510358,0
2,3880021,0.0,10.396666666666667,3880073
2,3880073,20.81247868614564,31.209145352812307,3880014
2,3880014,41.62495737229128,52.021624038957945,3880048
2,3880048,62.43743605843691,72.83410272510358,0
