Operator,Task,Start,Finish,Successor
1,3888325,0.0,10.173333333333334,3882143
1,3882143,20.315658252752314,30.625658252752316,3881679
1,3881679,40.73728564053191,50.87395230719858,3873632
1,3873632,60.98278901028368,71.20520818253127,3882165
1,3882165,81.31962625500535,91.54537876058626,0
