Operator,Task,Start,Finish,Successor
1,3887370,0.0,10.16,3887958
1,3887958,20.29674355002999,30.460076883363325,0
2,3886812,0.0,10.16,3887887
2,3887887,20.29674355002999,30.460076883363325,0
3,3886826,-1.7763568394002505e-15,10.159999999999998,3888010
3,3888010,20.296743550029987,30.46007688336332,0
