Operator_ID,Sequence_Rank,From_Node,To_Node,Activity_Type,Travel_Time,Start_Service,Finish_Service,Processing_Time
1,1,0,3877514,Service,10.639066795038163,-1.7763568394002505e-15,11.481227676775324,11.481227676775326
1,2,3877514,3877636,Service,10.851158831819387,22.332386508594553,33.62238650859455,11.29
1,3,3877636,3877638,Service,10.839996093041428,44.46238260163599,54.46238260163599,10.0
1,4,3877638,3878757,Service,10.839996093041428,65.30237869467742,76.53571202801075,11.233333333333334
1,5,3878757,3890120,Service,10.890228417542243,87.425940445553,98.535940445553,11.11
1,6,3890120,3888263,Service,10.890228417542243,109.42616886309523,120.54950219642856,11.123333333333335
1,7,3888263,3891460,Service,10.834414723652449,131.38391692008102,142.52058358674768,11.136666666666656
1,8,3891460,3888334,Service,10.93487937265408,153.45546295940176,164.63212962606843,11.176666666666677
1,9,3888334,0,Return to Base,10.636276110343672,,,
