Operator,Task,Start,Finish,Successor
1,3871811,1.7763568394002505e-15,11.223333333333334,3872917
1,3872917,21.999143678401484,33.22247701173482,3890424
1,3890424,43.99828735680296,55.2216206901363,0
2,3889784,0.0,11.223333333333333,3880405
2,3880405,21.999143678401477,33.22247701173481,3889981
2,3889981,43.99828735680296,55.22162069013629,0
