Operator,Task,Start,Finish,Successor
1,3890787,0.0,11.21,3885086
1,3885086,21.974647606290198,33.1846476062902,3884589
1,3884589,43.949295212580395,55.159295212580396,3890499
1,3890499,65.92394281887059,77.1339428188706,3887020
1,3887020,87.89859042516079,99.1085904251608,3879169
1,3879169,109.873238031451,121.083238031451,3891291
1,3891291,131.8478856377412,143.0578856377412,0
