Operator_ID,Sequence_Rank,From_Node,To_Node,Activity_Type,Travel_Time,Start_Service,Finish_Service,Processing_Time
1,1,0,3890099,Service,10.563718308286939,0.0,11.415752505580922,11.415752505580922
1,2,3890099,3873606,Service,11.07162292268408,22.487375428265004,33.91312793384593,11.425752505580924
1,3,3873606,0,Return to Base,10.555346254203469,,,
2,1,0,3871710,Service,10.622322686871223,0.0,11.213333333333333,11.213333333333333
2,2,3871710,3873727,Service,11.029762652266733,22.243095985600053,33.40309598560005,11.16
2,3,3873727,3877594,Service,11.063250868600612,44.46634685420068,55.72634685420068,11.259999999999998
2,4,3877594,0,Return to Base,10.563718308286939,,,
