Operator,Task,Start,Finish,Successor
1,3890820,0.0,11.21,0
2,3891127,0.0,11.21,3883525
2,3883525,21.974647606290198,33.1846476062902,0
3,3887627,0.0,11.21,3885642
3,3885642,21.974647606290198,33.1846476062902,0
4,3887119,0.0,11.21,3887151
4,3887151,21.974647606290198,33.1846476062902,0
