Operator,Task,Start,Finish,Successor
1,3878800,0.0,10.33,3878726
1,3878726,20.678835586811218,31.008835586811216,0
2,3880844,1.7763568394002505e-15,10.336666666666668,3888674
2,3888674,20.596200343254218,30.956200343254217,0
3,3890018,0.0,10.28,3888695
3,3888695,20.503254775559185,30.863254775559184,0
