Operator,Task,Start,Finish,Successor
1,3881311,0.0,11.223333333333333,3874462
1,3874462,21.999143678401484,33.22247701173482,3873353
1,3873353,43.99828735680297,55.221620690136305,3881067
1,3881067,65.99743103520446,77.22076436853779,3877696
1,3877696,87.99657471360594,99.21990804693927,3873334
1,3873334,109.99571839200742,121.21905172534075,3881361
1,3881361,131.99486207040889,143.21819540374221,0
