Operator,Task,Start,Finish,Successor
1,3873553,1.7763568394002505e-15,11.355725531277004,3873692
1,3873692,22.444823453961277,33.704823453961275,0
2,3873676,0.0,11.294529432305167,3891423
2,3891423,22.377315093767223,33.67184452607239,0
3,3881632,0.0,11.196666666666667,3881690
3,3881690,22.273870958739714,33.61292982335005,0
4,3891396,0.0,11.2978627656385,3873572
4,3873572,22.383439111795024,33.68249797640536,0
