Operator,Task,Start,Finish,Successor
1,3876813,0.0,10.593333333333334,3876824
1,3876824,21.073331100785566,31.6666644341189,3876878
1,3876878,42.14666220157113,52.739995534904466,3876903
1,3876903,63.2199933023567,73.81332663569003,3876841
1,3876841,84.29332440314226,94.8866577364756,3876772
1,3876772,105.36665550392783,115.95998883726116,3876775
1,3876775,126.42603318124097,137.0193665145743,3876786
1,3876786,147.49936428202653,158.09269761535987,3876864
1,3876864,168.5726953828121,179.16602871614543,0
