Operator_ID,Sequence_Rank,From_Node,To_Node,Activity_Type,Travel_Time,Start_Service,Finish_Service,Processing_Time
1,1,0,3887258,Service,10.92650731857061,0.0,10.0,10.0
1,2,3887258,3879141,Service,10.597206524620816,20.597206524620816,30.597206524620816,10.0
1,3,3879141,0,Return to Base,10.862321570597345,,,
2,1,0,3877494,Service,10.862321570597345,0.0,10.0,10.0
2,2,3877494,3879102,Service,10.566508992981428,20.566508992981426,30.566508992981426,10.0
2,3,3879102,0,Return to Base,10.862321570597345,,,
3,1,0,3887279,Service,10.92650731857061,0.0,10.0,10.0
3,2,3887279,3879039,Service,10.597206524620816,20.597206524620816,30.597206524620816,10.0
3,3,3879039,0,Return to Base,10.862321570597345,,,
