Operator,Task,Start,Finish,Successor
1,3885025,0.0,10.156666666666666,3881950
1,3881950,20.287828847307683,30.441162180641015,3882081
1,3882081,40.569533676587554,50.72286700992089,3876927
1,3876927,60.85123850586743,71.0079051725341,0
2,3883236,0.0,10.153333333333332,3877405
2,3877405,20.281704829279875,30.43837149594654,3882814
2,3882814,40.56674299189308,50.720076325226415,3883584
2,3883584,60.85123850586743,71.0079051725341,0
