Operator,Task,Start,Finish,Successor
1,3879279,0.0,11.273333333333333,3882195
1,3882195,22.283561192738624,33.52022785940529,3879284
1,3879284,43.52022785940529,53.52022785940529,3891071
1,3891071,63.52022785940529,74.81689452607196,3891411
1,3891411,85.82433170078278,95.82433170078278,3891383
1,3891383,105.82433170078278,115.82433170078278,0
