Operator_ID,Sequence_Rank,From_Node,To_Node,Activity_Type,Travel_Time,Start_Service,Finish_Service,Processing_Time
1,1,0,3878071,Service,11.060460183906121,0.0,10.493333333333334,10.493333333333334
1,2,3878071,3891203,Service,10.482788452146734,20.976121785480064,31.339455118813397,10.363333333333333
1,3,3891203,3890010,Service,10.0,41.33945511881339,51.749455118813394,10.410000000000004
1,4,3890010,0,Return to Base,11.247436058436938,,,
2,1,0,3890009,Service,11.208366472714081,0.0,10.363333333333333,10.363333333333333
2,2,3890009,3888575,Service,10.318138055171836,20.68147138850516,31.031471388505157,10.349999999999998
2,3,3888575,3878082,Service,10.460462974590817,41.491934363095986,51.98526769642932,10.493333333333332
2,4,3878082,0,Return to Base,11.060460183906121,,,
