Operator_ID,Sequence_Rank,From_Node,To_Node,Activity_Type,Travel_Time,Start_Service,Finish_Service,Processing_Time
1,1,0,3881492,Service,10.775810345068162,0.0,10.71,10.71
1,2,3881492,3883281,Service,10.605578578704286,21.315578578704265,31.99224524537093,10.676666666666666
1,3,3883281,3887026,Service,10.639066795038163,42.638288473076884,53.421621806410215,10.783333333333331
1,4,3887026,0,Return to Base,10.708833912400408,,,
2,1,0,3881488,Service,10.775810345068162,0.0,10.703333333333333,10.703333333333333
2,2,3881488,3881467,Service,10.622322686871223,21.325656020204562,32.028989353537895,10.703333333333333
2,3,3881467,3881478,Service,10.622322686871223,42.651312040409124,53.35464537374246,10.703333333333333
2,4,3881478,0,Return to Base,10.775810345068162,,,
