Operator_ID,Sequence_Rank,From_Node,To_Node,Activity_Type,Travel_Time,Start_Service,Finish_Service,Processing_Time
1,1,0,3880674,Service,11.199994418630611,0.0,11.223333333333333,11.223333333333333
1,2,3880674,3881054,Service,10.775810345068162,21.9991436784015,33.22247701173483,11.223333333333333
1,3,3881054,0,Return to Base,11.199994418630611,,,
2,1,0,3881287,Service,11.199994418630611,0.0,11.223333333333333,11.223333333333333
2,2,3881287,0,Return to Base,11.199994418630611,,,
3,1,0,3880739,Service,11.199994418630611,0.0,11.223333333333333,11.223333333333333
3,2,3880739,3880422,Service,10.775810345068162,21.9991436784015,33.22247701173483,11.223333333333333
3,3,3880422,0,Return to Base,11.199994418630611,,,
