Operator,Task,Start,Finish,Successor
1,3884755,0.0,10.183333333333334,3873038
1,3873038,20.33682099153029,30.520154324863622,3872126
1,3872126,40.67364198306058,50.856975316393914,3872475
1,3872475,61.010462974590865,71.1937963079242,0
2,3873254,0.0,10.183333333333334,3872335
2,3872335,20.33682099153029,30.520154324863622,3872147
2,3872147,40.67364198306058,50.856975316393914,3872954
2,3872954,61.010462974590865,71.1937963079242,0
