Operator,Task,Start,Finish,Successor
1,3889570,1.7763568394002505e-15,11.223333333333334,3889672
1,3889672,21.999143678401484,33.22247701173482,3891562
1,3891562,43.99828735680296,55.2216206901363,0
2,3889871,0.0,11.223333333333333,3889741
2,3889741,21.999143678401477,33.22247701173481,3890035
2,3890035,43.99828735680296,55.22162069013629,0
