Operator,Task,Start,Finish,Successor
1,3889601,-1.7763568394002505e-15,11.31333333333333,3873660
1,3873660,22.4937929591025,33.7837929591025,3882141
1,3882141,44.98657806242761,56.42673885254375,0
2,3888321,1.7763568394002505e-15,11.286666666666669,3891492
2,3891492,22.375033697517704,33.73186115430051,3891380
2,3891380,44.79232133820662,56.11232133820662,3891386
2,3891386,67.18394426089068,78.50394426089068,0
