Operator,Task,Start,Finish,Successor
1,3877479,0.0,10.673333333333334,3874344
1,3874344,21.267749173259645,31.817749173259646,3878430
1,3878430,42.412165013185955,53.08549834651929,3877150
1,3877150,63.6799141864456,74.2299141864456,3878448
1,3878448,84.8243300263719,95.49766335970523,0
2,3878331,0.0,10.773333333333333,3878384
2,3878384,21.4124001283715,32.185733461704835,3878391
2,3878391,63.31192989800039,74.08526323133373,3878344
2,3878344,84.72433002637189,95.49766335970523,0
