Operator,Task,Start,Finish,Successor
1,3894275,0.0,10.15,3894309
1,3894309,20.275580811252034,30.425580811252033,3880649
1,3880649,40.55116162250407,50.70116162250407,0
2,3891301,0.0,10.15,3891023
2,3891023,20.275580811252034,30.425580811252033,3894297
2,3894297,40.55116162250407,50.70116162250407,0
