Operator_ID,Sequence_Rank,From_Node,To_Node,Activity_Type,Travel_Time,Start_Service,Finish_Service,Processing_Time
1,1,0,3878641,Service,10.708833912400408,0.0,11.06,11.06
1,2,3878641,3878661,Service,10.856740201208366,21.91674020120837,32.97674020120837,11.060000000000002
1,3,3878661,3878631,Service,10.856740201208366,43.83348040241674,54.89348040241674,11.060000000000002
1,4,3878631,3878670,Service,10.856740201208366,65.75022060362511,76.81022060362511,11.060000000000002
1,5,3878670,0,Return to Base,10.708833912400408,,,
