Operator_ID,Sequence_Rank,From_Node,To_Node,Activity_Type,Travel_Time,Start_Service,Finish_Service,Processing_Time
1,1,0,3883124,Service,11.34790070743857,0.0,10.19,10.19
1,2,3883124,3879913,Service,10.078139171445715,20.26813917144571,30.441472504779043,10.173333333333332
1,3,3879913,3895086,Service,10.044650955111837,40.48612345989089,50.716123459890895,10.230000000000004
1,4,3895086,3880353,Service,10.011162738777958,60.72728619866885,70.81728619866885,10.090000000000003
1,5,3880353,0,Return to Base,11.311621806410203,,,
2,1,0,3890430,Service,11.34790070743857,1.7763568394002505e-15,10.230000000000002,10.23
2,2,3890430,3895073,Service,10.13953423472449,20.3695342347245,30.5995342347245,10.23
2,3,3895073,3879888,Service,10.044650955111837,40.64418518983635,50.81751852316968,10.173333333333332
2,4,3879888,0,Return to Base,11.34511002274408,,,
