Operator_ID,Sequence_Rank,From_Node,To_Node,Activity_Type,Travel_Time,Start_Service,Finish_Service,Processing_Time
1,1,0,3890326,Service,10.625113371565714,0.0,10.66,10.66
1,2,3890326,3871736,Service,10.54139283073102,21.24340854228584,31.870075208952507,10.626666666666665
1,3,3871736,0,Return to Base,10.641857479732652,,,
2,1,0,3885358,Service,10.591625155231837,0.0,10.67,10.67
2,2,3885358,3877567,Service,10.552555569508979,21.22255556950897,31.925888902842303,10.703333333333333
2,3,3877567,0,Return to Base,10.586043785842856,,,
3,1,0,3885312,Service,10.611159948093265,0.0,10.676666666666666,10.676666666666666
3,2,3885312,3885313,Service,10.544183515425509,21.22255556950897,31.925888902842303,10.703333333333333
3,3,3885313,0,Return to Base,10.586043785842856,,,
