Operator,Task,Start,Finish,Successor
1,3888344,0.0,10.173333333333334,3888162
1,3888162,20.32123962214129,30.43790628880796,3888364
1,3888364,40.55232436128204,50.748991027948705,3882122
1,3882122,60.93038553309054,71.1570521997572,0
