Operator,Task,Start,Finish,Successor
1,3894113,0.0,10.916666666666666,3891594
1,3891594,21.844182399151634,32.7608490658183,0
2,3891546,0.13775196394435874,11.054418630611025,3891582
2,3891582,21.844182399151634,32.7608490658183,0
3,3889404,0.0,10.916666666666666,3889369
3,3889369,21.706430435207274,32.766430435207276,0
4,3891569,0.0,10.916666666666666,3889390
4,3889390,21.706430435207274,32.766430435207276,0
