Operator,Task,Start,Finish,Successor
1,3887230,0.0,10.983333333333333,3891333
1,3891333,21.681004506955773,32.38767117362244,0
2,3887186,0.0,10.983333333333333,3887218
2,3887218,21.86239901209761,32.845732345430946,0
3,3887203,0.0,10.983333333333333,3894471
3,3894471,21.681004506955773,32.38767117362244,0
