Operator_ID,Sequence_Rank,From_Node,To_Node,Activity_Type,Travel_Time,Start_Service,Finish_Service,Processing_Time
1,1,0,3877669,Service,10.636276110343672,0.0,11.271516915074816,11.271516915074816
1,2,3877669,3873626,Service,10.876274994069796,22.168024791782354,33.28135812511569,11.113333333333333
1,3,3873626,0,Return to Base,10.636276110343672,,,
2,1,0,3880444,Service,10.636276110343672,0.0,11.2,11.2
2,2,3880444,3877576,Service,10.80650787670755,22.006507876707538,33.28135812511569,11.27485024840815
2,3,3877576,0,Return to Base,10.636276110343672,,,
3,1,0,3888204,Service,10.613950632787754,0.0,10.0,10.0
3,2,3888204,3877659,Service,10.78697308384612,20.786973083846135,32.04848999892095,11.261516915074814
3,3,3877659,0,Return to Base,10.613950632787754,,,
