Operator,Task,Start,Finish,Successor
1,3887912,0.0,11.223333333333333,3888633
1,3888633,21.999143678401484,33.22247701173482,3885766
1,3885766,43.99828735680297,55.221620690136305,3885029
1,3885029,65.99743103520446,77.22076436853779,3885131
1,3885131,87.99657471360594,99.21990804693927,3886666
1,3886666,109.99571839200742,121.21905172534075,0
