Operator,Task,Start,Finish,Successor
1,3887616,0.0,11.21,3887184
1,3887184,21.974647606290198,33.1846476062902,3883953
1,3883953,43.949295212580395,55.159295212580396,3887251
1,3887251,65.92394281887059,77.1339428188706,3887234
1,3887234,87.89859042516079,99.1085904251608,3873184
1,3873184,109.873238031451,121.083238031451,3890998
1,3890998,131.8478856377412,143.0578856377412,0
