Operator_ID,Sequence_Rank,From_Node,To_Node,Activity_Type,Travel_Time,Start_Service,Finish_Service,Processing_Time
1,1,0,3891436,Service,10.521858037869592,0.0,11.463333333333333,11.463333333333333
1,2,3891436,3888332,Service,11.043716075739182,22.567353432703175,33.82068676603651,11.253333333333334
1,3,3888332,0,Return to Base,10.544183515425509,,,
2,1,0,3878735,Service,10.527439407258571,0.0,11.356666666666667,11.356666666666667
2,2,3878735,3885258,Service,11.08278566146204,22.43945232812869,33.78983694351331,11.350384615384616
2,3,3885258,0,Return to Base,10.54697420012,,,
3,1,0,3887263,Service,10.544183515425509,0.0,11.343717948717948,11.343717948717948
3,2,3887263,3891055,Service,11.07999497676755,22.4237129254855,33.83743087420345,11.413717948717949
3,3,3891055,0,Return to Base,10.527439407258571,,,
