Operator_ID,Sequence_Rank,From_Node,To_Node,Activity_Type,Travel_Time,Start_Service,Finish_Service,Processing_Time
1,1,0,3891468,Service,10.54697420012,0.0,11.33,11.33
1,2,3891468,3891477,Service,11.0660415532951,22.396041553295078,33.68604155329508,11.29
1,3,3891477,3873592,Service,11.107901823712448,44.79394337700752,56.23886976939946,11.444926392391935
1,4,3873592,0,Return to Base,10.54139283073102,,,
2,1,0,3888335,Service,10.54976488481449,-7.105427357601002e-15,11.289999999999992,11.29
2,2,3888335,3891452,Service,11.043716075739182,22.33371607573918,33.61038274240585,11.276666666666667
2,3,3891452,3885285,Service,11.08836703085102,44.698749773256885,56.230195617099355,11.53144584384247
2,4,3885285,0,Return to Base,10.54139283073102,,,
