Operator,Task,Start,Finish,Successor
1,3887127,0.0,10.79333333333318,3883210
1,3883210,21.396121227342974,32.15612122734297,3887384
1,3887384,42.75332775196379,53.53999441863046,3883197
1,3883197,64.13720094325127,74.89720094325128,3887396
1,3887396,85.4944074678721,96.28107413453876,0
