Operator,Task,Start,Finish,Successor
1,3889481,1.7763568394002505e-15,10.560000000000002,3876684
1,3876684,21.0260443439798,31.499377677313134,0
2,3889459,-1.7763568394002505e-15,10.559999999999999,3876664
2,3876664,21.026044343979805,31.499377677313138,0
3,3889512,0.0,10.56,0
4,3889474,0.0,10.56,3876643
4,3876643,21.026044343979805,31.499377677313138,0
5,3889489,0.0,10.56,3876636
5,3876636,21.0260443439798,31.499377677313134,0
