Operator,Task,Start,Finish,Successor
1,3885431,0.0,10.14,3885638
1,3885638,20.293487658196945,30.440154324863613,3878541
1,3878541,40.593641983060564,50.733641983060565,0
2,3888124,0.0,10.136666666666667,3888026
2,3888026,20.304107748336044,30.45077441500271,3888000
2,3888000,40.60426207319966,50.740928739866334,0
