Operator_ID,Sequence_Rank,From_Node,To_Node,Activity_Type,Travel_Time,Start_Service,Finish_Service,Processing_Time
1,1,0,3880269,Service,10.0,0.0,10.383333333333333,10.383333333333333
1,2,3880269,3881961,Service,10.103255333696122,20.486588667029466,30.746588667029464,10.259999999999998
1,3,3881961,3880273,Service,10.103255333696122,40.84984400072558,51.233177334058915,10.383333333333333
1,4,3880273,0,Return to Base,10.0,,,
2,1,0,3881823,Service,11.414877140106325,0.0,10.26,10.26
2,2,3881823,3881973,Service,10.239998883726122,20.49999888372612,30.75999888372612,10.259999999999998
2,3,3881973,3880289,Service,10.103255333696122,40.86325421742224,51.24658755075557,10.383333333333333
2,4,3880289,0,Return to Base,10.0,,,
