Operator_ID,Sequence_Rank,From_Node,To_Node,Activity_Type,Travel_Time,Start_Service,Finish_Service,Processing_Time
1,1,0,3878577,Service,11.199994418630611,0.0,11.223333333333333,11.223333333333333
1,2,3878577,3878475,Service,10.775810345068162,21.999143678401484,33.22247701173482,11.223333333333333
1,3,3878475,3884161,Service,10.775810345068162,43.99828735680297,55.221620690136305,11.223333333333336
1,4,3884161,3878457,Service,10.775810345068162,65.99743103520446,77.22076436853779,11.22333333333333
1,5,3878457,0,Return to Base,11.199994418630611,,,
2,1,0,3878892,Service,11.199994418630611,0.0,11.223333333333333,11.223333333333333
2,2,3878892,3878583,Service,10.775810345068162,21.999143678401484,33.22247701173482,11.223333333333333
2,3,3878583,3880017,Service,10.775810345068162,43.99828735680297,55.221620690136305,11.223333333333336
2,4,3880017,0,Return to Base,11.199994418630611,,,
