Operator_ID,Sequence_Rank,From_Node,To_Node,Activity_Type,Travel_Time,Start_Service,Finish_Service,Processing_Time
1,1,0,3877573,Service,10.884647048153264,0.0,10.316666666666666,10.316666666666666
1,2,3877573,3888267,Service,10.256742991893061,20.57340965855973,30.90674299189306,10.333333333333332
1,3,3888267,3890769,Service,10.248370937809591,41.15511392970266,51.47178059636933,10.31666666666667
1,4,3890769,3888158,Service,10.256742991893061,61.72852358826239,72.15519025492905,10.426666666666662
1,5,3888158,0,Return to Base,10.784182399151632,,,
