Operator,Task,Start,Finish,Successor
1,3880964,0.0,10.0,3880103
1,3880103,21.356272761522035,31.356272761522035,3880999
1,3880999,42.71254552304407,52.71254552304407,3887315
1,3887315,64.0688182845661,74.0688182845661,3882030
1,3882030,84.0688182845661,94.0688182845661,0
