Operator_ID,Sequence_Rank,From_Node,To_Node,Activity_Type,Travel_Time,Start_Service,Finish_Service,Processing_Time
1,1,0,3883561,Service,10.0,0.0,10.413333333333334,10.413333333333334
1,2,3883561,3883161,Service,10.323719424560815,20.73705275789414,31.12705275789414,10.39
1,3,3883161,3883637,Service,10.323719424560815,41.45077218245495,51.86410551578828,10.413333333333334
1,4,3883637,3883135,Service,10.323719424560815,62.18782494034909,72.57782494034909,10.39
1,5,3883135,3883233,Service,10.323719424560815,82.9015443649099,93.2915443649099,10.39
1,6,3883233,3883190,Service,10.323719424560815,103.6152637894707,114.0052637894707,10.39
1,7,3883190,3883292,Service,10.323719424560815,124.32898321403151,134.7189832140315,10.39
1,8,3883292,3883593,Service,10.323719424560815,145.04270263859232,155.45603597192564,10.413333333333327
1,9,3883593,0,Return to Base,10.0,,,
