Operator,Task,Start,Finish,Successor
1,3884283,0.0,11.21,3884033
1,3884033,21.974647606290198,33.1846476062902,3884240
1,3884240,43.949295212580395,55.159295212580396,3884363
1,3884363,65.92394281887059,77.1339428188706,0
2,3884364,0.0,11.21,3883776
2,3883776,21.974647606290198,33.1846476062902,3883777
2,3883777,43.949295212580395,55.159295212580396,3884234
2,3884234,65.92394281887059,77.1339428188706,0
