Operator,Task,Start,Finish,Successor
1,3880673,0.0,11.223333333333333,3872886
1,3872886,21.9991436784015,33.22247701173483,3871835
1,3871835,43.998287356803,55.221620690136334,3872644
1,3872644,65.9974310352045,77.22076436853783,0
