Operator_ID,Sequence_Rank,From_Node,To_Node,Activity_Type,Travel_Time,Start_Service,Finish_Service,Processing_Time
1,1,0,3877511,Service,10.636276110343672,0.0,11.24,11.24
1,2,3877511,3891493,Service,10.876274994069796,22.11627499406979,33.382941660736456,11.266666666666666
1,3,3891493,3873562,Service,10.853949516513877,44.236891177250335,54.236891177250335,10.0
1,4,3873562,3891472,Service,10.853949516513877,65.09084069376422,76.508805901746,11.41796520798178
1,5,3891472,3877515,Service,10.867902939986326,87.37670884173232,98.61337550839899,11.236666666666665
1,6,3877515,0,Return to Base,10.636276110343672,,,
