Operator,Task,Start,Finish,Successor
1,3890099,0.0,11.415752505580922,3873606
1,3873606,22.487375428265004,33.91312793384593,0
2,3871710,0.0,11.213333333333333,3873727
2,3873727,22.243095985600053,33.40309598560005,3877594
2,3877594,44.46634685420068,55.72634685420068,0
