Operator,Task,Start,Finish,Successor
1,3889616,0.0,11.620000000000001,3881899
1,3881899,22.88697085129837,34.50697085129837,0
2,3888537,0.0,11.742863247863248,3889531
2,3889531,23.009834099161615,34.62983409916161,0
