Operator,Task,Start,Finish,Successor
1,3888179,0.0,10.121287546601259,3882194
1,3882194,20.179891925185533,30.269891925185533,3891384
1,3891384,40.30338014151939,50.40856746008237,3882188
1,3882188,60.44205567641623,70.53205567641623,3884751
1,3884751,80.57112526213912,90.58779192880579,3884779
1,3884779,100.60174535227826,110.75246646025113,3888170
1,3888170,120.780373307196,130.9583928189009,3882212
1,3882212,140.99746240462378,151.07412907129043,0
