Operator,Task,Start,Finish,Successor
1,3876731,0.0,10.726666666666667,3873514
1,3873514,21.268059497397672,31.961392830731008,3873622
1,3873622,42.50278566146201,53.22945232812868,3879060
1,3879060,63.80433337519357,74.50100004186024,3879086
1,3879086,85.04239287259125,95.73572620592458,3879079
1,3879079,106.27711903665559,116.99711903665559,3876806
1,3876806,127.56362802963702,138.28362802963701,3873621
1,3873621,148.82502086036803,159.51502086036803,3876748
1,3876748,170.05641369109904,180.7830803577657,0
