Operator,Task,Start,Finish,Successor
1,3888597,0.0,10.473333333333333,0
2,3888614,0.0,10.473333333333333,3879108
2,3879108,20.80542481197762,31.342091478644285,0
3,3888581,0.0,10.473333333333333,3879876
3,3879876,20.816587550755575,31.366587550755575,0
4,3888539,0.0,10.473333333333333,3888565
4,3888565,20.98681931711946,31.46015265045279,0
