Operator,Task,Start,Finish,Successor
1,3883079,0.0,10.706666666666667,3883059
1,3883059,21.262012920870134,31.9686795875368,3882961
1,3882961,42.52402584174027,53.23069250840693,3883448
1,3883448,63.78882944730487,74.4521627806382,0
2,3882947,0.0,10.706666666666667,3882989
2,3882989,21.262012920870134,31.9686795875368,3883004
2,3883004,42.52402584174027,53.23069250840693,0
