Operator,Task,Start,Finish,Successor
1,3878514,0.0,11.223333333333333,3881885
1,3881885,21.999143678401477,33.22247701173481,0
2,3881376,0.0,11.223333333333333,3890611
2,3890611,21.999143678401477,33.22247701173481,0
3,3878518,-1.7763568394002505e-15,11.223333333333331,3878957
3,3878957,21.999143678401477,33.22247701173481,0
