Operator_ID,Sequence_Rank,From_Node,To_Node,Activity_Type,Travel_Time,Start_Service,Finish_Service,Processing_Time
1,1,0,3886679,Service,11.199994418630611,0.0,10.146666666666667,10.146666666666667
1,2,3886679,3881053,Service,10.159069027585918,20.32286756805783,30.479534234724497,10.156666666666666
1,3,3881053,3880142,Service,10.13953423472449,40.61906846944899,50.73906846944899,10.119999999999997
1,4,3880142,0,Return to Base,11.199994418630611,,,
2,1,0,3881618,Service,11.199994418630611,0.0,10.156666666666666,10.156666666666666
2,2,3881618,3885538,Service,10.13953423472449,20.29620090139116,30.452867568057826,10.156666666666666
2,3,3885538,3881726,Service,10.13953423472449,40.59240180278232,50.73906846944899,10.146666666666668
2,4,3881726,0,Return to Base,11.199994418630611,,,
