Operator,Task,Start,Finish,Successor
1,3876974,0.0,10.133333333333333,3884542
1,3884542,20.239379351723926,30.37271268505726,3884442
1,3884442,40.47875870344785,50.612092036781185,3884579
1,3884579,60.71813805517177,70.8514713885051,0
2,3884726,0.0,10.133333333333333,3888707
2,3888707,20.239379351723926,30.37271268505726,3887398
2,3887398,40.47875870344786,50.605425370114524,3890497
2,3890497,60.71147138850511,70.84480472183844,0
