Operator,Task,Start,Finish,Successor
1,3886904,0.0,10.046666666666667,3882812
1,3882812,20.08573625238955,30.13240291905622,3884675
1,3884675,40.16868182008457,50.21201515341791,3881027
1,3881027,60.24829405444626,70.2916273877796,3894481
1,3894481,80.33069697350248,90.37736364016915,3891499
1,3891499,100.41643322589204,110.4630998925587,3894738
1,3894738,120.5021694782816,130.54883614494827,3891558
1,3891558,140.58790573067114,150.63457239733782,3889815
1,3889815,160.6736419830607,170.72030864972737,0
