Operator_ID,Sequence_Rank,From_Node,To_Node,Activity_Type,Travel_Time,Start_Service,Finish_Service,Processing_Time
1,1,0,3883164,Service,11.199994418630611,0.0,10.26,10.26
1,2,3883164,3881241,Service,10.184185189836326,20.44418518983631,30.70418518983631,10.259999999999998
1,3,3881241,3881223,Service,10.184185189836326,40.88837037967262,51.14837037967262,10.259999999999998
1,4,3881223,3881952,Service,10.184185189836326,61.33255556950893,71.59255556950893,10.259999999999998
1,5,3881952,3881889,Service,10.184185189836326,81.77674075934524,92.03674075934525,10.260000000000005
1,6,3881889,3881208,Service,10.184185189836326,102.22092594918156,112.48092594918157,10.260000000000005
1,7,3881208,3894447,Service,10.186975874530816,122.66790182371238,132.92456849037904,10.25666666666666
1,8,3894447,0,Return to Base,11.199994418630611,,,
