Operator,Task,Start,Finish,Successor
1,3880119,0.0,10.263333333333334,3876768
1,3876768,20.492169478281504,30.70550281161484,3880124
1,3880124,40.934338956562996,51.19767228989633,0
2,3876754,1.7763568394002505e-15,10.213333333333335,3880131
2,3880131,20.4421694782815,30.70550281161483,3880101
2,3880101,40.934338956562996,51.19767228989633,0
3,3876739,-1.7763568394002505e-15,10.219999999999999,3880114
3,3880114,20.44883614494816,30.712169478281496,3876730
3,3876730,40.94100562322966,51.161005623229656,0
