Operator,Task,Start,Finish,Successor
1,3877072,0.0,10.853333333333333,0
1,3877072,0.0,10.853333333333333,3886371
1,3886371,21.28030809159013,31.733641424923462,3877061
1,3877061,42.160616182180405,53.01394951551374,3876976
1,3876976,63.49115657743176,74.34448991076509,3876984
1,3876984,84.82169699352283,95.67503032685617,3883088
1,3883088,106.29735301372739,117.08401968039405,0
1,3883088,106.29735301372739,117.08401968039405,3877072
