Operator_ID,Sequence_Rank,From_Node,To_Node,Activity_Type,Travel_Time,Start_Service,Finish_Service,Processing_Time
1,1,0,3880187,Service,11.311621806410203,0.0,10.333333333333334,10.333333333333334
1,2,3880187,3886620,Service,10.217673406170205,20.559844000725572,30.883177334058907,10.323333333333334
1,3,3886620,0,Return to Base,11.339528653355101,,,
2,1,0,3887754,Service,11.339528653355101,0.0,10.343333333333334,10.343333333333334
2,2,3887754,3879783,Service,10.234417514337142,20.577750847670472,30.911084181003808,10.333333333333336
2,3,3879783,0,Return to Base,11.311621806410203,,,
3,1,0,3894444,Service,11.386970293161427,0.0,10.393333333333333,10.393333333333333
3,2,3894444,0,Return to Base,11.386970293161427,,,
