Operator,Task,Start,Finish,Successor
1,3877038,0.0,11.11,3888030
1,3888030,22.15929744512816,33.22929744512816,3888001
1,3888001,44.21440914228305,55.28440914228305,3879968
1,3879968,66.27231152413243,77.40231152413243,0
