Operator,Task,Start,Finish,Successor
1,3888323,0.0,10.0,3882153
1,3882153,20.0,30.0,3877670
1,3877670,41.245204848114426,52.68201482912602,0
2,3879070,0.0,11.300321010364838,3877626
2,3877626,21.30032101036484,31.3937976580431,3882154
2,3882154,41.3937976580431,52.70713099137643,0
