Operator_ID,Sequence_Rank,From_Node,To_Node,Activity_Type,Travel_Time,Start_Service,Finish_Service,Processing_Time
1,1,0,3894374,Service,11.174878256380202,0.0,10.153333333333332,10.153333333333332
1,2,3894374,3890519,Service,10.12837149594653,20.281704829279867,30.428371495946532,10.146666666666665
1,3,3890519,3894301,Service,10.12837149594653,40.556742991893074,50.71007632522641,10.153333333333336
1,4,3894301,0,Return to Base,11.174878256380202,,,
2,1,0,3890533,Service,11.174878256380202,0.0,10.146666666666667,10.146666666666667
2,2,3890533,3890528,Service,10.12279012655755,20.269456793224222,30.41612345989089,10.146666666666668
2,3,3890528,3894278,Service,10.12837149594653,40.544494955837436,50.697828289170765,10.153333333333329
2,4,3894278,0,Return to Base,11.174878256380202,,,
