Operator_ID,Sequence_Rank,From_Node,To_Node,Activity_Type,Travel_Time,Start_Service,Finish_Service,Processing_Time
1,1,0,3889317,Service,10.965576904293469,0.0,10.483333333333333,10.483333333333333
1,2,3889317,3880403,Service,10.359998325589183,20.84333165892251,31.27333165892251,10.43
1,3,3880403,3880438,Service,10.359998325589183,41.63332998451168,52.06332998451168,10.43
1,4,3880438,3888747,Service,10.359998325589183,62.42332831010086,72.90666164343419,10.483333333333334
1,5,3888747,3880420,Service,10.359998325589183,83.26665996902337,93.69665996902336,10.429999999999993
1,6,3880420,3889715,Service,10.359998325589183,104.05665829461253,114.5533249612792,10.49666666666667
1,7,3889715,0,Return to Base,10.954414165515509,,,
