Operator,Task,Start,Finish,Successor
1,3883638,0.0,10.553333333333333,3887721
1,3887721,20.938447821172925,31.53883243655754,0
