Operator_ID,Sequence_Rank,From_Node,To_Node,Activity_Type,Travel_Time,Start_Service,Finish_Service,Processing_Time
1,1,0,3879991,Service,11.199994418630611,-1.7763568394002505e-15,9.999999999999998,10.0
1,2,3879991,3880748,Service,10.373951749061632,20.373951749061398,30.373951749061398,10.0
1,3,3880748,3880029,Service,10.373951749061632,40.74790349812303,50.74790349812303,10.0
1,4,3880029,3880804,Service,10.373951749061632,61.12185524718467,71.12185524718467,10.0
1,5,3880804,3880798,Service,10.362789010283674,81.48464425746835,91.48464425746835,10.0
1,6,3880798,3885226,Service,10.368370379672653,101.853014637141,111.853014637141,10.0
1,7,3885226,3881158,Service,10.368370379672653,122.22138501681364,132.8580516834803,10.63666666666667
1,8,3881158,0,Return to Base,11.174878256380202,,,
