Operator_ID,Sequence_Rank,From_Node,To_Node,Activity_Type,Travel_Time,Start_Service,Finish_Service,Processing_Time
1,1,0,3879000,Service,10.929298003265101,0.0,10.33,10.33
1,2,3879000,3878987,Service,10.27627778475449,20.606277784754482,30.93627778475448,10.329999999999998
1,3,3878987,3878964,Service,10.27627778475449,41.212555569508964,51.54255556950896,10.329999999999998
1,4,3878964,3879005,Service,10.27627778475449,61.81883335426345,72.14883335426345,10.329999999999998
1,5,3879005,3878980,Service,10.27627778475449,82.42511113901793,92.75511113901793,10.329999999999998
1,6,3878980,3877098,Service,10.348835586811225,103.10394672582915,113.45061339249581,10.346666666666664
1,7,3877098,0,Return to Base,10.853949516513877,,,
