Operator,Task,Start,Finish,Successor
1,3872576,0.0,10.026666666666667,3872579
1,3872579,20.04899214422259,30.692515930637136,0
2,3877110,0.0,10.04,3872586
2,3872586,20.073488216333878,30.160345336081754,0
3,3890325,0.0,10.613523786414543,0
