Operator,Task,Start,Finish,Successor
1,3872118,0.0,10.206666666666667,3871862
1,3871862,20.37968911772502,30.58635578439169,3882031
1,3882031,40.76216892014455,50.972168920144554,3877968
1,3877968,61.14798205589742,71.35798205589742,0
2,3872175,0.0,10.206666666666667,3872146
2,3872146,20.37968911772502,30.58635578439169,3871924
2,3871924,40.75937823545004,50.96604490211671,3889381
2,3889381,61.141858037869575,71.35185803786958,0
