Operator_ID,Sequence_Rank,From_Node,To_Node,Activity_Type,Travel_Time,Start_Service,Finish_Service,Processing_Time
1,1,0,3888290,Service,10.641857479732652,0.0,11.45538704789029,11.45538704789029
1,2,3888290,3873585,Service,11.08836703085102,22.543754078741312,33.797087412074646,11.253333333333334
1,3,3873585,3873535,Service,11.144180724740815,44.94126813681545,56.224601470148784,11.283333333333331
1,4,3873535,0,Return to Base,10.661392272594082,,,
2,1,0,3878253,Service,10.661392272594082,0.0,11.216666666666667,11.216666666666667
2,2,3878253,3890257,Service,11.099529769628978,22.31619643629565,33.52286310296232,11.206666666666667
2,3,3890257,3891069,Service,11.093948400239999,44.61681150320233,55.82014483653566,11.203333333333333
2,4,3891069,3891073,Service,11.09115771554551,66.91130255208117,78.13796921874783,11.22666666666666
2,5,3891073,0,Return to Base,10.636276110343672,,,
