Operator_ID,Sequence_Rank,From_Node,To_Node,Activity_Type,Travel_Time,Start_Service,Finish_Service,Processing_Time
1,1,0,3883896,Service,11.557202059525304,0.0,10.826666666666666,10.826666666666666
1,2,3883896,3877115,Service,10.706043227705917,21.53270989437259,32.43604322770592,10.903333333333332
1,3,3877115,0,Return to Base,11.375807554383467,,,
2,1,0,3884645,Service,11.406505086022856,0.0,10.773333333333333,10.773333333333333
2,2,3884645,3883043,Service,10.616741317482244,21.39007465081558,32.30007465081558,10.91
2,3,3883043,0,Return to Base,11.409295770717346,,,
3,1,0,3871611,Service,11.439993302356733,0.0,10.896666666666667,10.896666666666667
3,2,3871611,0,Return to Base,11.439993302356733,,,
