Operator_ID,Sequence_Rank,From_Node,To_Node,Activity_Type,Travel_Time,Start_Service,Finish_Service,Processing_Time
1,1,0,3890266,Service,10.915344579792652,0.0,10.23,10.23
1,2,3890266,3884248,Service,10.161859712280409,20.391859712280404,30.591859712280403,10.2
1,3,3884248,3888164,Service,10.150696973502448,40.74255668578285,50.92589001911618,10.18333333333333
1,4,3888164,3888212,Service,10.13674355003,61.062633569146186,71.24930023581285,10.186666666666667
1,5,3888212,3881352,Service,10.173022451058367,81.42232268687123,91.6489893535379,10.226666666666674
1,6,3881352,0,Return to Base,10.742322128734285,,,
