Operator_ID,Sequence_Rank,From_Node,To_Node,Activity_Type,Travel_Time,Start_Service,Finish_Service,Processing_Time
1,1,0,3880673,Service,11.199994418630611,0.0,11.223333333333333,11.223333333333333
1,2,3880673,3872886,Service,10.775810345068162,21.9991436784015,33.22247701173483,11.223333333333333
1,3,3872886,3871835,Service,10.775810345068162,43.998287356803,55.221620690136334,11.223333333333336
1,4,3871835,3872644,Service,10.775810345068162,65.9974310352045,77.22076436853783,11.22333333333333
1,5,3872644,0,Return to Base,11.199994418630611,,,
