Operator_ID,Sequence_Rank,From_Node,To_Node,Activity_Type,Travel_Time,Start_Service,Finish_Service,Processing_Time
1,1,0,3873231,Service,11.174878256380202,0.0,10.15,10.15
1,2,3873231,3878437,Service,10.125580811252041,20.275580811252034,30.425580811252033,10.149999999999999
1,3,3878437,3872269,Service,10.125580811252041,40.55116162250407,50.70116162250407,10.149999999999999
1,4,3872269,3873190,Service,10.125580811252041,60.8267424337561,70.9767424337561,10.149999999999999
1,5,3873190,3872071,Service,10.125580811252041,81.10232324500814,91.25232324500814,10.150000000000006
1,6,3872071,0,Return to Base,11.174878256380202,,,
