Operator,Task,Start,Finish,Successor
1,3877787,0.0,10.836666666666666,3877623
1,3877623,21.498058939260734,32.3147256059274,3872262
1,3872262,42.96774582443801,53.78441249110468,3877775
1,3877775,64.46417681778223,75.3008434844489,0
2,3891530,0.0,10.833333333333334,3872256
2,3872256,21.49193492123293,32.308601587899595,3891537
2,3891537,42.967203175799185,53.80053650913252,3891457
2,3891457,64.46751015111558,75.3008434844489,0
