Operator_ID,Sequence_Rank,From_Node,To_Node,Activity_Type,Travel_Time,Start_Service,Finish_Service,Processing_Time
1,1,0,3878886,Service,10.915344579792652,0.0,10.643333333333333,10.643333333333333
1,2,3878886,3878272,Service,10.683717750149999,21.327051083483326,31.970384416816657,10.64333333333333
1,3,3878272,3878860,Service,10.683717750149999,42.65410216696665,53.29743550029998,10.64333333333333
1,4,3878860,3878903,Service,10.683717750149999,63.98115325044998,74.62448658378331,10.64333333333333
1,5,3878903,0,Return to Base,10.915344579792652,,,
