Operator_ID,Sequence_Rank,From_Node,To_Node,Activity_Type,Travel_Time,Start_Service,Finish_Service,Processing_Time
1,1,0,3886887,Service,10.92650731857061,0.0,10.8,10.8
1,2,3886887,3883122,Service,10.558136938897958,21.358136938897946,31.941470272231278,10.583333333333332
1,3,3883122,3886660,Service,10.502323245008164,42.44379351723945,53.167126850572785,10.723333333333336
1,4,3886660,3883109,Service,10.502323245008164,63.669450095580956,74.25278342891428,10.583333333333329
1,5,3883109,3886745,Service,10.502323245008164,84.75510667392246,95.47844000725578,10.72333333333333
1,6,3886745,3886678,Service,10.53023009195306,106.00867009920884,116.73200343254217,10.72333333333333
1,7,3886678,0,Return to Base,10.909763210403673,,,
