Operator,Task,Start,Finish,Successor
1,3890407,0.0,10.18,3890419
1,3890419,20.330696973502455,30.510696973502455,3890456
1,3890456,40.66139394700491,50.84139394700491,3890462
1,3890462,60.99209092050737,71.17209092050737,0
2,3891505,0.0,10.18,3890470
2,3890470,20.330696973502455,30.510696973502455,3891587
2,3891587,40.66139394700491,50.84139394700491,0
