Operator,Task,Start,Finish,Successor
1,3877025,0.0,10.223333333333333,3879858
1,3879858,20.39914646908619,30.667266145159136,3880933
1,3880933,40.99656693910891,51.64323360577558,0
2,3873540,0.0,10.616666666666667,3879887
2,3879887,20.84829349630933,31.025359268534153,3871662
2,3871662,41.04768474609007,51.72768474609007,0
