Operator,Task,Start,Finish,Successor
1,3880290,-3.019806626980426e-14,10.876666666666637,0
