Operator,Task,Start,Finish,Successor
1,3885348,0.0,11.156666666666666,3882149
1,3882149,22.246041553295107,33.6578303750346,0
2,3873629,0.0,11.345122155072824,3885305
2,3885305,22.402791654284467,33.64945832095113,0
3,3885363,0.0,11.453333333333333,0
4,3885303,0.0,10.0,3888286
4,3888286,21.052088129822664,32.48387695156215,0
