Operator,Task,Start,Finish,Successor
1,3872809,0.0,11.223333333333333,3872904
1,3872904,21.999143678401477,33.22247701173481,3881411
1,3881411,43.99828735680296,55.22162069013629,3873436
1,3873436,65.99743103520444,77.22076436853777,0
2,3872890,0.0,11.223333333333333,3881518
2,3881518,21.999143678401477,33.22247701173481,3881511
2,3881511,43.99828735680296,55.22162069013629,3872956
2,3872956,65.99743103520444,77.22076436853777,0
