Operator,Task,Start,Finish,Successor
1,3878497,0.0,11.21,3874832
1,3874832,21.97464760629019,33.18464760629019,0
2,3890895,0.0,11.21,0
