Operator_ID,Sequence_Rank,From_Node,To_Node,Activity_Type,Travel_Time,Start_Service,Finish_Service,Processing_Time
1,1,0,3882199,Service,10.521858037869592,-1.7763568394002505e-15,9.999999999999998,10.0
1,2,3882199,3873530,Service,11.010227859405305,21.010227859405298,32.32061247478991,11.310384615384613
1,3,3873530,3891438,Service,11.015809228794284,43.33642170358421,54.48975503691754,11.153333333333336
1,4,3891438,3890084,Service,11.010227859405305,65.49998289632282,76.80703417837411,11.30705128205129
1,5,3890084,3891448,Service,11.010227859405305,87.8172620377794,97.8172620377794,10.0
1,6,3891448,3884774,Service,11.029762652266733,108.84702469004614,118.92074263876408,10.073717948717942
1,7,3884774,0,Return to Base,10.521858037869592,,,
