Operator,Task,Start,Finish,Successor
1,3890266,0.0,10.23,3884248
1,3884248,20.391859712280404,30.591859712280403,3888164
1,3888164,40.74255668578285,50.92589001911618,3888212
1,3888212,61.062633569146186,71.24930023581285,3881352
1,3881352,81.42232268687123,91.6489893535379,0
