Operator,Task,Start,Finish,Successor
1,3890100,0.0,10.0,3888886
1,3888886,21.040925391044695,31.040925391044695,0
2,3887338,0.0,11.4,3891067
2,3891067,22.42697196757225,32.42697196757225,0
