Operator,Task,Start,Finish,Successor
1,3882258,0.0,10.173333333333334,3871433
1,3871433,20.318448937446803,30.49511560411347,0
2,3882313,0.0,10.173333333333334,3871448
2,3871448,20.318448937446803,30.49511560411347,0
3,3881313,0.0,10.173333333333334,3871452
3,3871452,20.318448937446803,30.49511560411347,0
4,3882051,0.0,10.173333333333334,3881380
4,3881380,20.318448937446803,30.491782270780135,0
