Operator_ID,Sequence_Rank,From_Node,To_Node,Activity_Type,Travel_Time,Start_Service,Finish_Service,Processing_Time
1,1,0,3872710,Service,11.199994418630611,0.0,10.183333333333334,10.183333333333334
1,2,3872710,3872264,Service,10.153487658196939,20.336820991530285,30.52015432486362,10.183333333333334
1,3,3872264,3873363,Service,10.153487658196939,40.67364198306057,50.8569753163939,10.18333333333333
1,4,3873363,3872223,Service,10.153487658196939,61.01046297459085,71.19379630792419,10.183333333333337
1,5,3872223,3872327,Service,10.153487658196939,81.34728396612114,91.53061729945448,10.183333333333337
1,6,3872327,3872316,Service,10.153487658196939,101.68410495765143,111.86743829098477,10.183333333333337
1,7,3872316,3872331,Service,10.153487658196939,122.02092594918172,132.20425928251504,10.183333333333323
1,8,3872331,3873355,Service,10.153487658196939,142.357746940712,152.54108027404533,10.183333333333337
1,9,3873355,0,Return to Base,11.199994418630611,,,
