Operator_ID,Sequence_Rank,From_Node,To_Node,Activity_Type,Travel_Time,Start_Service,Finish_Service,Processing_Time
1,1,0,3880106,Service,10.982321012460407,0.0,10.736666666666666,10.736666666666666
1,2,3880106,3880126,Service,10.627904056260203,21.36457072292687,32.101237389593535,10.736666666666665
1,3,3880126,3880156,Service,10.627904056260203,42.72914144585374,53.465808112520406,10.736666666666665
1,4,3880156,3880095,Service,10.627904056260203,64.09371216878061,74.83037883544728,10.736666666666665
1,5,3880095,0,Return to Base,10.982321012460407,,,
2,1,0,3872508,Service,10.982321012460407,0.0,10.743333333333334,10.743333333333334
2,2,3872508,3872497,Service,10.633485425649184,21.376818758982516,32.12015209231585,10.743333333333332
2,3,3872497,3880140,Service,10.627904056260203,64.09371216878061,74.83037883544728,10.736666666666665
2,4,3880140,0,Return to Base,10.982321012460407,,,
