Operator_ID,Sequence_Rank,From_Node,To_Node,Activity_Type,Travel_Time,Start_Service,Finish_Service,Processing_Time
1,1,0,3880596,Service,10.93208868795959,0.0,10.606666666666667,10.606666666666667
1,2,3880596,3871565,Service,10.479997767452245,21.086664434118916,31.53333110078558,10.446666666666665
1,3,3871565,3871544,Service,10.38511448783959,41.91844558862517,52.365112255291834,10.446666666666665
1,4,3871544,3884609,Service,10.479997767452245,62.84511002274408,73.46511002274408,10.620000000000005
1,5,3884609,0,Return to Base,10.915344579792652,,,
