Operator_ID,Sequence_Rank,From_Node,To_Node,Activity_Type,Travel_Time,Start_Service,Finish_Service,Processing_Time
1,1,0,3894196,Service,10.890228417542243,0.0,10.483333333333333,10.483333333333333
1,2,3894196,3880700,Service,10.449300235812856,20.9326335691462,31.4526335691462,10.52
1,3,3880700,3890995,Service,10.449300235812856,41.90193380495907,52.385267138292406,10.483333333333334
1,4,3890995,0,Return to Base,10.890228417542243,,,
2,1,0,3886606,Service,10.93208868795959,0.0,10.433333333333334,10.433333333333334
2,2,3886606,3894306,Service,10.376742433756123,20.810075767089472,31.293409100422803,10.48333333333333
2,3,3894306,3886615,Service,10.376742433756123,41.67015153417894,52.10348486751228,10.433333333333337
2,4,3886615,3894243,Service,10.376742433756123,62.480227301268414,72.96356063460175,10.483333333333334
2,5,3894243,0,Return to Base,10.890228417542243,,,
