Operator_ID,Sequence_Rank,From_Node,To_Node,Activity_Type,Travel_Time,Start_Service,Finish_Service,Processing_Time
1,1,0,3877649,Service,11.462318779912652,0.0,10.296666666666667,10.296666666666667
1,2,3877649,3873630,Service,10.178603820447346,20.475270487114017,30.81565510249863,10.340384615384615
1,3,3873630,3879082,Service,10.173022451058367,40.988677553557004,51.28906216894162,10.300384615384615
1,4,3879082,3877651,Service,10.175813135752858,61.46487530469448,71.76154197136114,10.29666666666666
1,5,3877651,0,Return to Base,11.462318779912652,,,
