Operator,Task,Start,Finish,Successor
1,3876937,1.7763568394002505e-15,10.443333333333335,3876961
1,3876961,20.87030809159026,31.313641424923595,3887874
1,3887874,41.74061618318052,52.183949516513856,0
2,3876979,0.0,10.443333333333333,3876970
2,3876970,20.87030809159026,31.313641424923595,3887896
2,3887896,41.74061618318052,52.183949516513856,0
3,3876947,1.7763568394002505e-15,10.443333333333335,3887858
3,3887858,20.87030809159026,31.313641424923592,3887624
3,3887624,41.74061618318052,52.183949516513856,0
