Operator_ID,Sequence_Rank,From_Node,To_Node,Activity_Type,Travel_Time,Start_Service,Finish_Service,Processing_Time
1,1,0,3880666,Service,10.0,0.0,11.18,11.18
1,2,3880666,3874349,Service,10.0,21.180000000000003,32.13,10.95
1,3,3874349,3885623,Service,10.0,42.13,53.17666666666667,11.046666666666667
1,4,3885623,0,Return to Base,10.0,,,
2,1,0,3880690,Service,10.0,0.0,11.18,11.18
2,2,3880690,3877008,Service,10.0,21.180000000000003,32.13,10.95
2,3,3877008,3880681,Service,10.0,42.13000000000001,53.31000000000001,11.18
2,4,3880681,0,Return to Base,10.0,,,
