Operator_ID,Sequence_Rank,From_Node,To_Node,Activity_Type,Travel_Time,Start_Service,Finish_Service,Processing_Time
1,1,0,3883936,Service,10.881856363458775,0.0,11.186666666666667,11.186666666666667
1,2,3883936,3876698,Service,11.032553336961223,22.219220003627896,33.475886670294564,11.256666666666668
1,3,3876698,3891248,Service,10.985111697154897,44.460998367449456,55.777665034116126,11.31666666666667
1,4,3891248,3876716,Service,10.985111697154897,66.76277673127102,78.01944339793768,11.25666666666666
1,5,3876716,3891259,Service,10.985111697154897,89.00455509509257,100.32122176175923,11.316666666666663
1,6,3891259,0,Return to Base,10.856740201208366,,,
