Operator,Task,Start,Finish,Successor
1,3894420,0.0,10.82,3879743
1,3879743,21.55115938995634,32.26449272328967,3894397
1,3894397,42.995652113245995,53.815652113245996,0
2,3879727,0.0,10.713333333333333,3879766
2,3879766,21.380306975316373,32.10697364198304,3894412
2,3894412,42.838133031939364,53.658133031939364,0
