Operator_ID,Sequence_Rank,From_Node,To_Node,Activity_Type,Travel_Time,Start_Service,Finish_Service,Processing_Time
1,1,0,3873611,Service,10.574881047064897,0.0,11.136666666666667,11.136666666666667
1,2,3873611,3871649,Service,10.959995534904488,22.096662201571156,33.243328868237825,11.146666666666668
1,3,3871649,3873615,Service,10.959995534904488,44.203324403142325,55.31999106980899,11.116666666666667
1,4,3873615,3877532,Service,10.965576904293469,66.28556797410246,76.28556797410246,10.0
1,5,3877532,0,Return to Base,10.0,,,
2,1,0,3880580,Service,10.574881047064897,0.0,11.136666666666667,11.136666666666667
2,2,3880580,3877526,Service,10.976739643071427,22.1134063097381,33.250072976404766,11.136666666666667
2,3,3877526,3873612,Service,10.985111697154897,44.235184673559665,55.38185134022633,11.146666666666668
2,4,3873612,0,Return to Base,10.566508992981428,,,
