Operator_ID,Sequence_Rank,From_Node,To_Node,Activity_Type,Travel_Time,Start_Service,Finish_Service,Processing_Time
1,1,0,3877510,Service,10.842786777735917,-3.552713678800501e-15,9.999999999999996,10.0
1,2,3877510,3888168,Service,10.887437732847754,20.887437732847758,31.896230860948048,11.00879312810029
1,3,3888168,3881685,Service,10.887437732847754,42.78366859379581,52.78366859379581,10.0
1,4,3881685,0,Return to Base,10.842786777735917,,,
2,1,0,3884802,Service,10.842786777735917,0.0,11.052126461433623,11.052126461433623
2,2,3884802,3877663,Service,10.365579694978162,21.41770615641176,31.936499284512053,10.518793128100292
2,3,3877663,3881711,Service,10.365579694978162,42.302078979490204,53.38087210759049,11.078793128100287
2,4,3881711,0,Return to Base,10.82046130018,,,
