Operator_ID,Sequence_Rank,From_Node,To_Node,Activity_Type,Travel_Time,Start_Service,Finish_Service,Processing_Time
1,1,0,3878514,Service,11.199994418630611,0.0,11.223333333333333,11.223333333333333
1,2,3878514,3881885,Service,10.775810345068162,21.999143678401477,33.22247701173481,11.223333333333333
1,3,3881885,0,Return to Base,11.199994418630611,,,
2,1,0,3881376,Service,11.199994418630611,0.0,11.223333333333333,11.223333333333333
2,2,3881376,3890611,Service,10.775810345068162,21.999143678401477,33.22247701173481,11.223333333333333
2,3,3890611,0,Return to Base,11.199994418630611,,,
3,1,0,3878518,Service,11.199994418630611,-1.7763568394002505e-15,11.223333333333331,11.223333333333333
3,2,3878518,3878957,Service,10.775810345068162,21.999143678401477,33.22247701173481,11.223333333333333
3,3,3878957,0,Return to Base,11.199994418630611,,,
