Operator_ID,Sequence_Rank,From_Node,To_Node,Activity_Type,Travel_Time,Start_Service,Finish_Service,Processing_Time
1,1,0,3890805,Service,11.174878256380202,0.0,11.21,11.21
1,2,3890805,3890913,Service,10.764647606290204,21.974647606290198,33.1846476062902,11.21
1,3,3890913,0,Return to Base,11.174878256380202,,,
2,1,0,3894340,Service,11.174878256380202,0.0,11.21,11.21
2,2,3894340,3894267,Service,10.764647606290204,21.974647606290198,33.1846476062902,11.21
2,3,3894267,0,Return to Base,11.174878256380202,,,
3,1,0,3894176,Service,11.174878256380202,0.0,11.21,11.21
3,2,3894176,3890828,Service,10.764647606290204,21.974647606290198,33.1846476062902,11.21
3,3,3890828,0,Return to Base,11.174878256380202,,,
