Operator_ID,Sequence_Rank,From_Node,To_Node,Activity_Type,Travel_Time,Start_Service,Finish_Service,Processing_Time
1,1,0,3878054,Service,10.0,0.0,11.120000000000001,11.120000000000001
1,2,3878054,3885483,Service,10.80650787670755,21.926507876707547,32.97317454337421,11.046666666666667
1,3,3885483,3889723,Service,10.0,42.973174543374206,54.07317454337421,11.100000000000001
1,4,3889723,0,Return to Base,10.0,,,
2,1,0,3885500,Service,10.0,0.0,11.046666666666667,11.046666666666667
2,2,3885500,3885515,Service,10.0,21.046666666666667,32.093333333333334,11.046666666666667
2,3,3885515,3878061,Service,10.80650787670755,42.899841210040876,54.01984121004088,11.120000000000005
2,4,3878061,0,Return to Base,10.0,,,
