Operator,Task,Start,Finish,Successor
1,3880127,0.0,10.183333333333334,3891238
1,3891238,20.33682099153029,30.520154324863622,3889346
1,3889346,40.67364198306058,50.856975316393914,3890984
1,3890984,61.010462974590865,71.1937963079242,3880536
1,3880536,81.34728396612115,91.53061729945449,0
2,3886397,0.0,10.186666666666667,3889373
2,3889373,20.340154324863622,30.523487658196956,3886880
2,3886880,40.67697531639391,50.863641983060575,3891273
2,3891273,61.017129641257526,71.20046297459086,0
