Operator,Task,Start,Finish,Successor
1,3883149,0.0,10.743333333333334,3883154
1,3883154,21.36844670489904,32.115113371565705,3883193
1,3883193,42.73743605843694,53.480769391770274,0
2,3883183,1.7763568394002505e-15,10.746666666666668,3883212
2,3883212,21.3689893535379,32.11232268687123,3883194
2,3883194,42.73464537374247,53.48131204040913,0
3,3883127,0.0,10.746666666666666,3883172
3,3883172,21.368989353537906,32.11232268687124,3883137
3,3883137,42.73464537374247,53.481312040409136,0
