Operator_ID,Sequence_Rank,From_Node,To_Node,Activity_Type,Travel_Time,Start_Service,Finish_Service,Processing_Time
1,1,0,3887811,Service,11.174878256380202,0.0,10.676666666666666,10.676666666666666
1,2,3887811,3886572,Service,10.479997767452245,21.1566644341189,31.839997767452232,10.683333333333334
1,3,3886572,0,Return to Base,11.174878256380202,,,
2,1,0,3877242,Service,11.174878256380202,0.0,10.683333333333334,10.683333333333334
2,2,3877242,3883963,Service,10.479997767452245,21.163331100785566,31.839997767452232,10.676666666666666
2,3,3883963,0,Return to Base,11.174878256380202,,,
3,1,0,3887889,Service,11.174878256380202,0.0,10.683333333333334,10.683333333333334
3,2,3887889,3877688,Service,10.482788452146734,21.16612178548007,31.839455118813405,10.673333333333336
3,3,3877688,0,Return to Base,11.174878256380202,,,
