Operator_ID,Sequence_Rank,From_Node,To_Node,Activity_Type,Travel_Time,Start_Service,Finish_Service,Processing_Time
1,1,0,3887675,Service,11.174878256380202,0.0,11.21,11.21
1,2,3887675,3887659,Service,10.764647606290204,21.974647606290198,33.1846476062902,11.21
1,3,3887659,3890242,Service,10.764647606290204,43.949295212580395,55.159295212580396,11.21
1,4,3890242,3887925,Service,10.764647606290204,65.92394281887059,77.1339428188706,11.210000000000008
1,5,3887925,0,Return to Base,11.174878256380202,,,
2,1,0,3890229,Service,11.174878256380202,0.0,11.21,11.21
2,2,3890229,3886838,Service,10.764647606290204,21.974647606290198,33.1846476062902,11.21
2,3,3886838,3888444,Service,10.764647606290204,43.949295212580395,55.159295212580396,11.21
2,4,3888444,0,Return to Base,11.174878256380202,,,
