Operator,Task,Start,Finish,Successor
1,3877108,0.0,10.16,3877142
1,3877142,20.243720540834687,30.343720540834685,3877114
1,3877114,40.42744108166937,50.58744108166937,3877146
1,3877146,60.67116162250405,70.77116162250405,3876998
1,3876998,80.85488216333874,90.95488216333874,3877156
1,3877156,101.06930023581282,111.18930023581282,3884843
1,3884843,121.3037183082869,131.4237183082869,0
