Operator,Task,Start,Finish,Successor
1,3883306,0.0,10.396666666666667,3883318
1,3883318,20.728758145310927,31.12542481197759,3885634
1,3885634,41.479841768177785,51.89317510151112,3883302
1,3883302,82.64782382407522,93.04449049074188,0
2,3882032,0.0,10.353333333333333,3880820
2,3880820,20.660308649727217,31.046975316393883,3882042
2,3882042,41.34557857870428,51.68891191203761,3882015
2,3882015,61.98751517434801,72.34084850768134,3883074
2,3883074,82.64782382407522,93.04449049074188,0
