Operator_ID,Sequence_Rank,From_Node,To_Node,Activity_Type,Travel_Time,Start_Service,Finish_Service,Processing_Time
1,1,0,3894223,Service,10.0,0.0,10.529999999999973,10.529999999999973
1,2,3894223,3878259,Service,10.424184073562449,20.954184073562416,31.45751740689575,10.503333333333334
1,3,3878259,3878342,Service,10.424184073562449,41.88170148045819,52.38503481379152,10.50333333333333
1,4,3878342,3878304,Service,10.424184073562449,62.809218887353964,73.3125522206873,10.50333333333333
1,5,3878304,0,Return to Base,10.0,,,
