Operator_ID,Sequence_Rank,From_Node,To_Node,Activity_Type,Travel_Time,Start_Service,Finish_Service,Processing_Time
1,1,0,3884998,Service,11.199994418630611,0.0,10.593333333333334,10.593333333333334
1,2,3884998,3881965,Service,10.78697308384612,21.38030641717947,31.973639750512802,10.593333333333334
1,3,3881965,3881917,Service,10.78697308384612,42.76061283435894,53.35394616769227,10.593333333333334
1,4,3881917,3885052,Service,10.78697308384612,64.1409192515384,74.73425258487174,10.593333333333334
1,5,3885052,0,Return to Base,11.199994418630611,,,
2,1,0,3881979,Service,11.199994418630611,0.0,10.593333333333334,10.593333333333334
2,2,3881979,3884906,Service,10.78697308384612,21.38030641717947,31.973639750512802,10.593333333333334
2,3,3884906,3881845,Service,10.78697308384612,42.76061283435894,53.35394616769227,10.593333333333334
2,4,3881845,0,Return to Base,11.199994418630611,,,
