Operator_ID,Sequence_Rank,From_Node,To_Node,Activity_Type,Travel_Time,Start_Service,Finish_Service,Processing_Time
1,1,0,3888345,Service,11.49022562685755,0.0,10.245112063751154,10.245112063751154
1,2,3888345,3873058,Service,10.142324919418979,20.387436983170122,30.660770316503456,10.273333333333333
1,3,3873058,3873627,Service,10.13116218064102,40.79193249714447,51.03037789422896,10.23844539708449
1,4,3873627,3871723,Service,10.13116218064102,61.161540074869976,71.40154007486997,10.239999999999995
1,5,3871723,3888274,Service,10.142324919418979,81.54386499428894,91.78897705804009,10.24511206375115
1,6,3888274,3885337,Service,10.125580811252041,101.91455786929212,112.20455786929213,10.290000000000006
1,7,3885337,0,Return to Base,11.462318779912652,,,
