Operator_ID,Sequence_Rank,From_Node,To_Node,Activity_Type,Travel_Time,Start_Service,Finish_Service,Processing_Time
1,1,0,3888270,Service,10.67813638076102,0.0,10.466666666666667,10.466666666666667
1,2,3888270,3876778,Service,10.429765442951428,20.896432109618118,31.413098776284784,10.516666666666666
1,3,3876778,3874995,Service,10.426974758256938,41.86239901209761,52.37906567876428,10.516666666666666
1,4,3874995,0,Return to Base,10.613950632787754,,,
2,1,0,3889483,Service,10.67813638076102,0.0,10.466666666666667,10.466666666666667
2,2,3889483,3874987,Service,10.452090920507347,20.918757587174014,31.43542425384068,10.516666666666666
2,3,3874987,3874978,Service,10.426974758256938,41.86239901209761,52.37906567876428,10.516666666666666
2,4,3874978,0,Return to Base,10.613950632787754,,,
