Operator_ID,Sequence_Rank,From_Node,To_Node,Activity_Type,Travel_Time,Start_Service,Finish_Service,Processing_Time
1,1,0,3874649,Service,11.487434942163059,0.0,10.20031935659239,10.20031935659239
1,2,3874649,3873546,Service,10.111627387779592,20.331298440595916,30.528284463854973,10.196986023259058
1,3,3873546,3885877,Service,10.119999441863062,40.64828390571803,50.861936595643755,10.213652689925723
1,4,3885877,0,Return to Base,11.462318779912652,,,
2,1,0,3877562,Service,11.487434942163059,0.0,10.196666666666667,10.196666666666667
2,2,3877562,3881635,Service,10.12279012655755,20.31945679322423,30.452790126557563,10.133333333333333
2,3,3881635,3889658,Service,10.175813135752858,40.62860326231042,50.861936595643755,10.233333333333334
2,4,3889658,0,Return to Base,11.462318779912652,,,
