Operator_ID,Sequence_Rank,From_Node,To_Node,Activity_Type,Travel_Time,Start_Service,Finish_Service,Processing_Time
1,1,0,3880199,Service,11.34511002274408,0.0,10.14,10.14
1,2,3880199,3880217,Service,10.117208757168571,20.257208757168584,30.397208757168585,10.14
1,3,3880217,3880208,Service,10.117208757168571,40.51441751433717,50.65441751433717,10.14
1,4,3880208,0,Return to Base,11.34511002274408,,,
2,1,0,3880193,Service,11.34511002274408,0.0,10.14,10.14
2,2,3880193,3880179,Service,10.117208757168571,20.257208757168584,30.397208757168585,10.14
2,3,3880179,3880223,Service,10.072557802056735,40.46976655922533,50.55643322589199,10.086666666666666
2,4,3880223,0,Return to Base,11.34511002274408,,,
