Operator_ID,Sequence_Rank,From_Node,To_Node,Activity_Type,Travel_Time,Start_Service,Finish_Service,Processing_Time
1,1,0,3877547,Service,10.68929911953898,0.0,11.369042298560762,11.369042298560762
1,2,3877547,3878839,Service,11.0660415532951,22.435083851855858,33.72508385185586,11.29
1,3,3878839,3885302,Service,11.07162292268408,44.79670677453994,56.036706774539944,11.240000000000002
1,4,3885302,3891410,Service,11.015809228794284,67.05251600333423,78.37069151422817,11.318175510893937
1,5,3891410,3888262,Service,11.024181282877754,89.39487279710592,100.78153946377259,11.38666666666667
1,6,3888262,0,Return to Base,10.636276110343672,,,
