Operator,Task,Start,Finish,Successor
1,3886594,0.0,11.223333333333315,3885880
1,3885880,21.99914367840148,33.22247701173481,3889666
1,3889666,43.998287356802976,55.221620690136305,0
2,3884930,0.0,11.223333333333333,3885882
2,3885882,21.9991436784015,33.22247701173483,0
