Operator,Task,Start,Finish,Successor
1,3889409,0.0,10.58,3889402
1,3889402,21.023718866423863,31.60371886642386,3889473
1,3889473,42.047437732847726,52.627437732847724,3889384
1,3889384,63.07115659927159,73.65115659927159,0
2,3889430,0.0,10.58,3889426
2,3889426,21.023718866423863,31.60371886642386,3889443
2,3889443,42.047437732847726,52.627437732847724,0
