Operator_ID,Sequence_Rank,From_Node,To_Node,Activity_Type,Travel_Time,Start_Service,Finish_Service,Processing_Time
1,1,0,3895944,Service,10.0,0.0,10.62,10.62
1,2,3895944,3894334,Service,10.457672289896326,21.077672289896313,31.711005623229646,10.633333333333333
1,3,3894334,3895965,Service,10.457672289896326,42.168677913125975,52.78867791312597,10.619999999999997
1,4,3895965,0,Return to Base,10.0,,,
2,1,0,3895975,Service,10.0,0.0,10.62,10.62
2,2,3895975,3881063,Service,10.477207082757754,21.09720708275775,31.69720708275775,10.600000000000001
2,3,3881063,3895955,Service,10.477207082757754,42.174414165515515,52.79441416551551,10.619999999999997
2,4,3895955,0,Return to Base,10.0,,,
