Operator,Task,Start,Finish,Successor
1,3873696,0.0,11.347127486658044,3885289
1,3885289,22.41037835525867,33.685538835608185,3877591
1,3877591,44.748789704208804,56.06545637087547,3877590
1,3877590,67.20963709561627,78.5129704289496,0
2,3885361,0.0,11.40379415332471,3885299
2,3885299,22.531230769898592,33.72789743656526,3884806
2,3884806,44.82463652149975,56.03463652149975,3873719
2,3873719,67.18160793093506,78.56827459760173,0
