Operator,Task,Start,Finish,Successor
1,3879849,0.0,11.253333333333334,3879048
1,3879048,22.191003390681917,33.431003390681916,3880075
1,3880075,44.357510709252516,55.59751070925252,3884553
1,3884553,66.44866954107191,77.63200287440525,3879868
1,3879868,88.49432444500259,99.74765777833592,3879047
1,3879047,110.6853278356845,121.93866116901783,3879924
1,3879924,132.8763312263664,144.12966455969973,0
