Operator_ID,Sequence_Rank,From_Node,To_Node,Activity_Type,Travel_Time,Start_Service,Finish_Service,Processing_Time
1,1,0,3874622,Service,11.306040437021224,0.0,10.526666666666667,10.526666666666667
1,2,3874622,3874638,Service,10.739531444039795,21.266198110706465,31.792864777373133,10.526666666666667
1,3,3874638,3871345,Service,10.53023009195306,42.32309486932619,52.849761535992855,10.526666666666664
1,4,3871345,3874931,Service,10.527439407258571,63.377200943251424,73.84053427658476,10.463333333333338
1,5,3874931,3876608,Service,10.527439407258571,84.36797368384333,94.83130701717667,10.463333333333338
1,6,3876608,0,Return to Base,10.0,,,
