Operator,Task,Start,Finish,Successor
1,3878694,0.0,11.013333333333334,0
2,3881577,0.0,10.943333333333333,3876751
2,3876751,21.855887228431506,32.7958872284315,0
3,3876939,0.0,10.94,3876816
3,3876816,21.863716633876123,32.80371663387612,0
4,3876839,0.0,10.94,3876923
4,3876923,21.863716633876123,32.80371663387612,0
