Operator_ID,Sequence_Rank,From_Node,To_Node,Activity_Type,Travel_Time,Start_Service,Finish_Service,Processing_Time
1,1,0,3877135,Service,10.95720485021,0.0,10.426666666666666,10.426666666666666
1,2,3877135,3877152,Service,10.348835586811225,20.77550225347788,31.202168920144548,10.426666666666666
1,3,3877152,3877071,Service,10.40185859600653,41.604027516151056,52.000694182817725,10.396666666666668
1,4,3877071,0,Return to Base,10.901391156320203,,,
2,1,0,3877144,Service,10.95720485021,0.0,10.426666666666666,10.426666666666666
2,2,3877144,3877157,Service,10.348835586811225,20.77550225347788,31.202168920144548,10.426666666666666
2,3,3877157,3877131,Service,10.348835586811225,41.55100450695576,51.977671173622426,10.426666666666662
2,4,3877131,0,Return to Base,10.95720485021,,,
