Operator,Task,Start,Finish,Successor
1,3894939,0.0,10.046666666666667,0
2,3895144,0.0,10.046666666666667,3894951
2,3894951,20.085736252389538,30.132402919056204,0
3,3872823,0.0,10.046666666666667,3895148
3,3895148,20.085736252389538,30.132402919056204,0
4,3894955,0.0,10.046666666666667,3894454
4,3894454,20.085736252389538,30.132402919056204,0
5,3872819,0.0,10.046666666666667,3872805
5,3872805,20.085736252389538,30.132402919056204,0
