Operator,Task,Start,Finish,Successor
1,3889638,0.0,11.223333333333333,3885857
1,3885857,21.999143678401477,33.22247701173481,3889449
1,3889449,43.99828735680296,55.22162069013629,3889486
1,3889486,65.99743103520444,77.22076436853777,0
2,3889973,0.0,11.223333333333333,3889417
2,3889417,21.999143678401477,33.22247701173481,3888527
2,3888527,43.99828735680296,55.22162069013629,3888684
2,3888684,65.99743103520444,77.22076436853777,0
