Operator,Task,Start,Finish,Successor
1,3871704,0.0,11.5,3888319
1,3888319,22.588677354989052,33.93072100267282,0
2,3871703,-1.7763568394002505e-15,11.493333333333332,3873707
2,3873707,22.567746940711906,33.969790588395675,0
3,3871707,0.0,11.553333333333333,0
4,3891065,0.0,11.491987220671223,3888329
4,3888329,22.597098359689188,33.93247534070629,0
