Operator,Task,Start,Finish,Successor
1,3877229,0.0,11.21,3883199
1,3883199,21.974647606290198,33.1846476062902,3874793
1,3874793,43.949295212580395,55.159295212580396,0
2,3874705,0.0,11.21,3874659
2,3874659,21.974647606290198,33.1846476062902,0
