Operator_ID,Sequence_Rank,From_Node,To_Node,Activity_Type,Travel_Time,Start_Service,Finish_Service,Processing_Time
1,1,0,3883125,Service,11.07999497676755,0.0,10.085894410869749,10.085894410869749
1,2,3883125,3883115,Service,10.036278901028368,20.122173311898116,30.19473438943453,10.072561077536413
1,3,3883115,3888248,Service,10.036278901028368,40.2310132904629,50.316907701332646,10.085894410869749
1,4,3888248,3871632,Service,10.13953423472449,60.45644193605714,70.66644193605714,10.21
1,5,3871632,0,Return to Base,10.95162348082102,,,
