Operator_ID,Sequence_Rank,From_Node,To_Node,Activity_Type,Travel_Time,Start_Service,Finish_Service,Processing_Time
1,1,0,3874657,Service,10.742322128734285,0.0,10.75,10.75
1,2,3874657,3873032,Service,10.625113371565714,21.375113371565718,32.201780038232386,10.826666666666668
1,3,3873032,0,Return to Base,10.66976432667755,,,
2,1,0,3874679,Service,10.742322128734285,0.0,10.75,10.75
2,2,3874679,3873045,Service,10.625113371565714,21.375113371565718,32.201780038232386,10.826666666666668
2,3,3873045,0,Return to Base,10.66976432667755,,,
3,1,0,3872224,Service,10.66976432667755,0.0,10.826666666666666,10.826666666666666
3,2,3872224,0,Return to Base,10.66976432667755,,,
