Operator,Task,Start,Finish,Successor
1,3876954,0.0,10.59,3886388
1,3886388,21.226276110343672,31.799609443677006,3882198
1,3882198,42.30193268868518,52.90193268868518,3882240
1,3882240,63.42379072655477,74.02379072655476,0
