Operator,Task,Start,Finish,Successor
1,3882163,-1.7763568394002505e-15,11.196666666666665,3877512
1,3877512,22.226429318933384,33.466429318933386,3891420
1,3891420,44.41247143036542,55.59581964933323,3873705
1,3873705,66.55860586893219,77.76527253559885,0
2,3877509,0.0,11.41011908507579,3881693
2,3881693,44.06190258192247,55.462021666998254,3877661
2,3877661,66.50294705804293,77.74294705804293,0
