Operator,Task,Start,Finish,Successor
1,3889941,0.0,11.303333333333333,3889916
1,3889916,22.464258166241095,33.76759149957443,3873693
1,3873693,44.925725647787694,56.235725647787696,0
2,3873648,1.7763568394002505e-15,11.383994422805682,3873701
2,3873701,22.503058985296082,33.73305898529608,3882136
2,3882136,44.843751493703024,56.23247166818298,0
