Operator_ID,Sequence_Rank,From_Node,To_Node,Activity_Type,Travel_Time,Start_Service,Finish_Service,Processing_Time
1,1,0,3890753,Service,11.174878256380202,0.0,10.133333333333333,10.133333333333333
1,2,3890753,3890832,Service,10.097673964307143,20.23100729764048,30.354340630973816,10.123333333333335
1,3,3890832,3872281,Service,10.097673964307143,40.452014595280964,50.5853479286143,10.133333333333333
1,4,3872281,3891533,Service,10.097673964307143,60.683021892921445,70.80635522625478,10.123333333333335
1,5,3891533,3891360,Service,10.097673964307143,80.90402919056193,91.03736252389527,10.13333333333334
1,6,3891360,3890847,Service,10.106046018390613,101.14340854228587,111.2767418756192,10.133333333333326
1,7,3890847,0,Return to Base,11.174878256380202,,,
