Operator,Task,Start,Finish,Successor
1,3898065,0.0,10.593333333333334,3884017
1,3884017,21.380306417179455,31.97363975051279,3897534
1,3897534,42.61828791493993,53.23162124827326,3896117
1,3896117,63.876269412700395,74.48960274603373,0
