Operator_ID,Sequence_Rank,From_Node,To_Node,Activity_Type,Travel_Time,Start_Service,Finish_Service,Processing_Time
1,1,0,3878844,Service,11.199994418630611,1.7763568394002505e-15,11.223333333333334,11.223333333333333
1,2,3878844,3878871,Service,10.775810345068162,21.999143678401484,33.22247701173482,11.223333333333333
1,3,3878871,3880830,Service,10.775810345068162,43.99828735680296,55.2216206901363,11.223333333333336
1,4,3880830,0,Return to Base,11.199994418630611,,,
2,1,0,3880253,Service,11.199994418630611,0.0,11.223333333333333,11.223333333333333
2,2,3880253,3878906,Service,10.775810345068162,21.999143678401477,33.22247701173481,11.223333333333333
2,3,3878906,3880367,Service,10.775810345068162,43.99828735680296,55.22162069013629,11.22333333333333
2,4,3880367,0,Return to Base,11.199994418630611,,,
