Operator,Task,Start,Finish,Successor
1,3883969,1.7763568394002505e-15,10.243333333333336,3894350
1,3894350,20.438681261947632,30.763803417020462,0
2,3891134,0.0,10.283333333333333,3884179
2,3884179,20.48047008368708,30.763803417020412,0
3,3889997,1.7763568394002505e-15,10.338455488406165,0
4,3894259,1.7763568394002505e-15,10.325122155072831,3884069
4,3884069,20.52047008368713,30.763803417020462,0
