Operator_ID,Sequence_Rank,From_Node,To_Node,Activity_Type,Travel_Time,Start_Service,Finish_Service,Processing_Time
1,1,0,3871870,Service,11.199994418630611,0.0,11.223333333333333,11.223333333333333
1,2,3871870,3883378,Service,10.775810345068162,21.999143678401477,33.22247701173481,11.223333333333333
1,3,3883378,0,Return to Base,11.199994418630611,,,
2,1,0,3882360,Service,11.199994418630611,0.0,11.223333333333333,11.223333333333333
2,2,3882360,3884467,Service,10.775810345068162,21.999143678401477,33.22247701173481,11.223333333333333
2,3,3884467,0,Return to Base,11.199994418630611,,,
3,1,0,3872949,Service,11.199994418630611,-1.7763568394002505e-15,11.223333333333331,11.223333333333333
3,2,3872949,3880396,Service,10.775810345068162,21.999143678401477,33.22247701173481,11.223333333333333
3,3,3880396,0,Return to Base,11.199994418630611,,,
