Operator_ID,Sequence_Rank,From_Node,To_Node,Activity_Type,Travel_Time,Start_Service,Finish_Service,Processing_Time
1,1,0,3891429,Service,10.781391714457142,0.0,10.472126461433623,10.472126461433623
1,2,3891429,3891479,Service,10.326510109255306,20.798636570688934,31.27076303212256,10.472126461433625
1,3,3891479,3891464,Service,10.340463532727755,41.61122656485033,52.10001969295062,10.48879312810029
1,4,3891464,3891462,Service,10.337672848033264,62.43769254098388,72.92315233575084,10.48545979476696
1,5,3891462,3887597,Service,10.315347370477346,83.2384997062282,93.58183303956153,10.343333333333334
1,6,3887597,3886541,Service,10.293021892921429,103.87485493248295,114.27818826581628,10.403333333333336
1,7,3886541,0,Return to Base,10.759066236901223,,,
