Operator_ID,Sequence_Rank,From_Node,To_Node,Activity_Type,Travel_Time,Start_Service,Finish_Service,Processing_Time
1,1,0,3876765,Service,10.831624038957958,0.0,10.87,10.87
1,2,3876765,3876637,Service,10.66976432667755,21.53976432667755,32.373097660010885,10.833333333333336
1,3,3876637,3891280,Service,10.613950632787754,42.98704829279863,53.730381626131965,10.743333333333332
1,4,3891280,3876683,Service,10.613950632787754,64.3443322589197,75.17766559225304,10.833333333333329
1,5,3876683,3874294,Service,10.66976432667755,85.84742991893059,96.71742991893059,10.870000000000005
1,6,3874294,0,Return to Base,10.831624038957958,,,
