Operator_ID,Sequence_Rank,From_Node,To_Node,Activity_Type,Travel_Time,Start_Service,Finish_Service,Processing_Time
1,1,0,3877155,Service,11.303249752326733,0.0,10.82,10.82
1,2,3877155,3877491,Service,10.831624038957958,21.651624038957955,32.46495737229129,10.813333333333333
1,3,3877491,3887101,Service,10.870693624680815,43.335650996972106,54.592317663638774,11.256666666666668
1,4,3887101,0,Return to Base,11.294877698243264,,,
2,1,0,3877583,Service,11.311621806410203,0.0,10.813333333333333,10.813333333333333
2,2,3877583,3877139,Service,10.831624038957958,21.64495737229128,32.46495737229128,10.82
2,3,3877139,3887049,Service,10.859530885902856,43.324488258194116,54.58115492486078,11.256666666666668
2,4,3887049,0,Return to Base,11.294877698243264,,,
