Operator,Task,Start,Finish,Successor
1,3887536,0.0,11.223333333333333,3888730
1,3888730,21.999143678401484,33.22247701173482,3886490
1,3886490,43.99828735680297,55.221620690136305,3884958
1,3884958,65.99743103520446,77.22076436853779,3885748
1,3885748,87.99657471360594,99.21990804693927,3886640
1,3886640,109.99571839200742,121.21905172534075,0
