Operator,Task,Start,Finish,Successor
1,3878116,0.0,10.776666666666667,3883080
1,3883080,21.46317510151115,32.11984176817782,3878097
1,3878097,42.806350203022305,53.583016869688976,0
2,3878106,0.0,10.776666666666667,3878085
2,3878085,21.49945400253952,32.276120669206186,0
