Operator,Task,Start,Finish,Successor
1,3884489,0.0,11.226666666666667,3884125
1,3884125,22.502009572048514,33.72867623871518,3883753
1,3883753,45.00401914409703,56.230685810763696,3884507
1,3884507,67.50602871614555,78.73269538281221,3884119
1,3884119,90.00803828819406,101.23470495486072,3876968
1,3876968,112.54911744596541,123.81578411263207,0
