Operator_ID,Sequence_Rank,From_Node,To_Node,Activity_Type,Travel_Time,Start_Service,Finish_Service,Processing_Time
1,1,0,3895249,Service,11.199994418630611,0.0,10.733333333333333,10.733333333333333
1,2,3895249,3894551,Service,10.761856921595713,21.495190254929057,32.15519025492905,10.659999999999997
1,3,3894551,3894911,Service,10.747903498123264,42.90309375305232,53.563093753052314,10.659999999999997
1,4,3894911,3880486,Service,10.747903498123264,64.31099725117558,74.96433058450891,10.653333333333336
1,5,3880486,3895176,Service,10.756275552206734,85.72060613671566,96.44727280338233,10.726666666666674
1,6,3895176,3895167,Service,10.756275552206734,107.20354835558908,117.93021502225574,10.72666666666666
1,7,3895167,0,Return to Base,11.199994418630611,,,
