Operator,Task,Start,Finish,Successor
1,3881876,0.0,10.153333333333332,3883958
1,3883958,20.276123459890893,30.422790126557558,3872295
1,3872295,40.54558025311512,50.668913586448454,3883659
1,3883659,60.791703713006015,70.93837037967268,3873201
1,3873201,81.06116050623024,91.21116050623024,3884683
1,3884683,101.3339506327878,111.48061729945447,0
