Operator_ID,Sequence_Rank,From_Node,To_Node,Activity_Type,Travel_Time,Start_Service,Finish_Service,Processing_Time
1,1,0,3876940,Service,11.08278566146204,0.0,10.68,10.68
1,2,3876940,3876988,Service,10.507904614397143,21.187904614397155,31.867904614397155,10.68
1,3,3876988,3876962,Service,10.507904614397143,42.37580922879431,53.05580922879431,10.68
1,4,3876962,0,Return to Base,11.08278566146204,,,
2,1,0,3889448,Service,11.068832237989591,0.0,10.516666666666667,10.516666666666667
2,2,3889448,3889514,Service,10.443718866423877,20.96038553309053,31.473718866423866,10.513333333333335
2,3,3889514,3889460,Service,10.443718866423877,41.91743773284773,52.434104399514396,10.516666666666666
2,4,3889460,3889479,Service,10.446509551118368,62.880613950632764,73.39728061729943,10.516666666666666
2,5,3889479,0,Return to Base,11.068832237989591,,,
