Operator_ID,Sequence_Rank,From_Node,To_Node,Activity_Type,Travel_Time,Start_Service,Finish_Service,Processing_Time
1,1,0,3889409,Service,11.4762722033851,0.0,10.58,10.58
1,2,3889409,3889402,Service,10.443718866423877,21.023718866423863,31.60371886642386,10.579999999999998
1,3,3889402,3889473,Service,10.443718866423877,42.047437732847726,52.627437732847724,10.579999999999998
1,4,3889473,3889384,Service,10.443718866423877,63.07115659927159,73.65115659927159,10.579999999999998
1,5,3889384,0,Return to Base,11.4762722033851,,,
2,1,0,3889430,Service,11.4762722033851,0.0,10.58,10.58
2,2,3889430,3889426,Service,10.443718866423877,21.023718866423863,31.60371886642386,10.579999999999998
2,3,3889426,3889443,Service,10.443718866423877,42.047437732847726,52.627437732847724,10.579999999999998
2,4,3889443,0,Return to Base,11.4762722033851,,,
