Operator_ID,Sequence_Rank,From_Node,To_Node,Activity_Type,Travel_Time,Start_Service,Finish_Service,Processing_Time
1,1,0,3880227,Service,11.174878256380202,0.0,11.21,11.21
1,2,3880227,3884357,Service,10.764647606290204,21.974647606290198,33.1846476062902,11.21
1,3,3884357,3878797,Service,10.764647606290204,43.949295212580395,55.159295212580396,11.21
1,4,3878797,0,Return to Base,11.174878256380202,,,
2,1,0,3877814,Service,11.174878256380202,0.0,11.21,11.21
2,2,3877814,3877784,Service,10.764647606290204,21.974647606290198,33.1846476062902,11.21
2,3,3877784,0,Return to Base,11.174878256380202,,,
