Operator,Task,Start,Finish,Successor
1,3888196,1.7763568394002505e-15,11.183333333333335,3873533
1,3873533,22.151700922321286,33.351700922321285,3871716
1,3871716,44.294952349058846,55.511619015725515,0
2,3873670,0.0,11.393842356710438,3881657
2,3881657,22.28407077425267,33.377404107586,3871717
2,3871717,44.298330056767625,55.49833005676763,0
