Operator,Task,Start,Finish,Successor
1,3879848,0.0,10.513333333333334,3879812
1,3879812,20.984959046702116,31.49829238003545,3894436
1,3894436,41.86945344440258,52.30945344440258,3879880
1,3879880,62.68061450876971,73.19394784210304,0
2,3879770,0.0,10.513333333333334,3894411
2,3894411,20.884494397700465,31.324494397700462,3879833
2,3879833,41.69565546206759,52.20898879540093,3879866
2,3879866,62.68061450876971,73.19394784210304,0
