Operator,Task,Start,Finish,Successor
1,3877547,0.0,11.369042298560762,3878839
1,3878839,22.435083851855858,33.72508385185586,3885302
1,3885302,44.79670677453994,56.036706774539944,3891410
1,3891410,67.05251600333423,78.37069151422817,3888262
1,3888262,89.39487279710592,100.78153946377259,0
