Operator,Task,Start,Finish,Successor
1,3879684,0.0,10.176666666666666,3879676
1,3879676,20.32457295547461,30.501239622141277,3884190
1,3884190,40.72449439770046,50.87449439770046,3883024
1,3883024,61.09774917325964,71.29441583992632,3883851
1,3883851,81.5176706154855,91.6676706154855,3883126
1,3883126,101.84906512062734,112.07906512062735,3884178
1,3884178,122.26045962576919,132.4104596257692,0
