Operator,Task,Start,Finish,Successor
1,3889396,0.0,10.64,3889403
1,3889403,21.410228975679175,32.050228975679175,3888617
1,3888617,42.82045795135835,53.45712461802502,3889355
1,3889355,64.22456290900972,74.86122957567639,3889367
1,3889367,85.62866786666109,96.26533453332776,3888700
1,3888700,107.03277282431246,117.66943949097913,3888681
1,3888681,128.43687778196383,139.07354444863049,3889382
1,3889382,149.84377342430966,160.48377342430967,0
