Operator,Task,Start,Finish,Successor
1,3879085,1.7763568394002505e-15,10.330000000000002,3878940
1,3878940,20.606277784754482,30.936277784754484,3879017
1,3879017,41.212555569508964,51.54255556950896,0
2,3879034,1.7763568394002505e-15,10.330000000000002,3879024
2,3879024,20.606277784754482,30.936277784754484,3878953
2,3878953,41.212555569508964,51.54255556950896,0
3,3878949,1.7763568394002505e-15,10.330000000000002,3879095
3,3879095,20.606277784754482,30.936277784754484,3879042
3,3879042,41.212555569508964,51.54255556950896,0
