Operator_ID,Sequence_Rank,From_Node,To_Node,Activity_Type,Travel_Time,Start_Service,Finish_Service,Processing_Time
1,1,0,3881579,Service,11.174878256380202,0.0,10.15,10.15
1,2,3881579,3885651,Service,10.106046018390613,20.2560460183906,30.382712685057264,10.126666666666665
1,3,3885651,3886728,Service,10.106046018390613,40.488758703447864,50.61542537011453,10.126666666666665
1,4,3886728,0,Return to Base,11.174878256380202,,,
2,1,0,3886695,Service,11.174878256380202,0.0,10.126666666666667,10.126666666666667
2,2,3886695,3881100,Service,10.106046018390613,20.232712685057272,30.38271268505727,10.149999999999999
2,3,3881100,3885819,Service,10.103255333696122,40.4859680187534,50.60930135208673,10.123333333333335
2,4,3885819,0,Return to Base,11.174878256380202,,,
