Operator_ID,Sequence_Rank,From_Node,To_Node,Activity_Type,Travel_Time,Start_Service,Finish_Service,Processing_Time
1,1,0,3874354,Service,10.837205408346938,0.0,10.583333333333334,10.583333333333334
1,2,3874354,3886972,Service,10.413021334784489,20.996354668117824,31.48302133478449,10.486666666666665
1,3,3886972,3876734,Service,10.41581201947898,41.898833354263466,52.5421666875968,10.64333333333333
1,4,3876734,3876740,Service,10.53023009195306,63.072396779549855,73.7157301128832,10.643333333333338
1,5,3876740,0,Return to Base,10.781391714457142,,,
