Operator,Task,Start,Finish,Successor
1,3874622,0.0,10.526666666666667,3874638
1,3874638,21.266198110706465,31.792864777373133,3871345
1,3871345,42.32309486932619,52.849761535992855,3874931
1,3874931,63.377200943251424,73.84053427658476,3876608
1,3876608,84.36797368384333,94.83130701717667,0
