Operator,Task,Start,Finish,Successor
1,3879820,0.0,10.62,3879823
1,3879823,21.19488104706491,31.814881047064908,3879768
1,3879768,42.38976209412982,53.00976209412982,3879762
1,3879762,63.58464314119474,74.20464314119474,3881907
1,3881907,84.81859377398249,95.48192710731581,3881882
1,3881882,106.08750568602011,116.75083901935344,3883758
1,3883758,127.31176664294588,137.89843330961256,0
