Operator,Task,Start,Finish,Successor
1,3886844,0.0,10.186666666666667,3886935
1,3886935,20.342945009558093,30.52961167622476,3886742
1,3886742,40.68589001911619,50.872556685782854,0
2,3890372,0.0,10.18,3890157
2,3890157,20.330696973502455,30.510696973502455,3890379
2,3890379,40.66139394700491,50.84139394700491,3890261
2,3890261,60.99209092050737,71.17209092050737,0
