Operator_ID,Sequence_Rank,From_Node,To_Node,Activity_Type,Travel_Time,Start_Service,Finish_Service,Processing_Time
1,1,0,3887371,Service,11.487434942163059,0.0,10.236666666666666,10.236666666666666
1,2,3887371,3878603,Service,10.175813135752858,20.412479802419526,30.67581313575286,10.263333333333335
1,3,3878603,3888327,Service,10.175813135752858,40.85162627150572,51.09829293817239,10.24666666666667
1,4,3888327,0,Return to Base,11.462318779912652,,,
2,1,0,3873563,Service,11.462318779912652,0.0,10.27,10.27
2,2,3873563,3881663,Service,10.13395286533551,20.403952865335512,30.734532738921388,10.330579873585876
2,3,3881663,3883688,Service,10.13395286533551,40.868485604256904,51.11515227092357,10.24666666666667
2,4,3883688,0,Return to Base,11.462318779912652,,,
