Operator_ID,Sequence_Rank,From_Node,To_Node,Activity_Type,Travel_Time,Start_Service,Finish_Service,Processing_Time
1,1,0,3890616,Service,11.378598239077958,0.0,10.453333333333333,10.453333333333333
1,2,3890616,3890596,Service,10.38511448783959,20.83844782117292,31.291781154506253,10.453333333333333
1,3,3890596,3890606,Service,10.38511448783959,41.67689564234584,52.130228975679174,10.453333333333333
1,4,3890606,0,Return to Base,11.378598239077958,,,
2,1,0,3890587,Service,11.378598239077958,0.0,10.453333333333333,10.453333333333333
2,2,3890587,3890560,Service,10.38511448783959,20.83844782117292,31.291781154506253,10.453333333333333
2,3,3890560,3884393,Service,10.382323803145102,41.674104957651366,52.19410495765136,10.519999999999996
2,4,3884393,0,Return to Base,11.373016869688978,,,
