Operator,Task,Start,Finish,Successor
1,3894322,0.0,11.21,3890861
1,3890861,21.974647606290198,33.1846476062902,3884310
1,3884310,43.949295212580395,55.159295212580396,3890656
1,3890656,65.92394281887059,77.1339428188706,3890335
1,3890335,87.89859042516079,99.1085904251608,3891137
1,3891137,109.873238031451,121.083238031451,3890573
1,3890573,131.8478856377412,143.0578856377412,3890629
1,3890629,153.8225332440314,165.0325332440314,3885474
1,3885474,175.7971808503216,187.00718085032162,0
