Operator,Task,Start,Finish,Successor
1,3891366,0.0,10.183333333333334,3891350
1,3891350,20.336820991530285,30.52015432486362,3891318
1,3891318,40.67364198306057,50.8569753163939,3891376
1,3891376,61.01046297459085,71.19379630792419,3891336
1,3891336,81.34728396612114,91.53061729945448,3882319
1,3882319,101.70922111990181,111.9192211199018,0
