Operator_ID,Sequence_Rank,From_Node,To_Node,Activity_Type,Travel_Time,Start_Service,Finish_Service,Processing_Time
1,1,0,3879884,Service,11.34511002274408,0.0,10.57,10.57
1,2,3879884,3879902,Service,10.507904614397143,21.077904614397134,31.647904614397135,10.57
1,3,3879902,3879863,Service,10.507904614397143,42.155809228794276,52.725809228794276,10.57
1,4,3879863,3879839,Service,10.507904614397143,63.23371384319142,73.80371384319142,10.57
1,5,3879839,0,Return to Base,11.34511002274408,,,
2,1,0,3874375,Service,11.373016869688978,-1.7763568394002505e-15,10.616666666666665,10.616666666666667
2,2,3874375,3891125,Service,10.493951190924694,21.110617857591365,31.783951190924697,10.673333333333332
2,3,3891125,3876860,Service,10.586043785842856,42.36999497676756,52.89666164343423,10.52666666666667
2,4,3876860,0,Return to Base,11.339528653355101,,,
