Operator_ID,Sequence_Rank,From_Node,To_Node,Activity_Type,Travel_Time,Start_Service,Finish_Service,Processing_Time
1,1,0,3883058,Service,10.608369263398775,0.0,11.093333333333334,11.093333333333334
1,2,3883058,3883027,Service,10.906972525709183,22.000305859042527,33.09363919237586,11.093333333333334
1,3,3883027,3882988,Service,10.906972525709183,65.89851465807136,76.9918479914047,11.093333333333334
1,4,3882988,0,Return to Base,10.608369263398775,,,
2,1,0,3885353,Service,10.636276110343672,0.0,11.076666666666666,11.076666666666666
2,2,3885353,3886591,Service,10.898600471625713,21.97526713829238,33.05193380495905,11.076666666666668
2,3,3886591,3886566,Service,10.898600471625713,43.95053427658476,55.02720094325143,11.076666666666668
2,4,3886566,3885354,Service,10.898600471625713,65.92580141487714,77.00580141487714,11.079999999999998
2,5,3885354,0,Return to Base,10.594415839926326,,,
