Operator,Task,Start,Finish,Successor
1,3877005,0.0,10.156666666666666,3876949
1,3876949,20.28782884730768,30.444495513974346,3886600
1,3886600,40.57565769461536,50.732324361282025,3876931
1,3876931,60.86348654192304,71.0201532085897,0
2,3877057,0.0,10.156666666666666,3877030
2,3877030,20.28782884730768,30.444495513974346,3877034
2,3877034,40.57565769461536,50.732324361282025,0
