Operator_ID,Sequence_Rank,From_Node,To_Node,Activity_Type,Travel_Time,Start_Service,Finish_Service,Processing_Time
1,1,0,3877617,Service,10.572090362370407,0.0,11.01,11.01
1,2,3877617,3877552,Service,10.879065678764285,21.93883335426346,32.945500020930126,11.006666666666668
1,3,3877552,0,Return to Base,10.630694740954693,,,
2,1,0,3882189,Service,10.597206524620816,0.0,11.116666666666667,11.116666666666667
2,2,3882189,3877613,Service,10.879065678764285,21.995732345430945,32.995732345430945,11.0
2,3,3877613,0,Return to Base,10.580462416453877,,,
3,1,0,3877551,Service,10.641857479732652,0.0,11.0,11.0
3,2,3877551,3885329,Service,10.881856363458775,21.881856363458777,32.99518969679211,11.113333333333333
3,3,3885329,0,Return to Base,10.574881047064897,,,
