Operator,Task,Start,Finish,Successor
1,3882901,0.0,10.81,3882924
1,3882924,21.571856921595725,32.38185692159573,3882928
1,3882928,43.14371384319145,53.95371384319145,3882956
1,3882956,64.71557076478717,75.52557076478718,3882929
1,3882929,86.2874276863829,97.0974276863829,3882887
1,3882887,107.85928460797862,118.66928460797862,3882968
1,3882968,129.43114152957435,140.24114152957435,3882987
1,3882987,151.00299845117007,161.81299845117007,3882981
1,3882981,172.5748553727658,183.3848553727658,0
