Operator,Task,Start,Finish,Successor
1,3877089,0.0,10.42,3877067
1,3877067,20.7744169562002,31.1944169562002,3890856
1,3890856,41.57674075934532,52.08674075934532,0
2,3877082,0.0,10.42,3877039
2,3877039,20.7744169562002,31.1944169562002,3891140
2,3891140,41.57674075934531,52.12340742601198,0
