Operator,Task,Start,Finish,Successor
1,3879076,0.0,10.96,3877633
1,3877633,21.822321570597346,32.78232157059735,0
2,3877634,0.0,10.98,3891059
2,3891059,21.783717192013068,32.773717192013066,0
