Operator,Task,Start,Finish,Successor
1,3878057,0.0,10.106666666666667,0
2,3878145,0.0,10.106666666666667,3878084
2,3878084,20.19038720750136,30.29705387416803,0
3,3876935,0.0,10.106666666666667,3878151
3,3878151,20.19038720750136,30.29705387416803,0
4,3878095,0.0,10.106666666666667,3877808
4,3877808,20.19038720750136,30.29705387416803,0
5,3874877,0.0,10.106666666666667,3874843
5,3874843,20.19038720750136,30.29705387416803,0
