Operator_ID,Sequence_Rank,From_Node,To_Node,Activity_Type,Travel_Time,Start_Service,Finish_Service,Processing_Time
1,1,0,3877997,Service,11.174878256380202,0.0,10.403333333333332,10.403333333333332
1,2,3877997,3878771,Service,10.362789010283674,20.766122343617003,31.149455676950335,10.383333333333333
1,3,3878771,3878043,Service,10.362789010283674,41.512244687234016,51.91557802056735,10.403333333333336
1,4,3878043,0,Return to Base,11.174878256380202,,,
2,1,0,3883546,Service,11.174878256380202,0.0,10.346666666666668,10.346666666666668
2,2,3883546,3887516,Service,10.373951749061632,20.720618415728303,31.123951749061636,10.403333333333332
2,3,3887516,3887244,Service,10.373951749061632,41.497903498123264,51.9012368314566,10.403333333333336
2,4,3887244,0,Return to Base,11.174878256380202,,,
