Operator,Task,Start,Finish,Successor
1,3873285,1.7763568394002505e-15,11.223333333333334,3873349
1,3873349,21.999143678401484,33.22247701173482,3880258
1,3880258,43.99828735680296,55.2216206901363,0
2,3877454,0.0,11.223333333333333,3877265
2,3877265,21.999143678401477,33.22247701173481,3877862
2,3877862,43.99828735680296,55.22162069013629,0
