Operator,Task,Start,Finish,Successor
1,3882816,0.0,10.183333333333334,3885578
1,3885578,20.29496072111291,30.438294054446246,3882218
1,3882218,40.54992144222582,50.719921442225825,3880774
1,3880774,60.85387430756134,71.13054097422801,3882233
1,3882233,81.26449383956353,91.43449383956353,3880484
1,3880484,101.56844670489905,111.75178003823238,3886427
1,3886427,121.86340742601196,132.0067407593453,3880433
1,3880433,142.11836814712487,152.39503481379154,0
