Operator,Task,Start,Finish,Successor
1,3872332,0.0,10.173333333333334,3891552
1,3891552,20.25984455886252,30.423177892195852,3872277
1,3872277,40.509689117725046,50.68302245105838,3891591
1,3891591,60.77790573067102,70.95123906400435,0
2,3887434,-1.7763568394002505e-15,10.189999999999998,3894922
2,3894922,20.304418072474085,30.50108473914075,3886894
2,3886894,40.61550281161483,50.80550281161483,0
