Operator,Task,Start,Finish,Successor
1,3895956,0.0,10.193333333333333,0
2,3898169,0.0,10.193333333333333,3874389
2,3874389,20.35519304561374,30.548526378947074,0
3,3894931,0.0,10.193333333333333,3874421
3,3874421,20.35519304561374,30.548526378947074,0
4,3874469,0.0,10.193333333333333,3894495
4,3894495,20.35519304561374,30.548526378947074,0
