Operator,Task,Start,Finish,Successor
1,3876829,0.0,10.94,3884497
1,3884497,21.85534457979264,32.812011246459306,3876875
1,3876875,43.72735582625195,54.66735582625195,3884455
1,3884455,65.5827004060446,76.53936707271126,0
2,3884516,0.0,10.956666666666667,3876899
2,3876899,21.87201124645931,32.812011246459306,3884477
2,3884477,43.72735582625195,54.684022492918615,3876917
2,3876917,65.59936707271126,76.53936707271126,0
