Operator_ID,Sequence_Rank,From_Node,To_Node,Activity_Type,Travel_Time,Start_Service,Finish_Service,Processing_Time
1,1,0,3877020,Service,10.0,0.0,10.436666666666667,10.436666666666667
1,2,3877020,3881327,Service,10.40743996539551,20.844106632062164,31.34077329872883,10.496666666666666
1,3,3881327,3881316,Service,10.340463532727755,41.6812368314566,52.17790349812327,10.49666666666667
1,4,3881316,3881338,Service,10.340463532727755,62.51836703085104,73.01503369751771,10.49666666666667
1,5,3881338,0,Return to Base,10.0,,,
2,1,0,3877013,Service,10.0,0.0,10.436666666666667,10.436666666666667
2,2,3877013,3876991,Service,10.432556127645919,20.869222794312577,31.305889460979245,10.436666666666667
2,3,3876991,3876997,Service,10.432556127645919,41.738445588625154,52.17511225529182,10.436666666666667
2,4,3876997,0,Return to Base,10.0,,,
