Operator_ID,Sequence_Rank,From_Node,To_Node,Activity_Type,Travel_Time,Start_Service,Finish_Service,Processing_Time
1,1,0,3885250,Service,11.174878256380202,0.0,11.21,11.21
1,2,3885250,3877771,Service,10.764647606290204,21.974647606290198,33.1846476062902,11.21
1,3,3877771,0,Return to Base,11.174878256380202,,,
2,1,0,3883367,Service,11.174878256380202,0.0,11.21,11.21
2,2,3883367,3882287,Service,10.764647606290204,21.974647606290198,33.1846476062902,11.21
2,3,3882287,0,Return to Base,11.174878256380202,,,
3,1,0,3885754,Service,11.174878256380202,0.0,11.21,11.21
3,2,3885754,0,Return to Base,11.174878256380202,,,
