Operator_ID,Sequence_Rank,From_Node,To_Node,Activity_Type,Travel_Time,Start_Service,Finish_Service,Processing_Time
1,1,0,3878458,Service,11.199994418630611,0.0,10.183333333333334,10.183333333333334
1,2,3878458,3887875,Service,10.13395286533551,20.317286198668846,30.477286198668846,10.16
1,3,3887875,3883957,Service,10.13395286533551,40.611239064004366,50.76790573067103,10.156666666666666
1,4,3883957,0,Return to Base,11.199994418630611,,,
2,1,0,3884705,Service,11.199994418630611,0.0,10.156666666666666,10.156666666666666
2,2,3884705,3883532,Service,10.13116218064102,20.28782884730768,30.444495513974346,10.156666666666666
2,3,3883532,3883607,Service,10.13116218064102,40.57565769461536,50.732324361282025,10.156666666666666
2,4,3883607,3883735,Service,10.13116218064102,60.86348654192304,71.0201532085897,10.156666666666666
2,5,3883735,0,Return to Base,11.199994418630611,,,
