Operator_ID,Sequence_Rank,From_Node,To_Node,Activity_Type,Travel_Time,Start_Service,Finish_Service,Processing_Time
1,1,0,3880347,Service,12.718126892433059,0.0,10.0,10.0
1,2,3880347,3877470,Service,11.626969176887549,21.626969176887542,31.626969176887542,10.0
1,3,3877470,3890997,Service,11.62975986158204,43.25672903846958,53.25672903846958,10.0
1,4,3890997,3882992,Service,11.506969735024487,64.76369877349404,74.76369877349404,10.0
1,5,3882992,0,Return to Base,12.439058422984079,,,
2,1,0,3880885,Service,12.659522513848772,0.0,10.0,10.0
2,2,3880885,3881449,Service,11.716271087111222,21.71627108711121,31.71627108711121,10.0
2,3,3881449,3888555,Service,11.716271087111222,43.43254217422242,53.43254217422242,10.0
2,4,3888555,0,Return to Base,12.653941144459793,,,
