Operator,Task,Start,Finish,Successor
1,3891214,0.0,10.865858867232628,3880568
1,3880568,20.865858867232628,31.75585886723263,3881301
1,3881301,41.75585886723263,52.791717734465266,3878827
1,3878827,62.791717734465266,73.70505106779859,3879045
1,3879045,83.70505106779859,94.74424326836456,0
