Operator,Task,Start,Finish,Successor
1,3881426,0.0,11.33,3883399
1,3883399,22.6165056441598,33.94317231082647,0
2,3886306,-1.7763568394002505e-15,11.326666666666664,3889546
2,3889546,22.610381626131975,33.94038162613197,0
3,3886447,0.0,11.33,0
3,3886447,0.0,11.33,3889308
3,3889308,22.616233107483026,33.946233107483025,0
4,3884481,0.0,11.33,0
4,3889308,22.616233107483026,33.946233107483025,3884481
