Operator_ID,Sequence_Rank,From_Node,To_Node,Activity_Type,Travel_Time,Start_Service,Finish_Service,Processing_Time
1,1,0,3882197,Service,10.622322686871223,0.0,11.16,11.16
1,2,3882197,3878764,Service,11.004646490016325,22.164646490016302,33.31131315668297,11.146666666666668
1,3,3878764,3891435,Service,10.92650731857061,44.23782047525357,55.40004727309103,11.162226797837462
1,4,3891435,3877665,Service,10.912553895098162,66.3126011681892,77.4526011681892,11.14
1,5,3877665,3881683,Service,10.929298003265101,88.38189917145431,99.65082008964988,11.268920918195576
1,6,3881683,3872160,Service,10.937670057348571,110.58849014699847,121.7318234803318,11.14333333333333
1,7,3872160,0,Return to Base,10.613950632787754,,,
