Operator_ID,Sequence_Rank,From_Node,To_Node,Activity_Type,Travel_Time,Start_Service,Finish_Service,Processing_Time
1,1,0,3889637,Service,11.462318779912652,0.0,10.254284489989267,10.254284489989267
1,2,3889637,3881646,Service,10.150696973502448,20.404981463491726,30.611648130158393,10.206666666666667
1,3,3881646,3887573,Service,10.12837149594653,40.74001962610494,50.95097078276087,10.21095115665593
1,4,3887573,3877915,Service,10.12837149594653,61.0793422787074,71.23267561204074,10.153333333333336
1,5,3877915,3885274,Service,10.12279012655755,81.35546573859831,91.55641689525424,10.200951156655933
1,6,3885274,3882140,Service,10.12279012655755,101.6792070218118,111.89298422825124,10.213777206439431
1,7,3882140,3894110,Service,10.12279012655755,122.01577435480881,132.22005884479807,10.204284489989263
1,8,3894110,3889699,Service,10.12837149594653,142.3484303407446,152.57887421385072,10.230443873106111
1,9,3889699,0,Return to Base,11.462318779912652,,,
