Operator_ID,Sequence_Rank,From_Node,To_Node,Activity_Type,Travel_Time,Start_Service,Finish_Service,Processing_Time
1,1,0,3877038,Service,10.853949516513877,0.0,11.11,11.11
1,2,3877038,3888030,Service,11.049297445128161,22.15929744512816,33.22929744512816,11.07
1,3,3888030,3888001,Service,10.985111697154897,44.21440914228305,55.28440914228305,11.07
1,4,3888001,3879968,Service,10.987902381849386,66.27231152413243,77.40231152413243,11.129999999999995
1,5,3879968,0,Return to Base,10.789763768540611,,,
