Operator_ID,Sequence_Rank,From_Node,To_Node,Activity_Type,Travel_Time,Start_Service,Finish_Service,Processing_Time
1,1,0,3883673,Service,11.216738526797549,0.0,10.52,10.52
1,2,3883673,3878121,Service,10.775810345068162,21.295810345068162,31.942477011734827,10.646666666666665
1,3,3878121,0,Return to Base,11.060460183906121,,,
2,1,0,3889351,Service,11.068832237989591,0.0,10.533333333333333,10.533333333333333
2,2,3889351,3883621,Service,10.0,20.533333333333328,31.03666666666666,10.503333333333334
2,3,3883621,3881369,Service,10.440928181729387,41.477594848396045,52.077594848396046,10.600000000000001
2,4,3881369,0,Return to Base,11.010227859405305,,,
