Operator,Task,Start,Finish,Successor
1,3891599,0.0,10.183333333333334,3883974
1,3883974,20.336820991530285,30.52015432486362,3881045
1,3881045,40.67364198306057,50.8569753163939,3891584
1,3891584,61.01046297459085,71.19379630792419,3889953
1,3889953,81.34728396612114,91.53061729945448,3881035
1,3881035,101.68410495765143,111.86743829098477,3891603
1,3891603,122.02092594918172,132.20425928251504,0
