Operator_ID,Sequence_Rank,From_Node,To_Node,Activity_Type,Travel_Time,Start_Service,Finish_Service,Processing_Time
1,1,0,3887506,Service,10.94883279612653,0.0,10.85,10.85
1,2,3887506,3887513,Service,10.767438290984693,21.6174382909847,32.45410495765137,10.836666666666666
1,3,3887513,3887540,Service,10.767438290984693,43.22154324863607,54.05820991530273,10.836666666666666
1,4,3887540,3887286,Service,10.767438290984693,64.82564820628744,75.67564820628743,10.849999999999994
1,5,3887286,0,Return to Base,10.94883279612653,,,
