Operator_ID,Sequence_Rank,From_Node,To_Node,Activity_Type,Travel_Time,Start_Service,Finish_Service,Processing_Time
1,1,0,3877571,Service,11.462318779912652,0.0,10.32630100223237,10.32630100223237
1,2,3877571,3888315,Service,10.12837149594653,20.45467249817891,30.637640167077947,10.182967668899039
1,3,3888315,3877563,Service,10.125580811252041,40.76322097833,51.08618864722903,10.322967668899032
1,4,3877563,0,Return to Base,11.462318779912652,,,
2,1,0,3877569,Service,11.462318779912652,1.7763568394002505e-15,10.286301002232372,10.28630100223237
2,2,3877569,3888294,Service,10.13116218064102,20.42019852727163,30.606499529504,10.18630100223237
2,3,3888294,3891466,Service,10.173022451058367,40.779521980562365,51.08618864722903,10.306666666666665
2,4,3891466,0,Return to Base,11.462318779912652,,,
