Operator_ID,Sequence_Rank,From_Node,To_Node,Activity_Type,Travel_Time,Start_Service,Finish_Service,Processing_Time
1,1,0,3891432,Service,11.462318779912652,0.0,10.25762767363483,10.25762767363483
1,2,3891432,3882228,Service,10.12837149594653,20.385999169581368,30.66599916958137,10.280000000000001
1,3,3882228,3884771,Service,10.13395286533551,60.943264903566806,71.20422591053497,10.260961006968166
1,4,3884771,0,Return to Base,11.462318779912652,,,
2,1,0,3878762,Service,11.462318779912652,0.0,10.276666666666667,10.276666666666667
2,2,3878762,3881698,Service,10.092092594918164,20.368759261584835,30.502676522392573,10.133917260807738
2,3,3881698,3877544,Service,10.092092594918164,40.59476911731075,50.84143578397742,10.24666666666667
2,4,3877544,3886717,Service,10.12279012655755,60.96422591053497,71.20422591053497,10.240000000000002
2,5,3886717,0,Return to Base,11.462318779912652,,,
