Operator_ID,Sequence_Rank,From_Node,To_Node,Activity_Type,Travel_Time,Start_Service,Finish_Service,Processing_Time
1,1,0,3881704,Service,11.462318779912652,0.0,10.176666666666666,10.176666666666666
1,2,3881704,3881669,Service,10.14511560411347,20.321782270780137,30.461782270780137,10.14
1,3,3881669,3873588,Service,10.111627387779592,40.573409658559726,50.74674299189306,10.173333333333332
1,4,3873588,3888239,Service,10.14511560411347,60.89185859600653,71.06852526267319,10.176666666666662
1,5,3888239,0,Return to Base,11.462318779912652,,,
