Operator_ID,Sequence_Rank,From_Node,To_Node,Activity_Type,Travel_Time,Start_Service,Finish_Service,Processing_Time
1,1,0,3877655,Service,10.798135822624081,0.0,10.466666666666667,10.466666666666667
1,2,3877655,3879603,Service,10.368370379672653,20.83503704633933,31.281703713005996,10.446666666666665
1,3,3879603,3882156,Service,10.359998325589183,41.64170203859519,52.01170203859519,10.369999999999997
1,4,3882156,3883143,Service,10.359998325589183,62.371700364184385,72.83170036418439,10.46
1,5,3883143,3888268,Service,10.357207640894693,83.18890800507907,93.66890800507907,10.480000000000004
1,6,3888268,0,Return to Base,10.770228975679183,,,
