Operator,Task,Start,Finish,Successor
1,3878189,-5.329070518200751e-15,11.32666666666666,3877024
1,3877024,22.35363863423891,33.700305300905576,3878211
1,3878211,44.72727726847783,56.053943935144495,3887206
1,3887206,67.10045069557816,78.4137840289115,0
2,3877042,1.7763568394002505e-15,11.34666666666667,3887246
2,3887246,22.39317342710033,33.70650676043366,3887220
2,3887220,44.69440914228304,56.007742475616375,3874486
2,3874486,67.16029525444067,78.463628587774,0
