Operator,Task,Start,Finish,Successor
1,3890241,0.0,10.0,3882224
1,3882224,20.55534625420347,31.338679587536802,3884788
1,3884788,41.89402584174027,51.89402584174027,3882160
1,3882160,62.45216278063823,72.45216278063823,0
