Operator,Task,Start,Finish,Successor
1,3889451,1.7763568394002505e-15,10.073333333333336,3881383
1,3881383,20.137519081306564,30.177519081306563,3880498
1,3880498,40.211007297640435,50.284340630973766,0
2,3888573,1.7763568394002505e-15,10.073333333333336,3881499
2,3881499,20.137519081306586,30.177519081306585,3880548
2,3880548,40.21100729764045,50.28434063097379,0
3,3887445,1.7763568394002505e-15,10.073333333333336,3889438
3,3889438,20.137519081306596,30.21085241463993,3886877
3,3886877,40.27503816261318,50.31503816261318,0
