Operator,Task,Start,Finish,Successor
1,3888202,0.0,11.336666666666666,3890819
1,3890819,22.522707661824832,33.826040995158166,3891058
1,3891058,44.92278008009265,56.186113413425986,3891068
1,3891068,67.27168975958251,78.87603965885843,0
