Operator_ID,Sequence_Rank,From_Node,To_Node,Activity_Type,Travel_Time,Start_Service,Finish_Service,Processing_Time
1,1,0,3879793,Service,10.0,0.0,10.786666666666667,10.786666666666667
1,2,3879793,3881525,Service,10.594415839926326,21.381082506592964,32.1744158399263,10.793333333333333
1,3,3881525,3890312,Service,10.460462974590817,42.634878814517116,53.421545481183784,10.786666666666669
1,4,3890312,3881514,Service,10.460462974590817,63.882008455774596,74.67534178910793,10.793333333333337
1,5,3881514,3885620,Service,10.460462974590817,85.13580476369877,95.71580476369877,10.579999999999998
1,6,3885620,3879936,Service,10.471625713368775,106.18743047706755,116.71743047706755,10.530000000000001
1,7,3879936,3888487,Service,10.463253659285305,127.18068413635285,137.96068413635285,10.780000000000001
1,8,3888487,3879903,Service,10.463253659285305,148.42393779563815,158.95393779563815,10.530000000000001
1,9,3879903,0,Return to Base,10.0,,,
