Operator_ID,Sequence_Rank,From_Node,To_Node,Activity_Type,Travel_Time,Start_Service,Finish_Service,Processing_Time
1,1,0,3885300,Service,10.613950632787754,1.7763568394002505e-15,11.344841266956653,11.344841266956651
1,2,3885300,3891487,Service,10.80092650731857,22.1457677742752,32.1457677742752,10.0
1,3,3891487,0,Return to Base,10.622322686871223,,,
2,1,0,3891463,Service,10.622322686871223,0.0,11.106666666666667,11.106666666666667
2,2,3891463,3885339,Service,10.853949516513877,21.960616183180534,33.26394951651387,11.303333333333335
2,3,3885339,0,Return to Base,10.613950632787754,,,
3,1,0,3881675,Service,10.627904056260203,0.0,11.176666666666666,11.176666666666666
3,2,3881675,3888311,Service,10.982321012460407,22.158987679127065,33.302321012460396,11.14333333333333
3,3,3888311,0,Return to Base,10.627904056260203,,,
