Operator_ID,Sequence_Rank,From_Node,To_Node,Activity_Type,Travel_Time,Start_Service,Finish_Service,Processing_Time
1,1,0,3885331,Service,11.49022562685755,0.0,10.344102564102563,10.344102564102563
1,2,3885331,3877543,Service,10.094883279612652,20.438985843715212,30.68565251038188,10.246666666666666
1,3,3877543,3891458,Service,10.080929856140203,40.76658236652207,50.866582366522074,10.100000000000001
1,4,3891458,3888336,Service,10.083720540834694,60.95030290735678,71.05363624069011,10.103333333333332
1,5,3888336,3891465,Service,10.117208757168571,81.17084499785868,91.41751166452535,10.24666666666667
1,6,3891465,0,Return to Base,11.462318779912652,,,
