Operator,Task,Start,Finish,Successor
1,3871487,0.0,10.493333333333334,3879956
1,3879956,20.95937767731312,31.509377677313122,3880280
1,3880280,41.939143120264546,52.35914312026455,0
