Operator,Task,Start,Finish,Successor
1,3872305,0.0,10.143333333333333,3872039
1,3872039,20.26333277519639,30.40666610852972,3872293
1,3872293,40.52666555039278,50.66999888372611,3872259
1,3872259,60.78999832558917,70.9333316589225,3872049
1,3872049,81.05333110078556,91.19666443411889,3872040
1,3872040,101.31666387598194,111.45999720931528,3872065
1,3872065,121.57999665117833,131.72332998451168,3872070
1,3872070,141.84332942637474,151.98666275970808,3872074
1,3872074,162.10666220157114,172.24999553490449,0
