Operator,Task,Start,Finish,Successor
1,3878303,0.0,11.21,3890263
1,3890263,21.974647606290205,33.184647606290206,3885082
1,3885082,43.94929521258041,55.15929521258041,3881495
1,3881495,65.92394281887061,77.13394281887062,0
2,3887345,0.0,11.21,3886966
2,3886966,21.974647606290205,33.184647606290206,3887167
2,3887167,43.94929521258041,55.15929521258041,3887346
2,3887346,65.92394281887061,77.13394281887062,0
