Operator_ID,Sequence_Rank,From_Node,To_Node,Activity_Type,Travel_Time,Start_Service,Finish_Service,Processing_Time
1,1,0,3887649,Service,11.21115715740857,0.0,10.403333333333332,10.403333333333332
1,2,3887649,3881830,Service,10.468835028674285,20.872168362007624,31.19550169534096,10.323333333333334
1,3,3881830,0,Return to Base,11.004646490016325,,,
2,1,0,3888103,Service,11.116273877795917,0.0,10.613333333333333,10.613333333333333
2,2,3888103,0,Return to Base,11.116273877795917,,,
3,1,0,3887628,Service,11.21115715740857,0.0,10.403333333333332,10.403333333333332
3,2,3887628,3881872,Service,10.468835028674285,20.87216836200763,31.195501695340965,10.323333333333334
3,3,3881872,0,Return to Base,11.004646490016325,,,
