Operator,Task,Start,Finish,Successor
1,3879818,1.7763568394002505e-15,10.466666666666669,3879963
1,3879963,20.826664992255843,31.169998325589177,3879122
1,3879122,41.488136380761006,51.83146971409434,3879780
1,3879780,62.191468039683514,72.65813470635018,0
2,3879716,0.0,10.48,3879837
2,3879837,20.867905172534094,31.33457183920076,3879751
2,3879751,41.72247701173485,52.18914367840152,0
