Operator_ID,Sequence_Rank,From_Node,To_Node,Activity_Type,Travel_Time,Start_Service,Finish_Service,Processing_Time
1,1,0,3884760,Service,10.692089804233468,0.0,10.593333333333334,10.593333333333334
1,2,3884760,3882157,Service,10.479997767452245,21.07333110078558,31.633331100785583,10.560000000000002
1,3,3882157,3884759,Service,10.477207082757754,42.11053818354334,52.66053818354334,10.549999999999997
1,4,3884759,3884308,Service,10.477207082757754,63.137745266301096,73.64107859963443,10.50333333333333
1,5,3884308,3884767,Service,10.51627666848061,84.15735526811504,94.7840219347817,10.626666666666665
1,6,3884767,0,Return to Base,10.692089804233468,,,
