Operator,Task,Start,Finish,Successor
1,3877649,0.0,10.296666666666667,3873630
1,3873630,20.475270487114017,30.81565510249863,3879082
1,3879082,40.988677553557004,51.28906216894162,3877651
1,3877651,61.46487530469448,71.76154197136114,0
