Operator,Task,Start,Finish,Successor
1,3883691,0.0,11.21,3884831
1,3884831,21.974647606290198,33.1846476062902,0
2,3884544,0.0,11.21,3884525
2,3884525,21.974647606290198,33.1846476062902,0
3,3885547,0.0,11.21,3883696
3,3883696,21.974647606290198,33.1846476062902,0
4,3885123,0.0,11.21,3887547
4,3887547,21.974647606290198,33.1846476062902,0
