Operator_ID,Sequence_Rank,From_Node,To_Node,Activity_Type,Travel_Time,Start_Service,Finish_Service,Processing_Time
1,1,0,3881107,Service,11.174878256380202,0.0,10.163333333333334,10.163333333333334
1,2,3881107,3878206,Service,10.13674355003,20.300076883363324,30.473410216696657,10.173333333333332
1,3,3878206,3887528,Service,10.13674355003,40.61015376672665,50.77348710005998,10.163333333333334
1,4,3887528,3885253,Service,10.13674355003,60.91023065008997,71.0835639834233,10.173333333333332
1,5,3885253,3887405,Service,10.13674355003,81.2203075334533,91.38364086678664,10.163333333333341
1,6,3887405,3881175,Service,10.13674355003,101.52038441681663,111.68371775014995,10.163333333333327
1,7,3881175,3877750,Service,10.13674355003,121.82046130017994,131.98379463351327,10.163333333333327
1,8,3877750,0,Return to Base,11.174878256380202,,,
