Operator_ID,Sequence_Rank,From_Node,To_Node,Activity_Type,Travel_Time,Start_Service,Finish_Service,Processing_Time
1,1,0,3886790,Service,11.174878256380202,0.0,10.066666666666666,10.066666666666666
1,2,3886790,3882274,Service,10.050232324500817,20.116898991167492,30.18356565783416,10.066666666666666
1,3,3882274,3883410,Service,10.047441639806326,40.23100729764048,50.294340630973814,10.063333333333333
1,4,3883410,3894313,Service,10.050232324500817,60.34457295547464,70.41123962214131,10.06666666666667
1,5,3894313,0,Return to Base,11.174878256380202,,,
2,1,0,3894351,Service,11.174878256380202,0.0,10.066666666666666,10.066666666666666
2,2,3894351,3894288,Service,10.050232324500817,20.116898991167492,30.18356565783416,10.066666666666666
2,3,3894288,3894189,Service,10.050232324500817,60.344572955474646,70.41123962214131,10.066666666666663
2,4,3894189,0,Return to Base,11.174878256380202,,,
