Operator,Task,Start,Finish,Successor
1,3872722,0.0,11.223333333333333,3871780
1,3871780,21.999143678401484,33.22247701173482,3882068
1,3882068,43.99828735680297,55.221620690136305,3871749
1,3871749,65.99743103520446,77.22076436853779,0
2,3880133,0.0,11.223333333333333,3881319
2,3881319,21.999143678401484,33.22247701173482,3881093
2,3881093,43.99828735680297,55.221620690136305,0
