Operator,Task,Start,Finish,Successor
1,3884417,0.0,11.336666666666666,3885318
1,3885318,22.34689452607197,33.78394580812325,3885801
1,3885801,43.78394580812325,53.8576637568412,3887458
1,3887458,63.85766375684119,73.85766375684119,0
