Operator_ID,Sequence_Rank,From_Node,To_Node,Activity_Type,Travel_Time,Start_Service,Finish_Service,Processing_Time
1,1,0,3873650,Service,11.462318779912652,3.552713678800501e-15,10.763333333333337,10.763333333333334
1,2,3873650,3888209,Service,10.577671731759388,21.34100506509272,32.07100506509272,10.73
1,3,3888209,3873649,Service,10.577671731759388,42.6486767968521,53.4186767968521,10.769999999999996
1,4,3873649,0,Return to Base,11.462318779912652,,,
2,1,0,3877570,Service,11.462318779912652,0.0,10.786666666666667,10.786666666666667
2,2,3877570,3885314,Service,10.613950632787754,21.40061729945441,32.19061729945441,10.79
2,3,3885314,0,Return to Base,11.49022562685755,,,
