Operator,Task,Start,Finish,Successor
1,3880001,0.0,10.236666666666666,3879967
1,3879967,20.45992144222585,30.696588108892513,3879982
1,3879982,40.9198428844517,51.15650955111836,0
2,3880018,0.0,10.236666666666666,3880053
2,3880053,20.45992144222585,30.696588108892513,3880040
2,3880040,40.9198428844517,51.15650955111836,0
3,3880063,0.0,10.236666666666666,3880027
3,3880027,20.45992144222585,30.696588108892513,3880081
3,3880081,40.9198428844517,51.15650955111836,0
