Operator,Task,Start,Finish,Successor
1,3882024,0.0,11.126666666666667,0
2,3882038,0.0,11.126666666666667,3881944
2,3881944,22.228987120990126,33.27232045432346,0
3,3882003,0.0,11.126666666666667,3881956
3,3881956,22.20945232812869,33.336118994795356,0
4,3881964,0.0,11.043333333333333,3881981
4,3881981,22.145653787656794,33.27232045432346,0
