Operator,Task,Start,Finish,Successor
1,3891142,0.0,10.473333333333333,3876673
1,3876673,20.961703154869042,31.435036488202375,3891152
1,3891152,41.923406309738084,52.39673964307141,0
2,3891175,0.0,10.473333333333333,3891188
2,3891188,20.961703154869046,31.43503648820238,3891165
2,3891165,41.923406309738084,52.39673964307142,0
3,3891112,0.0,10.473333333333333,3891123
3,3891123,20.961703154869042,31.435036488202375,3891133
3,3891133,41.923406309738084,52.39673964307141,0
