Operator_ID,Sequence_Rank,From_Node,To_Node,Activity_Type,Travel_Time,Start_Service,Finish_Service,Processing_Time
1,1,0,3890100,Service,10.468835028674285,0.0,10.0,10.0
1,2,3890100,3888886,Service,11.040925391044693,21.040925391044695,31.040925391044695,10.0
1,3,3888886,0,Return to Base,10.477207082757754,,,
2,1,0,3887338,Service,10.505113929702652,0.0,11.4,11.4
2,2,3887338,3891067,Service,11.026971967572244,22.42697196757225,32.42697196757225,10.0
2,3,3891067,0,Return to Base,10.468835028674285,,,
