Operator,Task,Start,Finish,Successor
1,3885532,1.7763568394002505e-15,10.200000000000001,3883967
1,3883967,20.317208757168594,30.530542090501925,3886670
1,3886670,40.64775084767051,50.84775084767051,3880942
1,3880942,60.9649596048391,71.17829293817243,0
2,3885514,-1.7763568394002505e-15,10.199999999999998,3880680
2,3880680,20.317208757168583,30.517208757168582,3885773
2,3885773,40.63441751433717,50.83441751433717,3886370
2,3886370,60.932091478644324,71.10875814531099,3885859
2,3885859,81.20643210961813,91.40643210961814,0
