Operator,Task,Start,Finish,Successor
1,3880479,0.0,10.73,3880969
1,3880969,21.296508992981433,31.989842326314765,0
2,3882902,0.0,10.693333333333333,3880994
2,3880994,21.29650899298143,31.989842326314765,0
