Operator,Task,Start,Finish,Successor
1,3887811,0.0,10.676666666666666,3886572
1,3886572,21.1566644341189,31.839997767452232,0
2,3877242,0.0,10.683333333333334,3883963
2,3883963,21.163331100785566,31.839997767452232,0
3,3887889,0.0,10.683333333333334,3877688
3,3877688,21.16612178548007,31.839455118813405,0
