Operator,Task,Start,Finish,Successor
1,3887965,0.0,10.446666666666667,3887985
1,3887985,20.803874307561365,31.21054097422803,3887941
1,3887941,41.56774861512273,52.0144152817894,3887934
1,3887934,62.41069250840694,72.85735917507361,3887950
1,3887950,83.25363640169115,93.70030306835783,3887916
1,3887916,104.09658029497537,114.54324696164204,3894924
1,3894924,124.93115213417613,135.4478188008428,3881437
1,3881437,145.92223519890607,156.37890186557274,0
