Operator,Task,Start,Finish,Successor
1,3884197,0.0,11.209999999999866,3871968
1,3871968,21.974647606290063,33.18464760629006,3884365
1,3884365,43.94929521258026,55.15929521258026,3884056
1,3884056,65.92394281887046,77.13394281887045,3883422
1,3883422,87.89859042516065,99.10859042516066,3887177
1,3887177,109.87323803145085,121.08323803145086,3884228
1,3884228,131.84788563774106,143.05788563774107,3884374
1,3884374,153.82253324403126,165.03253324403127,0
