Operator,Task,Start,Finish,Successor
1,3873668,-1.7763568394002505e-15,10.281417762803624,3874767
1,3874767,20.398626519972197,30.535293186638864,3877593
1,3877593,40.67761810605784,50.950951439391176,3873663
1,3873663,61.09327635881014,71.40136078828043,3878753
1,3878753,81.54368570769941,91.8136857076994,3877582
1,3877582,101.95601062711837,112.26601062711838,3878755
1,3878755,122.43624239348225,132.74624239348225,0
