Operator_ID,Sequence_Rank,From_Node,To_Node,Activity_Type,Travel_Time,Start_Service,Finish_Service,Processing_Time
1,1,0,3887190,Service,11.370226184994488,0.0,11.343333333333334,11.343333333333334
1,2,3887190,3877056,Service,10.837205408346938,22.180538741680266,33.317205408346936,11.13666666666667
1,3,3877056,3887175,Service,10.837205408346938,44.15441081669387,55.4977441500272,11.343333333333334
1,4,3887175,3877084,Service,10.837205408346938,66.33494955837413,77.4716162250408,11.13666666666667
1,5,3877084,3887159,Service,10.837205408346938,88.30882163338774,99.65215496672107,11.343333333333334
1,6,3887159,3877069,Service,10.837205408346938,110.489360375068,121.62602704173467,11.13666666666667
1,7,3877069,3887147,Service,10.837205408346938,132.4632324500816,143.80656578341492,11.343333333333334
1,8,3887147,3887166,Service,10.837205408346938,154.64377119176186,165.9871045250952,11.343333333333334
1,9,3887166,0,Return to Base,11.370226184994488,,,
