Operator,Task,Start,Finish,Successor
1,3873589,0.0,10.13,3880051
1,3880051,20.208139171445715,30.284805838112383,3873631
1,3873631,40.348991586085646,50.56710138741479,3885350
1,3885350,60.712216991528265,71.01627189219283,3885351
1,3885351,81.16417818100079,91.46489974833203,0
