Operator,Task,Start,Finish,Successor
1,3891289,0.0,11.163333333333334,3873340
1,3873340,21.163333333333334,32.03333333333333,3891266
1,3891266,42.03333333333333,53.196666666666665,3891305
1,3891305,64.16503425565463,75.32836758898796,3891249
1,3891249,86.29673517797592,97.46006851130926,0
