Operator,Task,Start,Finish,Successor
1,3894158,0.0,10.623333333333333,3894148
1,3894148,21.19821438039824,31.821547713731576,0
2,3894184,0.0,10.623333333333333,3894139
2,3894139,21.19821438039824,31.821547713731576,0
3,3894165,0.0,10.623333333333333,3894177
3,3894177,21.19821438039824,31.821547713731576,0
4,3894124,0.0,10.623333333333333,3894129
4,3894129,21.19821438039824,31.821547713731576,0
