Operator,Task,Start,Finish,Successor
1,3881169,0.0,10.64,3881777
1,3881777,21.435345137929588,32.07534513792959,3881598
1,3881598,42.870690275859175,53.510690275859176,3881774
1,3881774,64.30603541378876,74.94603541378876,0
2,3881590,0.0,10.64,3895267
2,3895267,21.43813582262409,32.07813582262409,3881622
2,3881622,42.87627164524818,53.51627164524818,0
