Operator,Task,Start,Finish,Successor
1,3887116,0.0,10.156666666666666,3886847
1,3886847,20.28782884730768,30.444495513974346,3887010
1,3887010,40.57565769461536,50.732324361282025,3887100
1,3887100,60.86348654192304,71.0201532085897,0
2,3886971,0.0,10.156666666666666,3887029
2,3887029,20.28782884730768,30.444495513974346,3887383
2,3887383,40.57565769461536,50.732324361282025,3887255
2,3887255,60.86348654192304,71.0201532085897,0
