Operator,Task,Start,Finish,Successor
1,3877166,0.0,10.606666666666667,3878560
1,3878560,21.12015265045279,31.796819317119457,3877180
1,3877180,42.31030530090558,52.91697196757225,3880643
1,3880643,63.441620690136325,74.18162069013633,3877191
1,3877191,84.70626941270041,95.31293607936708,3894114
1,3894114,106.14456011832502,117.02789345165836,0
