Operator_ID,Sequence_Rank,From_Node,To_Node,Activity_Type,Travel_Time,Start_Service,Finish_Service,Processing_Time
1,1,0,3885387,Service,11.3674355003,0.0,10.54,10.54
1,2,3885387,3873199,Service,10.39348654192306,20.933486541923067,31.466819875256398,10.533333333333331
1,3,3873199,3891138,Service,10.41860270417347,41.88542257942987,52.548755912763205,10.663333333333334
1,4,3891138,0,Return to Base,11.35906344621653,,,
2,1,0,3873191,Service,11.420458509495305,0.0,10.553333333333333,10.553333333333333
2,2,3873191,3873206,Service,10.40464928070102,20.957982614034357,31.49131594736769,10.533333333333331
2,3,3873206,3873177,Service,10.40464928070102,41.895965228068704,52.44929856140204,10.553333333333335
2,4,3873177,0,Return to Base,11.420458509495305,,,
