Operator_ID,Sequence_Rank,From_Node,To_Node,Activity_Type,Travel_Time,Start_Service,Finish_Service,Processing_Time
1,1,0,3873659,Service,11.487434942163059,0.0,10.341505011161846,10.341505011161846
1,2,3873659,3881714,Service,10.12279012655755,20.46429513771941,30.600961804386078,10.136666666666667
1,3,3881714,3890091,Service,10.119999441863062,40.72096124624913,50.86096124624913,10.14
1,4,3890091,0,Return to Base,11.462318779912652,,,
2,1,0,3873595,Service,11.487434942163059,1.7763568394002505e-15,10.170000000000002,10.17
2,2,3873595,3873604,Service,10.125580811252041,20.295580811252044,30.46224747791871,10.166666666666664
2,3,3873604,3873568,Service,10.13116218064102,40.59340965855973,50.76007632522639,10.166666666666664
2,4,3873568,0,Return to Base,11.487434942163059,,,
