Operator_ID,Sequence_Rank,From_Node,To_Node,Activity_Type,Travel_Time,Start_Service,Finish_Service,Processing_Time
1,1,0,3874534,Service,11.174878256380202,0.0,10.29,10.29
1,2,3874534,3874515,Service,10.159069027585918,20.449069027585928,30.739069027585927,10.29
1,3,3874515,3874508,Service,10.159069027585918,40.898138055171856,51.188138055171855,10.29
1,4,3874508,3881810,Service,10.170231766363877,61.35836982153574,71.56170315486906,10.203333333333326
1,5,3881810,3878875,Service,10.170231766363877,81.73193492123295,91.90860158789961,10.176666666666662
1,6,3878875,3882324,Service,10.170231766363877,102.0788333542635,112.28216668759683,10.203333333333333
1,7,3882324,3888155,Service,10.178603820447346,122.46077050804416,132.65077050804416,10.189999999999998
1,8,3888155,0,Return to Base,11.174878256380202,,,
