Operator,Task,Start,Finish,Successor
1,3878992,0.0,10.703333333333333,0
2,3879101,0.0,10.703333333333333,3879010
2,3879010,21.222400686508436,31.92573401984177,0
3,3878955,0.0,10.703333333333333,3879142
3,3879142,21.222400686508436,31.92573401984177,0
4,3879051,0.0,10.703333333333333,3878971
4,3878971,21.222400686508436,31.92573401984177,0
5,3878941,0.0,10.703333333333333,3878915
5,3878915,21.222400686508436,31.92573401984177,0
