Operator_ID,Sequence_Rank,From_Node,To_Node,Activity_Type,Travel_Time,Start_Service,Finish_Service,Processing_Time
1,1,0,3886534,Service,10.558136938897958,0.0,11.06,11.06
1,2,3886534,3885330,Service,10.859530885902856,21.91953088590288,32.90953088590288,10.990000000000002
1,3,3885330,3885346,Service,10.859530885902856,43.76906177180575,54.829061771805755,11.060000000000002
1,4,3885346,3887856,Service,10.859530885902856,65.68859265770864,76.67859265770863,10.989999999999995
1,5,3887856,3884008,Service,10.859530885902856,87.53812354361149,98.64479021027816,11.10666666666667
1,6,3884008,3880688,Service,10.873484309375305,109.51827451965347,120.6616078529868,11.14333333333333
1,7,3880688,3877746,Service,10.856740201208366,131.51834805419517,142.52501472086183,11.00666666666666
1,8,3877746,3886510,Service,10.876274994069796,153.40128971493164,164.46128971493164,11.060000000000002
1,9,3886510,0,Return to Base,10.558136938897958,,,
