Operator,Task,Start,Finish,Successor
1,3888178,0.0,10.673333333333334,3879853
1,3879853,21.19798205589742,31.90798205589742,3887611
1,3887611,42.4326307784615,53.10596411179483,0
2,3888260,0.0,10.673333333333334,3888360
2,3888360,21.18123794773048,31.854571281063812,3879881
2,3879881,42.4015454811838,53.1215454811838,0
