Operator_ID,Sequence_Rank,From_Node,To_Node,Activity_Type,Travel_Time,Start_Service,Finish_Service,Processing_Time
1,1,0,3891480,Service,10.491160506230203,0.0,11.32,11.32
1,2,3891480,3891412,Service,11.007437174710816,22.327437174710816,33.56410384137748,11.236666666666665
1,3,3891412,3879267,Service,11.021390598183263,44.585494439560755,54.585494439560755,10.0
1,4,3879267,3873678,Service,11.010227859405305,65.59572229896608,76.86572229896608,11.269999999999996
1,5,3873678,3891803,Service,11.010227859405305,87.8759501583714,99.11261682503806,11.236666666666665
1,6,3891803,3888919,Service,11.021390598183263,110.13400742322133,120.29884576771651,10.16483834449518
1,7,3888919,0,Return to Base,10.477207082757754,,,
