Operator,Task,Start,Finish,Successor
1,3884760,0.0,10.593333333333334,3882157
1,3882157,21.07333110078558,31.633331100785583,3884759
1,3884759,42.11053818354334,52.66053818354334,3884308
1,3884308,63.137745266301096,73.64107859963443,3884767
1,3884767,84.15735526811504,94.7840219347817,0
