Operator,Task,Start,Finish,Successor
1,3880144,0.0,10.546666666666667,3880153
1,3880153,21.02945511881341,31.49278845214674,3894239
1,3894239,42.02301854409979,52.56301854409979,0
2,3879769,0.0,10.463333333333333,3886530
2,3886530,20.951703154869044,31.485036488202375,3894250
2,3894250,41.99573178729399,52.53573178729399,0
