Operator,Task,Start,Finish,Successor
1,3886426,0.0,10.323333333333295,3881096
1,3881096,20.767052199757174,31.267052199757174,3881161
1,3881161,41.71077106618105,52.21077106618105,3881153
1,3881153,62.65448993260493,73.15448993260493,0
