Operator,Task,Start,Finish,Successor
1,3881727,0.0,10.6,3886808
1,3886808,21.149764884814495,31.74309821814783,0
2,3887944,0.0011627387779569176,10.611162738777956,3886758
2,3886758,21.149764884814495,31.74309821814783,0
3,3888075,0.0,10.593333333333334,3881065
3,3881065,21.143098218147827,31.74309821814783,0
4,3887900,0.0,10.593333333333334,3881069
4,3881069,21.143098218147827,31.74309821814783,0
