Operator_ID,Sequence_Rank,From_Node,To_Node,Activity_Type,Travel_Time,Start_Service,Finish_Service,Processing_Time
1,1,0,3877234,Service,11.406505086022856,0.0,10.57,10.57
1,2,3877234,3877261,Service,10.471625713368775,21.04162571336878,31.608292380035447,10.566666666666666
1,3,3877261,3877194,Service,10.471625713368775,42.07991809340423,52.64991809340423,10.57
1,4,3877194,3877270,Service,10.471625713368775,63.12154380677301,73.68821047343968,10.56666666666667
1,5,3877270,3877184,Service,10.471625713368775,84.15983618680846,94.72983618680846,10.569999999999993
1,6,3877184,3877284,Service,10.471625713368775,105.20146190017724,115.7681285668439,10.566666666666663
1,7,3877284,3877173,Service,10.471625713368775,126.23975428021268,136.80975428021267,10.569999999999993
1,8,3877173,3877278,Service,10.471625713368775,147.28137999358145,157.84804666024812,10.566666666666663
1,9,3877278,0,Return to Base,11.406505086022856,,,
