Operator,Task,Start,Finish,Successor
1,3887055,0.0,10.0,3888571
1,3888571,20.597206524620816,30.597206524620816,3888488
1,3888488,41.2585987972149,51.2585987972149,0
2,3888548,0.0,10.0,3888522
2,3888522,20.661392272594085,30.661392272594085,3888452
2,3888452,41.32278454518817,51.32278454518817,0
