Operator,Task,Start,Finish,Successor
1,3887710,0.0,11.223333333333333,0
2,3888598,0.0,11.223333333333333,3886696
2,3886696,21.999143678401484,33.22247701173482,0
3,3887687,0.0,11.223333333333333,3886998
3,3886998,21.999143678401484,33.22247701173482,0
4,3887471,0.0,11.223333333333333,3887657
4,3887657,21.999143678401484,33.22247701173482,0
