Operator,Task,Start,Finish,Successor
1,3876765,0.0,10.87,3876637
1,3876637,21.53976432667755,32.373097660010885,3891280
1,3891280,42.98704829279863,53.730381626131965,3876683
1,3876683,64.3443322589197,75.17766559225304,3874294
1,3874294,85.84742991893059,96.71742991893059,0
