Operator_ID,Sequence_Rank,From_Node,To_Node,Activity_Type,Travel_Time,Start_Service,Finish_Service,Processing_Time
1,1,0,3871709,Service,10.54139283073102,0.0,11.33,11.33
1,2,3871709,3886598,Service,11.233482634964489,22.577391562627742,33.940724895961075,11.363333333333333
1,3,3886598,0,Return to Base,10.558136938897958,,,
2,1,0,3873652,Service,10.53860214603653,0.0,11.40412477931854,11.40412477931854
2,2,3873652,3874992,Service,11.155343463518774,22.559468242837298,33.960259688822504,11.400791445985206
2,3,3874992,0,Return to Base,10.53860214603653,,,
3,1,0,3888339,Service,10.566508992981428,1.7763568394002505e-15,11.35824955863708,11.358249558637079
3,2,3888339,3885347,Service,11.093948400239999,22.452197958877097,33.890447517514176,11.438249558637079
3,3,3885347,0,Return to Base,10.566508992981428,,,
