Operator_ID,Sequence_Rank,From_Node,To_Node,Activity_Type,Travel_Time,Start_Service,Finish_Service,Processing_Time
1,1,0,3882108,Service,10.622322686871223,1.7763568394002505e-15,11.116666666666669,11.116666666666667
1,2,3882108,3891422,Service,10.80371719201306,21.920383858679738,33.20234895961435,11.28196510093461
1,3,3891422,0,Return to Base,10.622322686871223,,,
2,1,0,3891414,Service,10.622322686871223,0.0,11.318631767601277,11.318631767601277
2,2,3891414,0,Return to Base,10.622322686871223,,,
3,1,0,3883025,Service,10.622322686871223,1.7763568394002505e-15,11.230000000000002,11.23
3,2,3883025,3885294,Service,10.798135822624081,22.028135822624083,33.194712653912205,11.166576831288122
3,3,3885294,0,Return to Base,10.613950632787754,,,
