Operator,Task,Start,Finish,Successor
1,3878054,0.0,11.120000000000001,3885483
1,3885483,21.926507876707547,32.97317454337421,3889723
1,3889723,42.973174543374206,54.07317454337421,0
2,3885500,0.0,11.046666666666667,3885515
2,3885515,21.046666666666667,32.093333333333334,3878061
2,3878061,42.899841210040876,54.01984121004088,0
