Operator,Task,Start,Finish,Successor
1,3888600,0.0,10.2,0
2,3889440,0.0,10.2,3879950
2,3879950,20.36744108166938,30.56077441500271,0
3,3880287,0.0,10.193333333333333,3880012
3,3880012,20.35519304561374,30.548526378947074,0
4,3880031,0.0,10.193333333333333,3880043
4,3880043,20.35519304561374,30.548526378947074,0
