Operator,Task,Start,Finish,Successor
1,3889427,-2.1316282072803006e-14,10.046666666666646,3877531
1,3877531,20.085736252389516,30.14573625238952,3886700
1,3886700,40.179224468723376,50.219224468723375,0
2,3886962,0.0,10.04,3890524
2,3890524,20.07627890102837,30.119612234361703,3883554
2,3883554,40.15589113539007,50.21589113539007,0
3,3883478,0.0,10.06,3886899
3,3886899,20.09348821633386,30.13348821633386,3881824
3,3881824,40.166976432667724,50.21030976600106,0
