Operator_ID,Sequence_Rank,From_Node,To_Node,Activity_Type,Travel_Time,Start_Service,Finish_Service,Processing_Time
1,1,0,3873205,Service,11.174878256380202,0.0,11.21,11.21
1,2,3873205,3876682,Service,10.764647606290204,21.974647606290205,33.184647606290206,11.21
1,3,3876682,3874790,Service,10.764647606290204,43.94929521258041,55.15929521258041,11.21
1,4,3874790,0,Return to Base,11.174878256380202,,,
2,1,0,3877806,Service,11.174878256380202,0.0,11.21,11.21
2,2,3877806,3874815,Service,10.764647606290204,21.974647606290205,33.184647606290206,11.21
2,3,3874815,3877874,Service,10.764647606290204,43.94929521258041,55.15929521258041,11.21
2,4,3877874,0,Return to Base,11.174878256380202,,,
