Operator,Task,Start,Finish,Successor
1,3877523,0.0,11.433333333333334,3873542
1,3873542,22.507746940711908,33.87411555790417,3879055
1,3879055,44.95411053467172,56.24714581853065,3891474
1,3891474,67.31597805652024,78.76264472318691,3888320
1,3888320,89.83984901525997,101.25139405174687,0
