Operator,Task,Start,Finish,Successor
1,3890201,0.0,10.323458508418224,3871677
1,3871677,20.535550545199456,30.782217211866122,3872724
1,3872724,40.94407692414654,51.24420209923143,3882216
1,3882216,61.40327112681736,71.65327112681736,3873646
1,3873646,81.80954946970878,92.05954946970878,3890111
1,3890111,102.22978123607268,112.52990641115757,3888326
1,3888326,122.70292886221593,133.02305403730082,0
