Operator,Task,Start,Finish,Successor
1,3878071,0.0,10.493333333333334,3891203
1,3891203,20.976121785480064,31.339455118813397,3890010
1,3890010,41.33945511881339,51.749455118813394,0
2,3890009,0.0,10.363333333333333,3888575
2,3888575,20.68147138850516,31.031471388505157,3878082
2,3878082,41.491934363095986,51.98526769642932,0
