Operator_ID,Sequence_Rank,From_Node,To_Node,Activity_Type,Travel_Time,Start_Service,Finish_Service,Processing_Time
1,1,0,3873299,Service,11.199994418630611,1.7763568394002505e-15,11.223333333333334,11.223333333333333
1,2,3873299,3878881,Service,10.775810345068162,21.999143678401484,33.22247701173482,11.223333333333333
1,3,3878881,3888437,Service,10.775810345068162,43.99828735680296,55.2216206901363,11.223333333333336
1,4,3888437,0,Return to Base,11.199994418630611,,,
2,1,0,3880309,Service,11.199994418630611,0.0,11.223333333333333,11.223333333333333
2,2,3880309,3880268,Service,10.775810345068162,21.999143678401477,33.22247701173481,11.223333333333333
2,3,3880268,3880657,Service,10.775810345068162,43.99828735680296,55.22162069013629,11.22333333333333
2,4,3880657,0,Return to Base,11.199994418630611,,,
