Operator,Task,Start,Finish,Successor
1,3891057,-1.7763568394002505e-15,11.293333333333331,3891434
1,3891434,22.417979265212736,33.78440781497637,3883613
1,3883613,44.911844431550236,56.231844431550236,3882158
1,3882158,67.3369555705682,78.6569555705682,0
2,3873643,-1.7763568394002505e-15,11.389761883096966,3873581
2,3873581,22.5813842476441,34.027812797407734,3882137
2,3882137,45.1329239364257,56.495685809412365,0
