Operator_ID,Sequence_Rank,From_Node,To_Node,Activity_Type,Travel_Time,Start_Service,Finish_Service,Processing_Time
1,1,0,3890025,Service,11.462318779912652,0.0,10.233717948717949,10.233717948717949
1,2,3890025,3877498,Service,10.13116218064102,20.364880129358962,30.625264744743575,10.260384615384613
1,3,3877498,3891395,Service,10.103255333696122,40.7285200784397,50.855186745106366,10.126666666666665
1,4,3891395,3878216,Service,10.106046018390613,60.96123276349698,71.07123276349698,10.11
1,5,3878216,0,Return to Base,11.462318779912652,,,
