Operator_ID,Sequence_Rank,From_Node,To_Node,Activity_Type,Travel_Time,Start_Service,Finish_Service,Processing_Time
1,1,0,3894456,Service,11.199994418630611,0.0,10.25,10.25
1,2,3894456,3881936,Service,10.209301352086735,20.459301352086726,30.645968018753393,10.186666666666667
1,3,3881936,3881995,Service,10.226045460253673,40.87201347900705,51.08868014567372,10.216666666666669
1,4,3881995,0,Return to Base,11.199994418630611,,,
2,1,0,3882023,Service,11.199994418630611,0.0,10.216666666666667,10.216666666666667
2,2,3882023,3894435,Service,10.209301352086735,20.425968018753395,30.675968018753395,10.25
2,3,3894435,3881959,Service,10.209301352086735,40.88526937084012,51.10193603750679,10.216666666666669
2,4,3881959,0,Return to Base,11.199994418630611,,,
