Operator,Task,Start,Finish,Successor
1,3883042,0.0,10.0,3883040
1,3883040,20.32371942456082,30.32371942456082,3883117
1,3883117,40.64743884912164,50.64743884912164,3883155
1,3883155,60.97115827368246,70.97115827368246,3880308
1,3880308,81.16371551760226,91.16371551760226,0
