Operator_ID,Sequence_Rank,From_Node,To_Node,Activity_Type,Travel_Time,Start_Service,Finish_Service,Processing_Time
1,1,0,3883530,Service,10.0,0.0,10.556666666666667,10.556666666666667
1,2,3883530,3876702,Service,10.373951749061632,20.930618415728297,31.550618415728295,10.619999999999997
1,3,3876702,3883517,Service,10.373951749061632,41.92457016478993,52.48123683145659,10.556666666666665
1,4,3883517,3883537,Service,10.421393388867958,62.902630220324546,73.45929688699121,10.556666666666665
1,5,3883537,3883098,Service,10.421393388867958,83.88069027585917,94.43735694252584,10.556666666666672
1,6,3883098,0,Return to Base,10.0,,,
