Operator_ID,Sequence_Rank,From_Node,To_Node,Activity_Type,Travel_Time,Start_Service,Finish_Service,Processing_Time
1,1,0,3877608,Service,11.462318779912652,0.0,10.336666666666666,10.336666666666666
1,2,3877608,3885471,Service,10.27906846944898,20.615735136115653,30.959068469448987,10.343333333333334
1,3,3885471,3883242,Service,10.27906846944898,41.23813693889797,52.051470272231306,10.813333333333333
1,4,3883242,0,Return to Base,11.462318779912652,,,
2,1,0,3876657,Service,11.462318779912652,0.0,10.563333333333333,10.563333333333333
2,2,3876657,3877616,Service,10.281859154143469,20.845192487476798,31.185192487476797,10.34
2,3,3877616,3877899,Service,10.284649838837959,41.46984232631476,51.813175659648095,10.343333333333334
2,4,3877899,0,Return to Base,11.462318779912652,,,
