Operator,Task,Start,Finish,Successor
1,3877283,0.0,10.756666666666666,3877258
1,3877258,21.404105515788295,32.16077218245496,3877274
1,3877274,42.80821103157659,53.56487769824326,3877293
1,3877293,64.21231654736488,74.96898321403154,3877266
1,3877266,85.61642206315317,96.37308872981983,0
