Operator,Task,Start,Finish,Successor
1,3877655,0.0,10.466666666666667,3879603
1,3879603,20.83503704633933,31.281703713005996,3882156
1,3882156,41.64170203859519,52.01170203859519,3883143
1,3883143,62.371700364184385,72.83170036418439,3888268
1,3888268,83.18890800507907,93.66890800507907,0
