Operator,Task,Start,Finish,Successor
1,3878950,1.7763568394002505e-15,10.10666666666667,3877741
1,3877741,20.18759652280689,30.34092985614022,3887152
1,3887152,40.46930135208676,50.629301352086756,3890156
1,3890156,60.75488216333879,70.91154883000546,0
2,3878038,1.7763568394002505e-15,10.153333333333334,3883317
2,3883317,20.264960721112942,30.404960721112943,3880644
2,3880644,40.51658810889255,50.673254775559215,3890853
2,3890853,60.79325421742228,70.94325421742228,0
