Operator,Task,Start,Finish,Successor
1,3881638,0.0,11.125224898394071,3878717
1,3878717,21.90661661285122,32.99850817791196,0
2,3885876,0.0,11.14321532208866,3872443
2,3872443,21.95530456818519,31.95530456818519,0
