Operator_ID,Sequence_Rank,From_Node,To_Node,Activity_Type,Travel_Time,Start_Service,Finish_Service,Processing_Time
1,1,0,3888224,Service,11.462318779912652,0.0,10.327051282051283,10.327051282051283
1,2,3888224,3878727,Service,10.161859712280409,20.488910994331686,30.7092956097163,10.220384615384614
1,3,3878727,3873725,Service,10.11441807247408,40.82371368219038,51.09371368219038,10.270000000000003
1,4,3873725,3888182,Service,10.11441807247408,61.208131754664464,71.42518303671575,10.217051282051287
1,5,3888182,3884783,Service,10.11441807247408,81.53960110918983,91.84293444252316,10.303333333333327
1,6,3884783,3891447,Service,10.170231766363877,102.01316620888704,112.31983287555371,10.306666666666672
1,7,3891447,0,Return to Base,11.462318779912652,,,
