Operator_ID,Sequence_Rank,From_Node,To_Node,Activity_Type,Travel_Time,Start_Service,Finish_Service,Processing_Time
1,1,0,3886472,Service,11.174878256380202,0.0,10.373333333333333,10.373333333333333
1,2,3886472,3890633,Service,10.357207640894693,20.73054097422804,31.10054097422804,10.369999999999997
1,3,3890633,3885792,Service,10.357207640894693,41.45774861512274,51.831081948456074,10.373333333333335
1,4,3885792,3888115,Service,10.357207640894693,62.18828958935078,72.55828958935078,10.369999999999997
1,5,3888115,3886547,Service,10.357207640894693,82.91549723024548,93.28883056357881,10.373333333333335
1,6,3886547,0,Return to Base,11.174878256380202,,,
