Operator_ID,Sequence_Rank,From_Node,To_Node,Activity_Type,Travel_Time,Start_Service,Finish_Service,Processing_Time
1,1,0,3880144,Service,11.032553336961223,0.0,10.546666666666667,10.546666666666667
1,2,3880144,3880153,Service,10.482788452146734,21.02945511881341,31.49278845214674,10.463333333333331
1,3,3880153,3894239,Service,10.53023009195306,42.02301854409979,52.56301854409979,10.54
1,4,3894239,0,Return to Base,10.95720485021,,,
2,1,0,3879769,Service,11.032553336961223,0.0,10.463333333333333,10.463333333333333
2,2,3879769,3886530,Service,10.488369821535713,20.951703154869044,31.485036488202375,10.533333333333331
2,3,3886530,3894250,Service,10.510695299091632,41.99573178729399,52.53573178729399,10.54
2,4,3894250,0,Return to Base,10.95720485021,,,
