Operator,Task,Start,Finish,Successor
1,3884040,0.0,11.21,3883322
1,3883322,21.974647606290212,33.18464760629021,3891328
1,3891328,43.94929521258042,55.15929521258042,0
2,3884162,0.0,11.21,3884498
2,3884498,21.974647606290205,33.184647606290206,3884049
2,3884049,43.94929521258041,55.15929521258041,0
3,3885174,0.0,11.21,3884039
3,3884039,21.974647606290205,33.184647606290206,3884063
3,3884063,43.94929521258041,55.15929521258041,0
