Operator,Task,Start,Finish,Successor
1,3895249,0.0,10.733333333333333,3894551
1,3894551,21.495190254929057,32.15519025492905,3894911
1,3894911,42.90309375305232,53.563093753052314,3880486
1,3880486,64.31099725117558,74.96433058450891,3895176
1,3895176,85.72060613671566,96.44727280338233,3895167
1,3895167,107.20354835558908,117.93021502225574,0
