Operator_ID,Sequence_Rank,From_Node,To_Node,Activity_Type,Travel_Time,Start_Service,Finish_Service,Processing_Time
1,1,0,3891475,Service,10.574881047064897,0.0,11.296666666666667,11.296666666666667
1,2,3891475,3873600,Service,11.113483193101427,22.410149859768097,33.78135081411825,11.37120095435015
1,3,3873600,3890097,Service,11.09115771554551,44.872508529663754,56.15917519633042,11.286666666666669
1,4,3890097,0,Return to Base,10.558136938897958,,,
