Operator,Task,Start,Finish,Successor
1,3884078,0.0,10.516666666666667,3884093
1,3884093,21.143795749787216,31.660462416453882,0
2,3884129,0.0,10.473333333333333,3884070
2,3884070,20.91426151506272,31.43092818172939,0
3,3878177,0.0,10.606666666666667,3884096
3,3884096,21.18712908312055,31.660462416453882,0
