Operator,Task,Start,Finish,Successor
1,3873074,0.0,11.223333333333333,0
2,3873088,0.0,11.223333333333333,3871792
2,3871792,21.999143678401484,33.22247701173482,0
3,3872985,0.0,11.223333333333333,3871879
3,3871879,21.999143678401484,33.22247701173482,0
4,3871901,0.0,11.223333333333333,3872966
4,3872966,21.999143678401484,33.22247701173482,0
