Operator_ID,Sequence_Rank,From_Node,To_Node,Activity_Type,Travel_Time,Start_Service,Finish_Service,Processing_Time
1,1,0,3884980,Service,11.375807554383467,0.0,10.213333333333333,10.213333333333333
1,2,3884980,3885058,Service,10.178603820447346,20.391937153780674,30.605270487114005,10.213333333333331
1,3,3885058,3885013,Service,10.178603820447346,40.78387430756135,50.99720764089468,10.213333333333331
1,4,3885013,3885008,Service,10.178603820447346,61.17581146134203,71.38914479467536,10.213333333333331
1,5,3885008,0,Return to Base,11.375807554383467,,,
2,1,0,3885043,Service,11.375807554383467,0.0,10.213333333333333,10.213333333333333
2,2,3885043,3884993,Service,10.178603820447346,20.391937153780674,30.605270487114005,10.213333333333331
2,3,3884993,3885028,Service,10.178603820447346,40.78387430756135,50.99720764089468,10.213333333333331
2,4,3885028,0,Return to Base,11.375807554383467,,,
