Operator,Task,Start,Finish,Successor
1,3883405,0.0,10.213333333333333,3881022
1,3881022,20.347286198668836,30.577286198668837,3877192
1,3877192,40.70286700992087,50.82953367658754,3877211
1,3877211,60.93278901028367,71.05945567695034,3881024
1,3881024,81.18503648820236,91.41503648820236,3880993
1,3880993,101.54061729945438,111.77061729945439,3881011
1,3881011,121.89619811070641,132.1261981107064,3883536
1,3883536,142.26015097604193,152.47348430937527,3883518
1,3883518,162.60743717471078,172.82077050804412,0
