Operator,Task,Start,Finish,Successor
1,3886776,0.0,11.21,3886801
1,3886801,21.974647606290198,33.1846476062902,3884936
1,3884936,43.949295212580395,55.159295212580396,3874624
1,3874624,65.92394281887059,77.1339428188706,3883521
1,3883521,87.89859042516079,99.1085904251608,3886410
1,3886410,109.873238031451,121.083238031451,0
