Operator_ID,Sequence_Rank,From_Node,To_Node,Activity_Type,Travel_Time,Start_Service,Finish_Service,Processing_Time
1,1,0,3880893,Service,10.0,0.0,10.213333333333333,10.213333333333333
1,2,3880893,3880895,Service,10.178603820447346,20.391937153780674,30.605270487114005,10.213333333333331
1,3,3880895,3880872,Service,10.178603820447346,40.78387430756135,50.99720764089468,10.213333333333331
1,4,3880872,3880903,Service,10.178603820447346,61.17581146134203,71.38914479467536,10.213333333333331
1,5,3880903,3881916,Service,10.192557243919795,81.58170203859515,91.77503537192848,10.193333333333328
1,6,3881916,3881366,Service,10.14790628880796,101.92294166073647,112.09960832740313,10.176666666666662
1,7,3881366,3881928,Service,10.14790628880796,122.2475146162111,132.44084794954443,10.193333333333328
1,8,3881928,0,Return to Base,10.0,,,
