Operator,Task,Start,Finish,Successor
1,3877510,-3.552713678800501e-15,9.999999999999996,3888168
1,3888168,20.887437732847758,31.896230860948048,3881685
1,3881685,42.78366859379581,52.78366859379581,0
2,3884802,0.0,11.052126461433623,3877663
2,3877663,21.41770615641176,31.936499284512053,3881711
2,3881711,42.302078979490204,53.38087210759049,0
