Operator_ID,Sequence_Rank,From_Node,To_Node,Activity_Type,Travel_Time,Start_Service,Finish_Service,Processing_Time
1,1,0,3883047,Service,11.33673796866061,0.0,10.443333333333333,10.443333333333333
1,2,3883047,3883223,Service,10.513485983786122,20.95681931711946,31.393485983786128,10.436666666666667
1,3,3883223,3883187,Service,10.0,41.39348598378612,51.773485983786124,10.380000000000003
1,4,3883187,3883073,Service,10.0,61.77348598378612,72.21015265045278,10.436666666666667
1,5,3883073,3883158,Service,10.0,82.21015265045278,92.59015265045278,10.379999999999995
1,6,3883158,3883296,Service,10.0,102.59015265045278,113.02681931711945,10.436666666666667
1,7,3883296,3883175,Service,10.0,123.02681931711945,133.40681931711944,10.379999999999995
1,8,3883175,0,Return to Base,11.289296328854284,,,
