Operator,Task,Start,Finish,Successor
1,3889664,0.0,10.136666666666667,3889665
1,3889665,20.262247477918702,30.412247477918704,3888166
1,3888166,40.53224691978176,50.71891358644843,3888235
1,3888235,60.86123850586741,71.02457183920075,0
