Operator_ID,Sequence_Rank,From_Node,To_Node,Activity_Type,Travel_Time,Start_Service,Finish_Service,Processing_Time
1,1,0,3877557,Service,11.49022562685755,-1.7763568394002505e-15,10.840508282971287,10.840508282971289
1,2,3877557,3880956,Service,10.602787894009795,21.44329617698108,32.2671377932857,10.82384161630462
1,3,3880956,3877079,Service,10.605578578704286,63.989681861944845,74.8068568115828,10.817174949637959
1,4,3877079,0,Return to Base,11.462318779912652,,,
2,1,0,3883105,Service,11.487434942163059,0.0,10.75,10.75
2,2,3883105,3873657,Service,10.580462416453877,21.330462416453884,32.113795749787215,10.783333333333331
2,3,3873657,3879073,Service,10.574881047064897,42.68867679685212,53.43201013018545,10.743333333333332
2,4,3879073,3871727,Service,10.577671731759388,64.00968186194484,74.8068568115828,10.797174949637963
2,5,3871727,0,Return to Base,11.462318779912652,,,
