Operator_ID,Sequence_Rank,From_Node,To_Node,Activity_Type,Travel_Time,Start_Service,Finish_Service,Processing_Time
1,1,0,3882146,Service,10.613950632787754,0.0,10.104252922867245,10.104252922867245
1,2,3882146,3880067,Service,10.93487937265408,21.039132295521288,32.19246562885462,11.153333333333332
1,3,3880067,3873722,Service,10.965576904293469,43.15804253314809,54.46562878934867,11.30758625620058
1,4,3873722,0,Return to Base,10.613950632787754,,,
2,1,0,3873591,Service,10.622322686871223,0.0,11.166666666666666,11.166666666666666
2,2,3873591,3873586,Service,10.792554453235102,21.959221119901773,33.07255445323511,11.113333333333333
2,3,3873586,3881678,Service,10.814879930791019,43.88743438402612,54.98743438402612,11.100000000000001
2,4,3881678,0,Return to Base,10.622322686871223,,,
