Operator_ID,Sequence_Rank,From_Node,To_Node,Activity_Type,Travel_Time,Start_Service,Finish_Service,Processing_Time
1,1,0,3883192,Service,10.80929856140204,0.0,10.58,10.58
1,2,3883192,3880481,Service,10.488369821535713,21.06836982153571,31.528369821535712,10.46
1,3,3880481,3880327,Service,10.357207640894693,41.88557746243041,52.34557746243041,10.46
1,4,3880327,3873069,Service,10.373951749061632,62.719529211492045,73.20286254482538,10.483333333333334
1,5,3873069,3882832,Service,10.424184073562449,83.62704661838782,94.29704661838782,10.670000000000002
1,6,3882832,0,Return to Base,10.725578020567346,,,
