Operator,Task,Start,Finish,Successor
1,3884874,0.0,11.21,0
2,3887158,0.0,11.21,3885434
2,3885434,21.974647606290198,33.1846476062902,0
3,3878366,0.0,11.21,3890476
3,3890476,21.974647606290198,33.1846476062902,0
4,3886557,0.0,11.21,3883374
4,3883374,21.974647606290198,33.1846476062902,0
5,3878122,0.0,11.21,3874777
5,3874777,21.974647606290198,33.1846476062902,0
