Operator_ID,Sequence_Rank,From_Node,To_Node,Activity_Type,Travel_Time,Start_Service,Finish_Service,Processing_Time
1,1,0,3887677,Service,10.767438290984693,0.0,10.366666666666667,10.366666666666667
1,2,3887677,3877111,Service,10.312556685782857,20.67922335244952,31.10255668578285,10.423333333333332
1,3,3877111,3886508,Service,10.312556685782857,41.4151133715657,51.8851133715657,10.469999999999999
1,4,3886508,0,Return to Base,10.703252543011427,,,
