Operator,Task,Start,Finish,Successor
1,3877499,0.0,10.11,3890098
1,3890098,20.252324919418967,30.4256582527523,0
2,3885283,0.0,10.226317410676437,3888183
2,3888183,20.310037951511127,30.416704618177796,0
3,3873545,0.0,10.226317410676437,3881629
3,3881629,20.262596311704804,30.305929645038137,0
