Operator,Task,Start,Finish,Successor
1,3894456,0.0,10.25,3881936
1,3881936,20.459301352086726,30.645968018753393,3881995
1,3881995,40.87201347900705,51.08868014567372,0
2,3882023,0.0,10.216666666666667,3894435
2,3894435,20.425968018753395,30.675968018753395,3881959
2,3881959,40.88526937084012,51.10193603750679,0
