Operator,Task,Start,Finish,Successor
1,3877234,0.0,10.57,3877261
1,3877261,21.04162571336878,31.608292380035447,3877194
1,3877194,42.07991809340423,52.64991809340423,3877270
1,3877270,63.12154380677301,73.68821047343968,3877184
1,3877184,84.15983618680846,94.72983618680846,3877284
1,3877284,105.20146190017724,115.7681285668439,3877173
1,3877173,126.23975428021268,136.80975428021267,3877278
1,3877278,147.28137999358145,157.84804666024812,0
