Operator_ID,Sequence_Rank,From_Node,To_Node,Activity_Type,Travel_Time,Start_Service,Finish_Service,Processing_Time
1,1,0,3877283,Service,10.68650843484449,0.0,10.756666666666666,10.756666666666666
1,2,3877283,3877258,Service,10.647438849121633,21.404105515788295,32.16077218245496,10.756666666666668
1,3,3877258,3877274,Service,10.647438849121633,42.80821103157659,53.56487769824326,10.756666666666668
1,4,3877274,3877293,Service,10.647438849121633,64.21231654736488,74.96898321403154,10.75666666666666
1,5,3877293,3877266,Service,10.647438849121633,85.61642206315317,96.37308872981983,10.75666666666666
1,6,3877266,0,Return to Base,10.68650843484449,,,
