Operator,Task,Start,Finish,Successor
1,3874572,0.0,11.21,3874733
1,3874733,21.974647606290205,33.184647606290206,3877720
1,3877720,43.94929521258041,55.15929521258041,3880974
1,3880974,65.92394281887061,77.13394281887062,0
2,3877319,-1.7763568394002505e-15,11.209999999999999,3877349
2,3877349,21.974647606290205,33.184647606290206,3881095
2,3881095,43.94929521258041,55.15929521258041,0
