Operator,Task,Start,Finish,Successor
1,3877155,0.0,10.82,3877491
1,3877491,21.651624038957955,32.46495737229129,3887101
1,3887101,43.335650996972106,54.592317663638774,0
2,3877583,0.0,10.813333333333333,3877139
2,3877139,21.64495737229128,32.46495737229128,3887049
2,3887049,43.324488258194116,54.58115492486078,0
