Operator,Task,Start,Finish,Successor
1,3895269,0.0,10.686666666666667,3895282
1,3895282,21.331314831093806,32.01798149776047,3895258
1,3895258,42.66262966218761,53.34929632885428,0
2,3895050,0.0,10.82,3895060
2,3895060,42.52929632885428,53.34929632885428,0
