Operator,Task,Start,Finish,Successor
1,3883609,0.0,10.16,3874605
1,3874605,20.293952865335513,30.453952865335513,3877704
1,3877704,40.587905730671025,50.74790573067102,0
2,3883309,0.0,10.16,3883565
2,3883565,20.293952865335513,30.453952865335513,3883338
2,3883338,40.587905730671025,50.74790573067102,0
3,3883750,0.0,10.16,3883413
3,3883413,20.293952865335513,30.453952865335513,3883724
3,3883724,40.587905730671025,50.74790573067102,0
