Operator_ID,Sequence_Rank,From_Node,To_Node,Activity_Type,Travel_Time,Start_Service,Finish_Service,Processing_Time
1,1,0,3879873,Service,11.370226184994488,0.0,10.466666666666667,10.466666666666667
1,2,3879873,3879843,Service,10.359998325589183,20.826664992255857,31.293331658922526,10.466666666666669
1,3,3879843,0,Return to Base,11.370226184994488,,,
2,1,0,3879097,Service,11.370226184994488,0.0,10.466666666666667,10.466666666666667
2,2,3879097,3879857,Service,10.359998325589183,20.826664992255857,31.293331658922526,10.466666666666669
2,3,3879857,0,Return to Base,11.370226184994488,,,
3,1,0,3884175,Service,11.434411932967754,0.0,10.596666666666668,10.596666666666668
3,2,3884175,0,Return to Base,11.434411932967754,,,
