Operator,Task,Start,Finish,Successor
1,3882262,0.0,11.223333333333333,3882839
1,3882839,21.999143678401477,33.22247701173481,3885580
1,3885580,43.99828735680296,55.22162069013629,3884994
1,3884994,65.99743103520444,77.22076436853777,0
2,3882808,0.0,11.223333333333333,3891135
2,3891135,21.999143678401477,33.22247701173481,3886956
2,3886956,43.99828735680296,55.22162069013629,3884910
2,3884910,65.99743103520444,77.22076436853777,0
