Operator_ID,Sequence_Rank,From_Node,To_Node,Activity_Type,Travel_Time,Start_Service,Finish_Service,Processing_Time
1,1,0,3890604,Service,11.199994418630611,0.0,10.636666666666667,10.636666666666667
1,2,3890604,3873518,Service,10.68650843484449,21.323175101511165,32.02984176817783,10.706666666666667
1,3,3873518,3887836,Service,10.66418295728857,42.69402472546639,53.30069139213306,10.60666666666667
1,4,3887836,3874422,Service,10.66418295728857,63.96487434942165,74.67154101608831,10.706666666666663
1,5,3874422,3874456,Service,10.67255501137204,85.34409602746035,96.05076269412702,10.706666666666663
1,6,3874456,3872836,Service,10.67255501137204,106.72331770549903,117.3299843721657,10.60666666666667
1,7,3872836,3889464,Service,10.67255501137204,128.0025393835377,138.7092060502044,10.706666666666678
1,8,3889464,3881317,Service,10.67255501137204,149.3817610615764,160.22842772824308,10.846666666666664
1,9,3881317,0,Return to Base,11.199994418630611,,,
