Operator,Task,Start,Finish,Successor
1,3885372,0.0,11.266301002232366,3882178
1,3882178,22.33792392491644,33.56089159381547,3891428
1,3891428,44.57391013791526,55.796877806814294,0
2,3891409,0.0,11.22,3888283
2,3888283,22.213483751238357,33.41978475347072,3891430
2,3891430,44.4607101445154,55.827011146747765,0
