Operator,Task,Start,Finish,Successor
1,3878298,0.0,11.21,3878332
1,3878332,21.974647606290205,33.184647606290206,3890750
1,3890750,43.94929521258041,55.15929521258041,3890902
1,3890902,65.92394281887061,77.13394281887062,0
2,3880717,-1.7763568394002505e-15,11.209999999999999,3890583
2,3890583,21.974647606290205,33.184647606290206,3890969
2,3890969,43.94929521258041,55.15929521258041,0
