Operator,Task,Start,Finish,Successor
1,3879689,0.0,11.21,3890843
1,3890843,21.974647606290205,33.184647606290206,3882269
1,3882269,43.94929521258041,55.15929521258041,3880591
1,3880591,65.92394281887061,77.13394281887062,0
2,3884313,0.0,11.21,3883508
2,3883508,21.974647606290205,33.184647606290206,3884243
2,3884243,43.94929521258041,55.15929521258041,3884555
2,3884555,65.92394281887061,77.13394281887062,0
