Operator_ID,Sequence_Rank,From_Node,To_Node,Activity_Type,Travel_Time,Start_Service,Finish_Service,Processing_Time
1,1,0,3878754,Service,10.602787894009795,0.0,11.356666666666667,11.356666666666667
1,2,3878754,3886633,Service,11.186040995158162,22.542707661824828,34.09604099515816,11.553333333333335
1,3,3886633,3886803,Service,11.191622364547142,45.28766335970528,56.72355777057503,11.43589441086975
1,4,3886803,3887783,Service,11.169296886991223,67.89285465756623,79.26208240176932,11.369227744203087
1,5,3887783,3885308,Service,11.144180724740815,90.40626312651014,101.78882420404655,11.382561077536408
1,6,3885308,3885335,Service,11.155343463518774,112.94416766756532,124.29006207843507,11.345894410869747
1,7,3885335,3885333,Service,11.152552778824285,135.44261485725937,146.80184260146245,11.359227744203082
1,8,3885333,3885334,Service,11.177668941074693,157.97951154253715,169.39207262007358,11.412561077536424
1,9,3885334,0,Return to Base,10.597206524620816,,,
