Operator,Task,Start,Finish,Successor
1,3880187,0.0,10.333333333333334,3886620
1,3886620,20.559844000725572,30.883177334058907,0
2,3887754,0.0,10.343333333333334,3879783
2,3879783,20.577750847670472,30.911084181003808,0
3,3894444,0.0,10.393333333333333,0
