Operator,Task,Start,Finish,Successor
1,3883216,0.0,10.87,3881235
1,3881235,21.500773298728845,32.14743996539551,0
2,3886565,0.0,10.633333333333333,3884045
2,3884045,21.063098776284768,31.969765442951434,0
3,3884036,0.0,10.906666666666666,0
4,3883145,1.7763568394002505e-15,10.870000000000001,3883178
4,3883178,21.294184073562455,32.16418407356245,0
5,3883241,0.0,10.87,3883189
5,3883189,21.294184073562455,32.16418407356245,0
