Operator,Task,Start,Finish,Successor
1,3877870,0.0,11.21,3883288
1,3883288,21.974647606290198,33.1846476062902,0
2,3885090,0.0,11.21,3884538
2,3884538,21.974647606290198,33.1846476062902,0
3,3884018,0.0,11.21,3879679
3,3879679,21.974647606290198,33.1846476062902,0
