Operator,Task,Start,Finish,Successor
1,3876616,0.0,10.613333333333333,0
2,3876625,0.0,10.613333333333333,3874805
2,3874805,21.057052199757198,31.673718866423865,0
3,3874884,0.0,10.616666666666667,3874818
3,3874818,21.102245803507905,31.718912470174573,0
4,3874827,0.0,10.616666666666667,3874868
4,3874868,21.102245803507905,31.718912470174573,0
