Operator_ID,Sequence_Rank,From_Node,To_Node,Activity_Type,Travel_Time,Start_Service,Finish_Service,Processing_Time
1,1,0,3880393,Service,11.174878256380202,0.0,11.242967668899036,11.242967668899036
1,2,3880393,3876672,Service,10.764647606290204,22.00761527518923,33.250582944088265,11.242967668899034
1,3,3876672,3887542,Service,10.764647606290204,44.01523055037846,55.258198219277496,11.242967668899034
1,4,3887542,0,Return to Base,11.174878256380202,,,
2,1,0,3878399,Service,11.174878256380202,0.0,11.21,11.21
2,2,3878399,3880297,Service,10.764647606290204,21.974647606290198,33.21761527518923,11.242967668899034
2,3,3880297,3887310,Service,10.764647606290204,43.98226288147943,55.22523055037846,11.242967668899034
2,4,3887310,0,Return to Base,11.174878256380202,,,
