Operator_ID,Sequence_Rank,From_Node,To_Node,Activity_Type,Travel_Time,Start_Service,Finish_Service,Processing_Time
1,1,0,3873481,Service,10.839996093041428,0.0,10.533333333333333,10.533333333333333
1,2,3873481,3886389,Service,10.454881605201836,20.988214938535176,31.49154827186851,10.503333333333334
1,3,3886389,0,Return to Base,10.773019660373672,,,
2,1,0,3873437,Service,10.839996093041428,-1.7763568394002505e-15,10.533333333333331,10.533333333333333
2,2,3873437,3886404,Service,10.454881605201836,20.988214938535176,31.49154827186851,10.503333333333334
2,3,3886404,0,Return to Base,10.773019660373672,,,
3,1,0,3885569,Service,10.773019660373672,0.0,10.503333333333334,10.503333333333334
3,2,3885569,3886387,Service,10.424184073562449,20.927517406895788,31.430850740229122,10.503333333333334
3,3,3886387,0,Return to Base,10.773019660373672,,,
