Operator,Task,Start,Finish,Successor
1,3873662,0.0,10.104252922867248,3891421
1,3891421,20.104252922867246,30.104252922867246,3891437
1,3891437,40.104252922867246,50.104252922867246,0
2,3884562,0.0,10.0,3888304
2,3888304,20.0,31.55425292286725,3881715
2,3881715,41.55425292286725,51.55425292286725,0
