Operator,Task,Start,Finish,Successor
1,3889441,-1.7763568394002505e-15,10.31333333333333,3889428
1,3889428,20.63705275789414,30.95038609122747,3889450
1,3889450,41.27410551578828,51.58743884912161,3889436
1,3889436,61.91115827368242,72.22449160701575,0
2,3889423,0.0,10.303333333333333,3880168
2,3880168,20.523797424198015,30.743797424198014,3880184
2,3880184,40.93356398342333,51.15356398342333,3880170
2,3880170,61.34333054264866,71.56333054264866,3880180
2,3880180,81.75309710187398,91.97309710187398,0
