Operator,Task,Start,Finish,Successor
1,3884927,0.0,10.19,3884663
1,3884663,20.349069027585927,30.539069027585924,3885637
1,3885637,40.69813805517185,50.88813805517185,0
2,3885548,0.0,10.19,3885815
2,3885815,20.349069027585927,30.539069027585924,3885486
2,3885486,40.69813805517185,50.88813805517185,0
3,3884868,0.0,10.19,3884950
3,3884950,20.349069027585927,30.539069027585924,3884829
3,3884829,40.69813805517185,50.88813805517185,0
