Operator_ID,Sequence_Rank,From_Node,To_Node,Activity_Type,Travel_Time,Start_Service,Finish_Service,Processing_Time
1,1,0,3878116,Service,10.0,0.0,10.776666666666667,10.776666666666667
1,2,3878116,3883080,Service,10.68650843484449,21.46317510151115,32.11984176817782,10.65666666666667
1,3,3883080,3878097,Service,10.68650843484449,42.806350203022305,53.583016869688976,10.77666666666667
1,4,3878097,0,Return to Base,10.0,,,
2,1,0,3878106,Service,10.0,0.0,10.776666666666667,10.776666666666667
2,2,3878106,3878085,Service,10.722787335872857,21.49945400253952,32.276120669206186,10.776666666666667
2,3,3878085,0,Return to Base,10.0,,,
