Operator,Task,Start,Finish,Successor
1,3884295,0.0,11.21,3887357
1,3887357,21.974647606290205,33.184647606290206,3885403
1,3885403,43.94929521258041,55.15929521258041,3884729
1,3884729,65.92394281887061,77.13394281887062,0
2,3886396,0.0,11.21,3885457
2,3885457,21.974647606290205,33.184647606290206,3885540
2,3885540,43.94929521258041,55.15929521258041,3887277
2,3887277,65.92394281887061,77.13394281887062,0
