Operator_ID,Sequence_Rank,From_Node,To_Node,Activity_Type,Travel_Time,Start_Service,Finish_Service,Processing_Time
1,1,0,3898065,Service,11.199994418630611,0.0,10.593333333333334,10.593333333333334
1,2,3898065,3884017,Service,10.78697308384612,21.380306417179455,31.97363975051279,10.593333333333334
1,3,3884017,3897534,Service,10.644648164427142,42.61828791493993,53.23162124827326,10.61333333333333
1,4,3897534,3896117,Service,10.644648164427142,63.876269412700395,74.48960274603373,10.61333333333333
1,5,3896117,0,Return to Base,11.199994418630611,,,
