Operator_ID,Sequence_Rank,From_Node,To_Node,Activity_Type,Travel_Time,Start_Service,Finish_Service,Processing_Time
1,1,0,3880964,Service,12.2967335035651,0.0,10.0,10.0
1,2,3880964,3880103,Service,11.356272761522039,21.356272761522035,31.356272761522035,10.0
1,3,3880103,3880999,Service,11.356272761522039,42.71254552304407,52.71254552304407,10.0
1,4,3880999,3887315,Service,11.356272761522039,64.0688182845661,74.0688182845661,10.0
1,5,3887315,3882030,Service,10.0,84.0688182845661,94.0688182845661,10.0
1,6,3882030,0,Return to Base,10.0,,,
