Operator,Task,Start,Finish,Successor
1,3881476,-1.7763568394002505e-15,10.176666666666664,3886618
1,3886618,20.321782270780126,30.49511560411346,3879898
1,3879898,40.640231208226936,50.81356454156027,3877462
1,3877462,60.95868014567374,71.1353468123404,0
2,3881227,-1.7763568394002505e-15,10.176666666666664,3881084
2,3881084,20.324572955474633,30.5012396221413,3881409
2,3881409,40.64914591094927,50.825812577615935,0
