Operator_ID,Sequence_Rank,From_Node,To_Node,Activity_Type,Travel_Time,Start_Service,Finish_Service,Processing_Time
1,1,0,3883652,Service,11.174878256380202,0.0,10.42,10.42
1,2,3883652,3887096,Service,10.39348654192306,20.81348654192307,31.23348654192307,10.420000000000002
1,3,3887096,3883553,Service,10.39348654192306,41.62697308384614,52.04697308384614,10.420000000000002
1,4,3883553,3871964,Service,10.39348654192306,62.44045962576921,72.84379295910254,10.403333333333336
1,5,3871964,0,Return to Base,11.174878256380202,,,
2,1,0,3883876,Service,11.174878256380202,0.0,10.42,10.42
2,2,3883876,3883665,Service,10.39348654192306,20.81348654192307,31.23348654192307,10.420000000000002
2,3,3883665,3886832,Service,10.39348654192306,41.62697308384614,52.04697308384614,10.420000000000002
2,4,3886832,0,Return to Base,11.174878256380202,,,
