Operator_ID,Sequence_Rank,From_Node,To_Node,Activity_Type,Travel_Time,Start_Service,Finish_Service,Processing_Time
1,1,0,3886491,Service,11.22231989618653,0.0,10.24,10.24
1,2,3886491,3880424,Service,10.192557243919795,20.432557243919796,30.745890577253128,10.313333333333333
1,3,3880424,3883407,Service,10.181394505141837,40.92728508239497,51.223951749061634,10.296666666666667
1,4,3883407,0,Return to Base,11.208366472714081,,,
