Operator,Task,Start,Finish,Successor
1,3888190,0.0,11.086666666666666,3888188
1,3888188,21.935034813791553,32.94170148045822,0
2,3888187,0.0,11.093333333333334,3885458
2,3885458,21.952864219236204,32.92953088590287,0
3,3890014,0.0,11.026666666666667,3888191
3,3888191,21.8973602913475,32.92402695801417,0
