Operator,Task,Start,Finish,Successor
1,3884980,0.0,10.213333333333333,3885058
1,3885058,20.391937153780674,30.605270487114005,3885013
1,3885013,40.78387430756135,50.99720764089468,3885008
1,3885008,61.17581146134203,71.38914479467536,0
2,3885043,0.0,10.213333333333333,3884993
2,3884993,20.391937153780674,30.605270487114005,3885028
2,3885028,40.78387430756135,50.99720764089468,0
