Operator_ID,Sequence_Rank,From_Node,To_Node,Activity_Type,Travel_Time,Start_Service,Finish_Service,Processing_Time
1,1,0,3885368,Service,10.488369821535713,0.0,10.0,10.0
1,2,3885368,3871679,Service,10.968367588987958,20.96836758898796,32.47541887103924,11.507051282051279
1,3,3871679,0,Return to Base,10.53023009195306,,,
2,1,0,3871670,Service,10.54697420012,0.0,11.273717948717948,11.273717948717948
2,2,3871670,3885317,Service,11.035344021655714,22.309061970373666,33.642395303707,11.333333333333332
2,3,3885317,0,Return to Base,10.477207082757754,,,
