Operator,Task,Start,Finish,Successor
1,3911750,0.0,10.66,3911722
1,3911722,21.410694182817767,31.607360849484436,0
2,3911733,0.0,10.196666666666667,3911727
2,3911727,20.36131706364157,30.557983730308237,0
3,3911755,0.0,10.66,3911740
3,3911740,21.49844503048824,31.841778363821575,0
4,3911742,0.0,10.196666666666667,3912155
4,3912155,20.83015209231585,31.93681875898252,0
5,3911746,0.0,10.196666666666667,3911753
5,3911753,20.947360849484433,31.607360849484433,0
