Operator,Task,Start,Finish,Successor
1,3911755,0.0,5.66,0
2,3911740,0.45346029231754326,5.796793625650877,0
3,3911750,0.0,5.66,0
4,3911722,0.0,5.196666666666666,0
5,3911753,0.0,5.66,0
37,3911742,0.655194758441815,5.796793625650877,0
38,3912155,-1.1723955140041653e-13,5.796793625650878,0
39,3911727,0.0,5.141598867209062,0
40,3911733,0.655194758441815,5.796793625650877,0
41,3911746,0.0,5.141598867209062,0
