Operator,Task,Start,Finish,Successor
1,3912182,0.0,11.223333333333333,3912191
1,3912191,21.999143678401477,33.22247701173481,3913872
1,3913872,43.99828735680296,55.22162069013629,3913120
1,3913120,65.99743103520444,77.22076436853777,0
2,3912186,0.0,11.223333333333333,3915014
2,3915014,21.999143678401477,33.22247701173481,3914142
2,3914142,43.99828735680296,55.22162069013629,3913045
2,3913045,65.99743103520444,77.22076436853777,0
