Operator_ID,Sequence_Rank,From_Node,To_Node,Activity_Type,Travel_Time,Start_Service,Finish_Service,Processing_Time
1,1,0,3912846,Service,10.622322686871223,0.0,11.213333333333333,11.213333333333333
1,2,3912846,3912992,Service,10.485579136841224,21.698912470174356,32.42359508631972,10.724682616145365
1,3,3912992,3914019,Service,10.482788452146734,42.90638353846645,54.186569424467024,11.280185886000574
1,4,3914019,3911904,Service,10.482788452146734,64.66935787661376,75.29935787661375,10.629999999999995
1,5,3911904,3914024,Service,10.80092650731857,86.10028438393233,97.276951050599,11.176666666666662
1,6,3914024,3911431,Service,10.82046130018,108.097412350779,119.247412350779,11.150000000000006
1,7,3911431,3914043,Service,10.851158831819387,130.0985711825984,141.31078697901165,11.212215796413261
1,8,3914043,0,Return to Base,10.613950632787754,,,
