Operator,Task,Start,Finish,Successor
1,3912477,0.0,10.0,3912470
1,3912470,21.024181282877745,32.324181282877746,3912345
1,3912345,43.471152692313055,54.88735336453446,3914013
1,3914013,66.0287434045808,77.40827741013554,0
2,3914003,0.0,11.263240134444281,3911921
2,3911921,22.28742141732203,33.5802887562101,3911905
2,3911905,44.61005140847682,55.82625208069823,3911931
2,3911931,66.84206130949252,78.05872797615919,0
