Operator_ID,Sequence_Rank,From_Node,To_Node,Activity_Type,Travel_Time,Start_Service,Finish_Service,Processing_Time
1,1,0,3912618,Service,10.81208924609653,0.0,10.546666666666667,10.546666666666667
1,2,3912618,3913317,Service,10.619532002176735,21.166198668843407,31.886198668843406,10.719999999999999
1,3,3913317,0,Return to Base,10.636276110343672,,,
2,1,0,3913316,Service,10.636276110343672,0.0,10.74,10.74
2,2,3913316,0,Return to Base,10.636276110343672,,,
3,1,0,3913141,Service,10.711624597094897,0.0,10.616666666666667,10.616666666666667
3,2,3913141,3913109,Service,10.474416398063266,21.091083064729936,31.701083064729936,10.61
3,3,3913109,0,Return to Base,10.733950074650815,,,
