Operator,Task,Start,Finish,Successor
1,3911683,0.0,10.0,3913674
1,3913674,19.999999999999986,29.999999999999986,3913480
1,3913480,39.999999999999986,49.999999999999986,3911684
1,3911684,59.999999999999986,69.99999999999999,0
2,3914761,0.0,10.466666666666667,3914746
2,3914746,20.46666666666666,30.93333333333333,3914728
2,3914728,40.93333333333333,51.4,0
