Operator_ID,Sequence_Rank,From_Node,To_Node,Activity_Type,Travel_Time,Start_Service,Finish_Service,Processing_Time
1,1,0,3912711,Service,11.174878256380202,0.0,10.346666666666668,10.346666666666668
1,2,3912711,3913475,Service,10.351626271505713,20.698292938172397,31.034959604839063,10.336666666666666
1,3,3913475,3913040,Service,10.281859154143469,41.31681875898252,51.78348542564919,10.466666666666669
1,4,3913040,3913081,Service,10.290231208226938,62.073716633876124,72.42371663387613,10.350000000000001
1,5,3913081,3913549,Service,10.27069641536551,82.69441304924163,93.07774638257496,10.383333333333326
1,6,3913549,3913459,Service,10.27069641536551,103.34844279794045,113.82844279794045,10.480000000000004
1,7,3913459,3913675,Service,10.290231208226938,124.11867400616738,134.47200733950072,10.353333333333339
1,8,3913675,3912962,Service,10.359998325589183,144.8320056650899,155.25200566508988,10.419999999999987
1,9,3912962,0,Return to Base,11.174878256380202,,,
