Operator,Task,Start,Finish,Successor
1,3914016,0.0,11.249231787683145,3912474
1,3912474,22.189692529726212,33.40892431740936,3912479
1,3912479,44.24333904106181,55.45257082874495,3913522
1,3913522,66.28140418300845,77.24140418300844,3912623
1,3912623,88.07860959135537,99.27784137903852,3913530
1,3913530,110.11504678738547,121.07504678738546,3913321
1,3913321,131.91225219573244,143.0258738213879,0
