Operator_ID,Sequence_Rank,From_Node,To_Node,Activity_Type,Travel_Time,Start_Service,Finish_Service,Processing_Time
1,1,0,3911744,Service,10.965576904293469,0.0,10.343333333333334,10.343333333333334
1,2,3911744,3911834,Service,10.27627778475449,20.619611118087814,30.96627778475448,10.346666666666668
1,3,3911834,0,Return to Base,10.962786219598978,,,
2,1,0,3911740,Service,10.965576904293469,0.0,10.343333333333334,10.343333333333334
2,2,3911740,3911829,Service,10.27627778475449,20.619611118087814,30.96627778475448,10.346666666666668
2,3,3911829,0,Return to Base,10.962786219598978,,,
3,1,0,3911666,Service,10.962786219598978,0.0,10.346666666666668,10.346666666666668
3,2,3911666,0,Return to Base,10.962786219598978,,,
