Operator,Task,Start,Finish,Successor
1,3912705,1.7763568394002505e-15,11.053333333333335,3912730
1,3912730,21.940771066181085,32.99410439951442,3913699
1,3913699,43.85921665480627,55.045883321472935,0
2,3912720,1.7763568394002505e-15,11.053333333333335,3912737
2,3912737,21.940771066181085,32.99410439951442,3913517
2,3913517,43.831309807861345,55.007976474528014,0
