Operator,Task,Start,Finish,Successor
1,3913532,0.0,11.223333333333333,0
2,3913856,0.0,11.223333333333333,3913606
2,3913606,21.999143678401484,33.22247701173482,0
3,3913430,0.0,11.223333333333333,3914058
3,3914058,21.999143678401484,33.22247701173482,0
4,3913647,0.0,11.223333333333333,3913504
4,3913504,21.999143678401484,33.22247701173482,0
5,3912955,0.0,11.223333333333333,3912347
5,3912347,21.999143678401484,33.22247701173482,0
