Operator,Task,Start,Finish,Successor
1,3914898,0.0,11.223333333333333,0
2,3915001,0.0,11.223333333333333,3914943
2,3914943,21.999143678401484,33.22247701173482,0
3,3913727,0.0,11.223333333333333,3915030
3,3915030,21.999143678401484,33.22247701173482,0
4,3914949,0.0,11.223333333333333,3914129
4,3914129,21.999143678401484,33.22247701173482,0
5,3913642,0.0,11.223333333333333,3913639
5,3913639,21.999143678401484,33.22247701173482,0
