Operator,Task,Start,Finish,Successor
1,3913651,0.0,11.223333333333333,3912258
1,3912258,21.999143678401484,33.22247701173482,3914981
1,3914981,43.99828735680297,55.221620690136305,3912194
1,3912194,65.99743103520446,77.22076436853779,0
2,3913694,0.0,11.223333333333333,3914970
2,3914970,21.999143678401484,33.22247701173482,3913983
2,3913983,43.99828735680297,55.221620690136305,0
