Operator_ID,Sequence_Rank,From_Node,To_Node,Activity_Type,Travel_Time,Start_Service,Finish_Service,Processing_Time
1,1,0,3911919,Service,10.488369821535713,0.0,11.478632044647291,11.478632044647291
1,2,3911919,3912839,Service,11.021390598183263,22.500022642830565,33.85679256131037,11.356769918479806
1,3,3912839,3911913,Service,11.004646490016325,44.861439051326684,56.19477238466002,11.333333333333336
1,4,3911913,3911915,Service,10.0,66.19477238466001,76.19477238466001,10.0
1,5,3911915,3914044,Service,10.0,86.19477238466001,97.58995438228787,11.395181997627859
1,6,3914044,3912462,Service,11.010227859405305,108.60018224169316,119.91881428634045,11.318632044647288
1,7,3912462,3912458,Service,10.0,129.91881428634045,139.92077966432106,10.00196537798061
1,8,3912458,0,Return to Base,10.0,,,
