Operator,Task,Start,Finish,Successor
1,3911766,0.0,10.66,3911753
1,3911753,21.41069418281776,32.07069418281776,3911782
1,3911782,42.82138836563553,53.481388365635524,0
2,3911755,0.0,10.66,3911841
2,3911841,21.41069418281776,32.07069418281776,3911757
2,3911757,42.82138836563553,53.481388365635524,0
3,3911772,0.0,10.66,3911779
3,3911779,21.41069418281776,32.07069418281776,3911761
3,3911761,42.82138836563553,53.481388365635524,0
