Operator,Task,Start,Finish,Successor
1,3913117,0.0,10.956666666666667,3913093
1,3913093,21.818988237264012,32.77565490393068,0
2,3913145,0.0,10.956666666666667,3913182
2,3913182,21.818988237264012,32.77565490393068,0
3,3913225,0.0,10.956666666666667,3913206
3,3913206,21.818988237264012,32.77565490393068,0
4,3913030,0.0,10.956666666666667,3913079
4,3913079,21.818988237264012,32.77565490393068,0
5,3913049,0.0,10.956666666666667,3913064
5,3913064,21.818988237264012,32.77565490393068,0
