Operator,Task,Start,Finish,Successor
1,3912169,0.0,10.25,3911987
1,3911987,20.459301352086726,30.709301352086726,3911808
1,3911808,40.91860270417345,51.16860270417345,3912143
1,3912143,61.37790405626018,71.62790405626018,3912159
1,3912159,81.7618569215957,91.92519025492902,3911795
1,3911795,102.05914312026454,112.30914312026454,3912162
1,3912162,122.44309598560005,132.60642931893338,3913284
1,3913284,142.7403821842689,152.90371551760222,3913682
1,3913682,162.95673852679752,173.02007186013086,0
