Operator,Task,Start,Finish,Successor
1,3913560,0.0,10.596666666666668,3911835
1,3911835,21.355732903567887,32.08573290356789,0
2,3912639,0.0,10.68,3913716
2,3913716,21.173951190924686,32.020617857591354,0
3,3911827,0.0,10.73,3913602
3,3913602,21.48906623690122,32.08573290356789,0
