Operator,Task,Start,Finish,Successor
1,3911744,0.0,10.343333333333334,3911834
1,3911834,20.619611118087814,30.96627778475448,0
2,3911740,0.0,10.343333333333334,3911829
2,3911829,20.619611118087814,30.96627778475448,0
3,3911666,0.0,10.346666666666668,0
