Operator,Task,Start,Finish,Successor
1,3914083,0.0,11.223333333333333,3913882
1,3913882,21.999143678401484,33.22247701173482,3915186
1,3915186,43.99828735680297,55.221620690136305,3913792
1,3913792,65.99743103520446,77.22076436853779,0
2,3914107,0.0,11.223333333333333,3914997
2,3914997,21.999143678401484,33.22247701173482,3914954
2,3914954,43.99828735680297,55.221620690136305,0
