Operator_ID,Sequence_Rank,From_Node,To_Node,Activity_Type,Travel_Time,Start_Service,Finish_Service,Processing_Time
1,1,0,3912704,Service,10.0,0.0,10.296666666666667,10.296666666666667
1,2,3912704,3911700,Service,10.332091478644285,20.62875814531096,31.185424811977626,10.556666666666665
1,3,3911700,3912642,Service,10.332091478644285,41.51751629062191,51.81418295728858,10.296666666666667
1,4,3912642,0,Return to Base,10.0,,,
2,1,0,3912487,Service,11.34790070743857,0.0,10.826666666666666,10.826666666666666
2,2,3912487,3911669,Service,10.586043785842856,21.41271045250953,31.866043785842862,10.453333333333333
2,3,3911669,3912676,Service,10.0,41.86604378584286,52.16271045250953,10.296666666666667
2,4,3912676,0,Return to Base,10.0,,,
