Operator,Task,Start,Finish,Successor
1,3913427,0.0,10.496666666666666,3911705
1,3911705,21.052478686145648,31.409145352812317,0
2,3913086,0.0,10.356666666666667,3913101
2,3913101,20.655269928977063,31.011936595643732,0
3,3913392,0.0,10.496666666666666,3913179
3,3913179,20.79526992897706,31.151936595643726,0
4,3913402,0.0,10.496666666666666,3913420
4,3913420,20.99340854228586,31.490075208952526,0
5,3911707,0.0,10.496666666666666,3913444
5,3913444,20.99340854228586,31.490075208952526,0
