Operator_ID,Sequence_Rank,From_Node,To_Node,Activity_Type,Travel_Time,Start_Service,Finish_Service,Processing_Time
1,1,0,3912309,Service,10.636276110343672,0.0,10.616666666666667,10.616666666666667
1,2,3912309,3913314,Service,10.477207082757754,21.093873749424418,31.677207082757754,10.583333333333336
1,3,3913314,3912311,Service,10.482788452146734,42.159995534904496,52.74666220157116,10.586666666666666
1,4,3912311,3913320,Service,10.482788452146734,63.2294506537179,73.9394506537179,10.71
1,5,3913320,0,Return to Base,10.527439407258571,,,
2,1,0,3912313,Service,10.613950632787754,0.0,10.626666666666667,10.626666666666667
2,2,3912313,3913319,Service,10.591625155231837,21.218291821898504,32.361625155231835,11.14333333333333
2,3,3913319,3912440,Service,10.569299677675918,42.93092483290777,53.54759149957444,10.616666666666667
2,4,3912440,0,Return to Base,10.636276110343672,,,
