Operator,Task,Start,Finish,Successor
1,3913108,0.0,10.926666666666666,3913042
1,3913042,21.33131594736769,31.821315947367687,3912956
1,3912956,41.82131594736769,52.44012808245025,3913147
1,3913147,62.44012808245025,73.24592202338535,0
