Operator_ID,Sequence_Rank,From_Node,To_Node,Activity_Type,Travel_Time,Start_Service,Finish_Service,Processing_Time
1,1,0,3915103,Service,11.462318779912652,0.0,10.347314938650007,10.347314938650007
1,2,3915103,0,Return to Base,11.462318779912652,,,
2,1,0,3912850,Service,11.462318779912652,0.0,10.207314938650008,10.207314938650008
2,2,3912850,3912461,Service,10.092092594918164,20.299407533568175,30.41274086690151,10.113333333333333
2,3,3912461,0,Return to Base,11.462318779912652,,,
3,1,0,3914002,Service,11.49022562685755,0.0,10.106666666666667,10.106666666666667
3,2,3914002,3912851,Service,10.069767117362245,20.176433784028916,30.419767117362248,10.243333333333332
3,3,3912851,0,Return to Base,11.462318779912652,,,
