Operator_ID,Sequence_Rank,From_Node,To_Node,Activity_Type,Travel_Time,Start_Service,Finish_Service,Processing_Time
1,1,0,3913560,Service,11.199994418630611,0.0,10.596666666666668,10.596666666666668
1,2,3913560,3911835,Service,10.759066236901223,21.355732903567887,32.08573290356789,10.73
1,3,3911835,0,Return to Base,11.199994418630611,,,
2,1,0,3912639,Service,11.375807554383467,0.0,10.68,10.68
2,2,3912639,3913716,Service,10.493951190924694,21.173951190924686,32.020617857591354,10.846666666666668
2,3,3913716,0,Return to Base,11.199994418630611,,,
3,1,0,3911827,Service,11.199994418630611,0.0,10.73,10.73
3,2,3911827,3913602,Service,10.759066236901223,21.48906623690122,32.08573290356789,10.596666666666668
3,3,3913602,0,Return to Base,11.199994418630611,,,
