Operator,Task,Start,Finish,Successor
1,3913754,0.0,10.116666664666578,3912905
1,3912905,20.228294052446184,30.34496071911285,3913471
1,3913471,40.38403030483572,50.430696971502385,3913535
1,3913535,60.492092034781166,70.5654253681145,3913500
1,3913500,80.62682043139328,90.70015376472662,3913519
1,3913519,100.7615488280054,110.83488216133874,3913523
1,3913523,120.89627722461752,130.96961055795086,3913558
1,3913558,141.00868014367373,151.05534681034038,3913544
1,3913544,161.09441639606325,171.16774972939658,0
