Operator_ID,Sequence_Rank,From_Node,To_Node,Activity_Type,Travel_Time,Start_Service,Finish_Service,Processing_Time
1,1,0,3912604,Service,10.94046074204306,0.0,10.946666666666667,10.946666666666667
1,2,3912604,3912616,Service,10.862321570597345,21.80898823726401,32.755654903930676,10.946666666666665
1,3,3912616,0,Return to Base,10.94046074204306,,,
2,1,0,3912510,Service,10.94046074204306,0.0,10.946666666666667,10.946666666666667
2,2,3912510,3912583,Service,10.862321570597345,21.80898823726401,32.755654903930676,10.946666666666665
2,3,3912583,0,Return to Base,10.94046074204306,,,
3,1,0,3912534,Service,10.94046074204306,0.0,10.946666666666667,10.946666666666667
3,2,3912534,0,Return to Base,10.94046074204306,,,
