Operator,Task,Start,Finish,Successor
1,3912355,0.0,10.593333333333334,3913242
1,3913242,21.38030641717947,32.02030641717947,3912350
1,3912350,42.807279501025604,53.40061283435894,3912353
1,3912353,64.18758591820507,74.7809192515384,0
2,3912306,0.0,10.593333333333334,3912299
2,3912299,21.38030641717947,31.973639750512802,3912301
2,3912301,42.76061283435894,53.35394616769227,3913325
2,3913325,64.1409192515384,74.7809192515384,0
