Operator,Task,Start,Finish,Successor
1,3912139,0.0,11.223333333333333,3914869
1,3914869,21.999143678401477,33.22247701173481,3914939
1,3914939,43.99828735680296,55.22162069013629,3914063
1,3914063,65.99743103520444,77.22076436853777,3913299
1,3913299,87.99657471360592,99.21990804693925,0
2,3913496,0.0,11.223333333333333,3913869
2,3913869,21.999143678401477,33.22247701173481,3915089
2,3915089,43.99828735680296,55.22162069013629,3913705
2,3913705,65.99743103520444,77.22076436853777,0
