Operator,Task,Start,Finish,Successor
1,3911930,1.7763568394002505e-15,10.276666666666669,3911942
1,3911942,20.38202032214066,30.53194804936315,0
2,3912857,0.0,10.356594393889159,3912860
2,3912860,20.412408087778964,30.472408087778966,0
3,3911944,0.0,10.149927727222492,3912480
3,3912480,20.24202032214066,30.53194804936315,0
4,3912481,0.0,10.319927727222492,0
