Operator,Task,Start,Finish,Successor
1,3911987,0.0,10.25,3912162
1,3912162,20.38395286533551,30.547286198668843,3911795
1,3911795,40.68123906400436,50.93123906400436,0
2,3912143,0.0,10.25,3912159
2,3912159,20.38395286533551,30.547286198668843,3911808
2,3911808,40.68123906400436,50.93123906400436,0
3,3913284,1.7763568394002505e-15,10.163333333333336,3913682
3,3913682,20.216356342528634,30.279689675861967,3912169
3,3912169,40.48899102794869,50.73899102794869,0
