Operator_ID,Sequence_Rank,From_Node,To_Node,Activity_Type,Travel_Time,Start_Service,Finish_Service,Processing_Time
1,1,0,3912924,Service,10.0,0.0,10.51,10.51
1,2,3912924,3913617,Service,10.161859712280409,20.6718597122804,30.935193045613737,10.263333333333335
1,3,3913617,3912950,Service,10.161859712280409,41.09705275789415,51.607052757894145,10.509999999999998
1,4,3912950,3913608,Service,10.161859712280409,61.768912470174556,72.03224580350789,10.263333333333335
1,5,3913608,3916152,Service,10.203719982697756,82.23596578620564,92.35929911953897,10.123333333333335
1,6,3916152,3916162,Service,10.217673406170205,102.57697252570918,112.70030585904252,10.123333333333335
1,7,3916162,0,Return to Base,10.0,,,
