Operator,Task,Start,Finish,Successor
1,3912216,-1.7763568394002505e-15,11.391123945859546,3912463
1,3912463,22.48786303079403,33.87243582272282,3912858
1,3912858,45.65816874550002,55.65816874550002,0
2,3911920,0.0,11.217790612526215,3911927
2,3911927,22.202902309681118,33.42402625554067,3914026
2,3914026,44.40913795269557,55.63026189855512,0
3,3911939,0.0,10.0,3912369
3,3912369,21.952437660679497,33.30689493987238,3912838
3,3912838,44.375727177861975,55.61351779038819,0
