Operator,Task,Start,Finish,Successor
1,3911919,0.0,11.478632044647291,3912839
1,3912839,22.500022642830565,33.85679256131037,3911913
1,3911913,44.861439051326684,56.19477238466002,3911915
1,3911915,66.19477238466001,76.19477238466001,3914044
1,3914044,86.19477238466001,97.58995438228787,3912462
1,3912462,108.60018224169316,119.91881428634045,3912458
1,3912458,129.91881428634045,139.92077966432106,0
