Operator,Task,Start,Finish,Successor
1,3913294,0.0,10.456666666666667,3913151
1,3913151,20.838990469811776,31.295657136478443,3913343
1,3913343,41.67798093962355,52.134647606290216,0
2,3911852,0.0,10.37,3913396
2,3913396,20.721626271505716,31.178292938172383,3913377
2,3913377,41.56061674131749,52.01728340798416,0
3,3913310,0.0,10.456666666666667,3913362
3,3913362,20.838990469811776,31.295657136478443,3911677
3,3911677,41.64728340798417,52.017283407984166,0
