Operator,Task,Start,Finish,Successor
1,3913041,0.0,10.366666666666667,3913022
1,3913022,20.715502253477887,31.082168920144554,0
2,3913060,0.0,10.366666666666667,3913048
2,3913048,20.715502253477887,31.082168920144554,0
3,3913300,0.0,10.383333333333333,0
