Operator,Task,Start,Finish,Successor
1,3912604,0.0,10.946666666666667,3912616
1,3912616,21.80898823726401,32.755654903930676,0
2,3912510,0.0,10.946666666666667,3912583
2,3912583,21.80898823726401,32.755654903930676,0
3,3912534,0.0,10.946666666666667,0
