Operator,Task,Start,Finish,Successor
1,3912711,0.0,10.346666666666668,3913475
1,3913475,20.698292938172397,31.034959604839063,3913040
1,3913040,41.31681875898252,51.78348542564919,3913081
1,3913081,62.073716633876124,72.42371663387613,3913549
1,3913549,82.69441304924163,93.07774638257496,3913459
1,3913459,103.34844279794045,113.82844279794045,3913675
1,3913675,124.11867400616738,134.47200733950072,3912962
1,3912962,144.8320056650899,155.25200566508988,0
