Operator,Task,Start,Finish,Successor
1,3912840,0.0,11.145785846948515,3911903
1,3911903,21.620202245011775,32.230202245011775,0
2,3911937,1.7763568394002505e-15,11.293727954675736,3912856
2,3912856,22.158840209967586,32.158840209967586,0
3,3911936,0.0,10.0,3914039
3,3914039,20.85674020120836,32.03635237133853,0
4,3911899,0.0,10.611380601039043,3912984
4,3912984,21.07184357562987,31.70989084333558,0
