Operator_ID,Sequence_Rank,From_Node,To_Node,Activity_Type,Travel_Time,Start_Service,Finish_Service,Processing_Time
1,1,0,3913920,Service,11.174878256380202,0.0,11.209999999999866,11.209999999999866
1,2,3913920,3912378,Service,10.764647606290204,21.974647606290063,33.18464760629006,11.21
1,3,3912378,3913934,Service,10.764647606290204,43.94929521258026,55.15929521258026,11.21
1,4,3913934,3912903,Service,10.764647606290204,65.92394281887046,77.13394281887045,11.209999999999994
1,5,3912903,3912637,Service,10.764647606290204,87.89859042516065,99.10859042516066,11.210000000000008
1,6,3912637,3913960,Service,10.764647606290204,109.87323803145085,121.08323803145086,11.210000000000008
1,7,3913960,3913928,Service,10.764647606290204,131.84788563774106,143.05788563774107,11.210000000000008
1,8,3913928,3913955,Service,10.764647606290204,153.82253324403126,165.03253324403127,11.210000000000008
1,9,3913955,0,Return to Base,11.174878256380202,,,
