Operator,Task,Start,Finish,Successor
1,3912193,0.0,10.986666666666666,3912185
1,3912185,22.00247589546096,32.989142562127626,3912171
1,3912171,44.00495179092192,54.99161845758859,0
2,3912628,0.0,10.95,3912614
2,3912614,21.809530885902877,32.759530885902876,3912659
2,3912659,43.61906177180575,54.56906177180575,3912645
2,3912645,65.42859265770862,76.37859265770862,0
