Operator,Task,Start,Finish,Successor
1,3912771,0.0,10.233333333333333,3912778
1,3912778,20.42868126194763,30.662014595280965,3912437
1,3912437,40.85736252389526,51.090695857228596,0
2,3913437,0.0,10.186666666666667,3913153
2,3913153,20.342945009558093,30.52961167622476,3913492
2,3913492,40.68589001911619,50.872556685782854,3913467
2,3913467,61.02883502867428,71.21550169534095,0
