Operator_ID,Sequence_Rank,From_Node,To_Node,Activity_Type,Travel_Time,Start_Service,Finish_Service,Processing_Time
1,1,0,3913140,Service,10.792554453235102,-1.7763568394002505e-15,10.529999999999998,10.53
1,2,3913140,3916229,Service,10.223254775559184,20.75325477555918,30.75325477555918,10.0
1,3,3916229,3913921,Service,10.078139171445715,41.36046297459082,51.683796307924155,10.323333333333338
1,4,3913921,0,Return to Base,10.81208924609653,,,
2,1,0,3913922,Service,10.859530885902856,0.0,10.276666666666667,10.276666666666667
2,2,3913922,3916302,Service,10.078139171445715,20.35480583811238,30.35480583811238,10.0
2,3,3916302,3913925,Service,10.452090920507347,40.806896758619736,51.7535634252864,10.946666666666665
2,4,3913925,0,Return to Base,10.742322128734285,,,
