Operator,Task,Start,Finish,Successor
1,3912934,0.0,11.21,3912749
1,3912749,21.974647606290198,33.1846476062902,3912729
1,3912729,43.949295212580395,55.159295212580396,3912773
1,3912773,65.92394281887059,77.1339428188706,3912763
1,3912763,87.89859042516079,99.1085904251608,3912387
1,3912387,109.873238031451,121.083238031451,3913939
1,3913939,131.8478856377412,143.0578856377412,0
