Operator,Task,Start,Finish,Successor
1,3913083,0.0,11.223333333333333,0
2,3913713,0.0,11.223333333333333,3913231
2,3913231,21.999143678401484,33.22247701173482,0
3,3913058,0.0,11.223333333333333,3914951
3,3914951,21.999143678401484,33.22247701173482,0
4,3913622,0.0,11.223333333333333,3913073
4,3913073,21.999143678401484,33.22247701173482,0
5,3912671,0.0,11.223333333333333,3912340
5,3912340,21.999143678401484,33.22247701173482,0
