Operator,Task,Start,Finish,Successor
1,3911668,-1.7763568394002505e-15,10.363333333333332,3913485
1,3913485,20.65635522625477,30.993021892921437,3913527
1,3913527,41.277671731759405,51.61433839842607,0
2,3911908,0.0,10.363333333333333,3913458
2,3913458,20.65635522625477,30.993021892921437,3913505
2,3913505,41.277671731759405,51.61433839842607,0
3,3913469,1.7763568394002505e-15,10.336666666666668,3913508
3,3913508,20.621316505504637,30.957983172171303,3913146
3,3913146,41.23984232631477,51.593175659648104,0
