Operator_ID,Sequence_Rank,From_Node,To_Node,Activity_Type,Travel_Time,Start_Service,Finish_Service,Processing_Time
1,1,0,3913328,Service,11.199994418630611,0.0,10.64,10.64
1,2,3913328,3912541,Service,10.519067353175101,21.159067353175104,31.772400686508437,10.613333333333333
1,3,3912541,3913964,Service,10.502323245008164,42.274723931516604,52.89139059818327,10.616666666666667
1,4,3913964,3912409,Service,10.502323245008164,63.39371384319144,74.05038050985812,10.656666666666673
1,5,3912409,3912394,Service,10.51627666848061,84.56665717833872,95.22332384500538,10.656666666666666
1,6,3912394,3912364,Service,10.51627666848061,105.73960051348598,116.39626718015265,10.656666666666666
1,7,3912364,3912878,Service,10.51627666848061,126.91254384863325,137.50587718196658,10.593333333333334
1,8,3912878,0,Return to Base,11.174878256380202,,,
