Operator,Task,Start,Finish,Successor
1,3912387,3.552713678800501e-15,16.210000000000004,3912749
1,3912749,21.97464760629023,28.18464760629023,3912729
1,3912729,33.94929521258045,40.15929521258045,3912934
1,3912934,50.92394281887068,72.13394281887068,3912763
1,3912763,77.8985904251609,89.10859042516091,3913939
1,3913939,94.87323803145114,116.08323803145115,3912773
1,3912773,121.84788563774134,143.05788563774135,0
