Operator,Task,Start,Finish,Successor
1,3912471,0.0,11.253333333333334,3911901
1,3911901,21.724959046702104,32.34006666640525,3914010
1,3914010,42.79773895630157,54.01262865564425,3914023
1,3914023,64.81913653235179,74.8747525635647,3913318
1,3913318,85.47195908818551,96.59529242151885,3914012
1,3914012,107.31249838800272,118.44072142067873,0
