Operator,Task,Start,Finish,Successor
1,3912487,8.881784197001252e-16,5.826666666666667,3912676
1,3912676,11.415501137204018,16.712167803870685,3912704
1,3912704,21.96053874168028,27.257205408346948,3911669
1,3911669,32.25720540834695,37.71053874168028,3912642
1,3912642,42.71053874168028,48.00720540834695,3911700
1,3911700,53.339296886991235,58.8959635536579,0
