Operator_ID,Sequence_Rank,From_Node,To_Node,Activity_Type,Travel_Time,Start_Service,Finish_Service,Processing_Time
1,1,0,3913656,Service,6.506969735024488,0.0,6.246666666666666,6.246666666666666
1,2,3913656,3913173,Service,5.9209259491816315,12.16759261584831,18.34759261584831,6.18
1,3,3913173,3913590,Service,5.686508434844489,24.03410105069279,30.02410105069279,5.989999999999998
1,4,3913590,3913363,Service,5.81487993079102,35.838980981483815,42.15231431481715,6.313333333333333
1,5,3913363,3913175,Service,5.971158273682448,48.123472588499595,54.343472588499594,6.219999999999999
1,6,3913175,3913176,Service,5.8651122552918356,60.20858484379143,66.44191817712476,6.233333333333334
1,7,3913176,3913567,Service,5.8651122552918356,72.3070304324166,78.5270304324166,6.219999999999999
1,8,3913567,0,Return to Base,5.0,,,
