Operator_ID,Sequence_Rank,From_Node,To_Node,Activity_Type,Travel_Time,Start_Service,Finish_Service,Processing_Time
1,1,0,3914002,Service,11.49022562685755,0.0,10.106666666666667,10.106666666666667
1,2,3914002,3912851,Service,10.069767117362245,20.176433784028916,30.419767117362248,10.243333333333332
1,3,3912851,3912850,Service,10.100464649001633,40.520231766363885,50.72754670501389,10.207314938650008
1,4,3912850,3912461,Service,10.092092594918164,60.819639299932064,70.9329726332654,10.11333333333333
1,5,3912461,3915103,Service,10.092092594918164,81.02506522818356,91.37238016683357,10.347314938650001
1,6,3915103,0,Return to Base,11.462318779912652,,,
