Operator,Task,Start,Finish,Successor
1,3913903,0.0,15.903333333333332,3913936
1,3913936,26.369377677313107,42.29271101064644,0
2,3914777,0.0,15.496666666666666,3913902
2,3913902,20.954338956562964,26.90100562322963,3913919
2,3913919,37.367049967209404,43.290383300542736,3913996
2,3913996,48.75642764452251,54.659760977855846,0
3,3914721,0.0,5.949999999999999,3914734
3,3914734,11.594648164427166,32.544648164427166,3913944
3,3913944,38.17255222068737,44.095885554020704,0
