Operator_ID,Sequence_Rank,From_Node,To_Node,Activity_Type,Travel_Time,Start_Service,Finish_Service,Processing_Time
1,1,0,3913013,Service,5.915344579792652,0.0,5.316666666666666,5.316666666666666
1,2,3913013,3913968,Service,5.1841851898363265,10.500851856502987,15.617518523169654,5.116666666666667
1,3,3913968,3913923,Service,5.092092594918163,20.709611118087814,25.81294445142115,5.103333333333335
1,4,3913923,3913924,Service,5.0865112255291836,30.899455676950332,36.11278901028366,5.213333333333331
1,5,3913924,3913971,Service,5.092092594918163,41.20488160520181,46.32154827186848,5.116666666666667
1,6,3913971,3913661,Service,5.117208757168571,51.43875702903705,56.592090362370385,5.153333333333336
1,7,3913661,3913012,Service,5.125580811252041,61.71767117362242,66.87100450695576,5.153333333333336
1,8,3913012,3913014,Service,5.1144180724740815,71.98542257942984,77.23875591276317,5.25333333333333
1,9,3913014,0,Return to Base,5.742322128734285,,,
