Operator_ID,Sequence_Rank,From_Node,To_Node,Activity_Type,Travel_Time,Start_Service,Finish_Service,Processing_Time
1,1,0,3914072,Service,11.423249194189793,0.0,11.003717948717949,11.003717948717949
1,2,3914072,3911737,Service,10.0,21.00371794871795,31.867051282051282,10.863333333333333
1,3,3911737,3912391,Service,10.0,41.86705128205128,53.07705128205128,11.21
1,4,3912391,3914060,Service,10.0,63.07705128205128,74.02410256410256,10.947051282051284
1,5,3914060,0,Return to Base,10.0,,,
