Operator_ID,Sequence_Rank,From_Node,To_Node,Activity_Type,Travel_Time,Start_Service,Finish_Service,Processing_Time
1,1,0,3912493,Service,6.462318779912652,0.0,5.14,5.14
1,2,3912493,3911914,Service,5.1004646490016325,10.240464649001638,15.471375394718695,5.230910745717058
1,3,3911914,3915019,Service,5.1004646490016325,20.571840043720336,25.695173377053667,5.123333333333331
1,4,3915019,3914018,Service,5.1004646490016325,30.795638026055293,36.09897135938863,5.303333333333335
1,5,3914018,3911933,Service,5.097673964307143,41.196645323695776,46.4242227360795,5.227577412383724
1,6,3911933,3914025,Service,5.1004646490016325,51.52468738508114,56.7913540517478,5.266666666666666
1,7,3914025,0,Return to Base,6.462318779912652,,,
