Operator_ID,Sequence_Rank,From_Node,To_Node,Activity_Type,Travel_Time,Start_Service,Finish_Service,Processing_Time
1,1,0,3913108,Service,10.923716633876122,0.0,10.926666666666666,10.926666666666666
1,2,3913108,3913042,Service,10.40464928070102,21.33131594736769,31.821315947367687,10.489999999999998
1,3,3913042,3912956,Service,10.0,41.82131594736769,52.44012808245025,10.618812135082564
1,4,3912956,3913147,Service,10.0,62.44012808245025,73.24592202338535,10.805793940935096
1,5,3913147,0,Return to Base,10.856740201208366,,,
