Operator_ID,Sequence_Rank,From_Node,To_Node,Activity_Type,Travel_Time,Start_Service,Finish_Service,Processing_Time
1,1,0,3913108,Service,15.923716633876122,0.0,10.926666666666666,10.926666666666666
1,2,3913108,3913147,Service,20.773019660373674,31.699686327040343,37.50548026797544,5.8057939409351
1,3,3913147,3913042,Service,10.40464928070102,47.910129548676466,58.40012954867647,10.490000000000002
1,4,3913042,3912956,Service,5.0,63.40012954867647,84.01894168375904,20.61881213508257
1,5,3912956,0,Return to Base,5.742322128734285,,,
