Operator,Task,Start,Finish,Successor
1,3914002,0.0,10.106666666666667,3912851
1,3912851,20.176433784028916,30.419767117362248,3912850
1,3912850,40.520231766363885,50.72754670501389,3912461
1,3912461,60.819639299932064,70.9329726332654,3915103
1,3915103,81.02506522818356,91.37238016683357,0
