Operator_ID,Sequence_Rank,From_Node,To_Node,Activity_Type,Travel_Time,Start_Service,Finish_Service,Processing_Time
1,1,0,3911929,Service,6.487434942163059,0.0,5.38977074740427,5.38977074740427
1,2,3911929,3914022,Service,5.106046018390612,10.495816765794885,15.691342801719586,5.195526035924701
1,3,3914022,3912859,Service,5.103255333696122,20.79459813541571,25.921264802082376,5.126666666666665
1,4,3912859,3911945,Service,5.119999441863061,31.041264243945434,36.27459757727877,5.233333333333334
1,5,3911945,3911941,Service,5.094883279612653,41.36948085689143,46.46614752355809,5.096666666666664
1,6,3911941,3911935,Service,5.0865112255291836,51.55265874908727,56.865992082420604,5.313333333333333
1,7,3911935,0,Return to Base,6.462318779912652,,,
