Operator,Task,Start,Finish,Successor
1,3915053,0.0,6.223333333333334,3913615
1,3913615,11.999143678401495,18.222477011734828,3915041
1,3915041,23.99828735680299,30.221620690136323,3912726
1,3912726,35.99743103520448,42.220764368537814,0
2,3913528,0.0,6.223333333333334,3913507
2,3913507,11.999143678401495,18.222477011734828,3913088
2,3913088,23.99828735680299,30.221620690136323,3914801
2,3914801,35.99743103520448,42.220764368537814,0
