Operator,Task,Start,Finish,Successor
1,3911904,0.0,10.63,3914019
1,3914019,31.112788452146724,52.3929743381473,3912846
1,3912846,58.227389061799755,79.4407223951331,0
2,3914043,1.7763568394002505e-15,11.212215796413263,3912992
2,3912992,22.049421204760208,32.77410382090557,3911431
2,3911431,43.58061169761312,54.73061169761312,3914024
2,3914024,60.55107299779313,76.72773966445979,0
