Operator,Task,Start,Finish,Successor
1,3912461,0.0,15.113333333333333,3914002
1,3914002,25.222170036418436,30.328836703085102,0
2,3915103,0.0,15.347314938650007,3912851
2,3912851,20.556616290736734,30.799949624070067,3912850
2,3912850,35.90041427307169,41.1077292117217,0
