Operator_ID,Sequence_Rank,From_Node,To_Node,Activity_Type,Travel_Time,Start_Service,Finish_Service,Processing_Time
1,1,0,3912437,Service,6.2474360584369375,0.0,5.233333333333333,5.233333333333333
1,2,3912437,3912778,Service,5.195347928614286,10.428681261947617,15.66201459528095,5.233333333333334
1,3,3912778,3912771,Service,5.195347928614286,20.857362523895233,26.090695857228567,5.233333333333334
1,4,3912771,3913467,Service,5.192557243919795,31.28325310114836,36.46991976781503,5.186666666666667
1,5,3913467,3913153,Service,5.1562783428914285,41.626198110706454,46.81286477737312,5.186666666666667
1,6,3913153,3913492,Service,5.1562783428914285,51.96914312026455,57.155809786931215,5.186666666666667
1,7,3913492,3913437,Service,5.1562783428914285,62.31208812982264,67.49875479648931,5.186666666666667
1,8,3913437,0,Return to Base,6.236273319658978,,,
