Operator_ID,Sequence_Rank,From_Node,To_Node,Activity_Type,Travel_Time,Start_Service,Finish_Service,Processing_Time
1,1,0,3912469,Service,10.915344579792652,0.0,11.223333333333333,11.223333333333333
1,2,3912469,3913020,Service,11.035344021655714,22.27511058088102,33.63511058088102,11.36
1,3,3913020,0,Return to Base,10.733950074650815,,,
2,1,0,3912382,Service,10.915344579792652,0.0,11.223333333333333,11.223333333333333
2,2,3912382,3912363,Service,11.043716075739182,22.267049409072516,33.45371607573918,11.186666666666664
2,3,3912363,0,Return to Base,10.915344579792652,,,
3,1,0,3912431,Service,10.915344579792652,22.230382742405848,33.45371607573918,11.223333333333333
3,2,3912431,0,Return to Base,10.915344579792652,,,
