Operator_ID,Sequence_Rank,From_Node,To_Node,Activity_Type,Travel_Time,Start_Service,Finish_Service,Processing_Time
1,1,0,3913316,Service,5.6362761103436725,0.0,5.74,5.74
1,2,3913316,3913109,Service,5.597206524620816,11.337206524620818,16.947206524620817,5.609999999999999
1,3,3913109,3912618,Service,5.4269747582569385,22.374181282877757,27.920847949544424,5.546666666666667
1,4,3912618,3913141,Service,5.429765442951428,33.35061339249585,38.96728005916252,5.616666666666667
1,5,3913141,3913317,Service,5.5804624164538765,44.547742475616396,50.267742475616394,5.719999999999999
1,6,3913317,0,Return to Base,5.6362761103436725,,,
