Operator_ID,Sequence_Rank,From_Node,To_Node,Activity_Type,Travel_Time,Start_Service,Finish_Service,Processing_Time
1,1,0,3913693,Service,11.462318779912652,0.0,11.656858974358974,11.656858974358974
1,2,3913693,3914839,Service,10.775810345068162,22.43266931942714,33.69286162711945,11.260192307692307
1,3,3914839,0,Return to Base,11.199994418630611,,,
2,1,0,3914138,Service,11.451156041134691,0.0,11.620000000000001,11.620000000000001
2,2,3914138,3915094,Service,10.775810345068162,22.39581034506817,33.65600265276048,11.260192307692307
2,3,3915094,0,Return to Base,11.199994418630611,,,
3,1,0,3913954,Service,11.470690833996121,0.0,11.70352564102564,11.70352564102564
3,2,3913954,0,Return to Base,11.470690833996121,,,
