Operator,Task,Start,Finish,Successor
1,3913140,8.881784197001252e-16,5.530000000000001,3913921
1,3913921,10.862091478644292,16.185424811977626,3916302
1,3916302,21.26356398342334,26.26356398342334,3913922
1,3913922,31.341703154869055,36.61836982153572,3916229
1,3916229,41.696508992981435,46.696508992981435,3913925
1,3913925,52.14859991348878,58.095266580155446,0
