Operator_ID,Sequence_Rank,From_Node,To_Node,Activity_Type,Travel_Time,Start_Service,Finish_Service,Processing_Time
1,1,0,3912193,Service,10.906972525709183,0.0,10.986666666666666,10.986666666666666
1,2,3912193,3912185,Service,11.015809228794284,22.00247589546096,32.989142562127626,10.986666666666665
1,3,3912185,3912171,Service,11.015809228794284,44.00495179092192,54.99161845758859,10.986666666666665
1,4,3912171,0,Return to Base,10.906972525709183,,,
2,1,0,3912628,Service,10.915344579792652,0.0,10.95,10.95
2,2,3912628,3912614,Service,10.859530885902856,21.809530885902877,32.759530885902876,10.95
2,3,3912614,3912659,Service,10.859530885902856,43.61906177180575,54.56906177180575,10.950000000000003
2,4,3912659,3912645,Service,10.859530885902856,65.42859265770862,76.37859265770862,10.950000000000003
2,5,3912645,0,Return to Base,10.915344579792652,,,
