Operator_ID,Sequence_Rank,From_Node,To_Node,Activity_Type,Travel_Time,Start_Service,Finish_Service,Processing_Time
1,1,0,3913042,Service,5.954414165515509,0.0,5.49,5.49
1,2,3913042,3913108,Service,5.40464928070102,10.894649280701023,16.82131594736769,5.926666666666668
1,3,3913108,3912956,Service,5.0,21.82131594736769,27.440128082450258,5.6188121350825675
1,4,3912956,3913147,Service,5.0,32.44012808245026,38.24592202338536,5.805793940935104
1,5,3913147,0,Return to Base,5.856740201208367,,,
