Operator_ID,Sequence_Rank,From_Node,To_Node,Activity_Type,Travel_Time,Start_Service,Finish_Service,Processing_Time
1,1,0,3913169,Service,11.233482634964489,0.0,10.583333333333334,10.583333333333334
1,2,3913169,3916431,Service,10.54697420012,21.13030753345332,31.87030753345332,10.740000000000002
1,3,3916431,3913763,Service,10.54697420012,42.417281733573304,53.08061506690664,10.663333333333334
1,4,3913763,0,Return to Base,11.010227859405305,,,
2,1,0,3913648,Service,11.233482634964489,0.0,10.583333333333334,10.583333333333334
2,2,3913648,3916420,Service,10.54697420012,21.13030753345332,31.87030753345332,10.740000000000002
2,3,3916420,3916443,Service,10.52464872256408,42.394956256017394,53.1349562560174,10.740000000000002
2,4,3916443,0,Return to Base,10.993483751238367,,,
