Operator_ID,Sequence_Rank,From_Node,To_Node,Activity_Type,Travel_Time,Start_Service,Finish_Service,Processing_Time
1,1,0,3912924,Service,10.0,0.0,10.51,10.51
1,2,3912924,3913617,Service,10.161859712280409,20.6718597122804,30.935193045613737,10.263333333333335
1,3,3913617,3916162,Service,10.203719982697756,41.138913028311485,51.26224636164482,10.123333333333335
1,4,3916162,0,Return to Base,10.0,,,
2,1,0,3912950,Service,10.0,0.0,10.51,10.51
2,2,3912950,3913608,Service,10.161859712280409,20.6718597122804,30.935193045613737,10.263333333333335
2,3,3913608,3916152,Service,10.203719982697756,41.138913028311485,51.26224636164482,10.123333333333335
2,4,3916152,0,Return to Base,10.0,,,
