Operator,Task,Start,Finish,Successor
1,3915034,0.0,6.223333333333334,3914881
1,3914881,11.999143678401499,18.22247701173483,3914866
1,3914866,23.998287356802997,30.22162069013633,3914990
1,3914990,35.9974310352045,42.220764368537836,3914914
1,3914914,47.996574713606,54.21990804693934,3913204
1,3913204,59.995718392007504,66.21905172534083,3915086
1,3915086,71.994862070409,78.21819540374233,0
