Operator_ID,Sequence_Rank,From_Node,To_Node,Activity_Type,Travel_Time,Start_Service,Finish_Service,Processing_Time
1,1,0,3912469,Service,10.915344579792652,0.0,11.223333333333333,11.223333333333333
1,2,3912469,3913020,Service,11.035344021655714,22.258677354989036,43.61867735498903,21.359999999999996
1,3,3913020,3912382,Service,6.07441360737857,49.693090962367606,60.916424295700935,11.22333333333333
1,4,3912382,3912363,Service,11.043716075739182,71.96014037144012,78.14680703810679,6.186666666666667
1,5,3912363,3912431,Service,11.063250868600612,89.2100579067074,110.43339124004073,21.22333333333333
1,6,3912431,0,Return to Base,5.915344579792652,,,
