Operator_ID,Sequence_Rank,From_Node,To_Node,Activity_Type,Travel_Time,Start_Service,Finish_Service,Processing_Time
1,1,0,3913796,Service,6.199994418630611,0.0,21.223333333333333,21.223333333333333
1,2,3913796,3914991,Service,5.775810345068162,26.9991436784015,33.22247701173483,6.223333333333333
1,3,3914991,3914962,Service,5.775810345068162,38.998287356803004,60.22162069013634,21.223333333333336
1,4,3914962,0,Return to Base,16.19999441863061,,,
2,1,0,3913799,Service,16.19999441863061,0.0,16.223333333333333,16.223333333333333
2,2,3913799,3915027,Service,5.775810345068162,21.999143678401513,28.222477011734846,6.223333333333333
2,3,3915027,3914994,Service,5.775810345068162,33.99828735680302,50.221620690136355,16.223333333333336
2,4,3914994,3914979,Service,10.775810345068162,60.997431035204535,67.22076436853787,6.223333333333336
2,5,3914979,0,Return to Base,6.199994418630611,,,
