Operator_ID,Sequence_Rank,From_Node,To_Node,Activity_Type,Travel_Time,Start_Service,Finish_Service,Processing_Time
1,1,0,3912471,Service,5.641857479732653,0.0,6.253333333333334,6.253333333333334
1,2,3912471,3911901,Service,5.471625713368775,11.724959046702107,17.340066666405253,5.615107619703146
1,3,3911901,3914010,Service,5.457672289896326,22.79773895630158,29.012628655644253,6.214889699342674
1,4,3914010,3914023,Service,5.80650787670755,34.819136532351806,39.87475256356471,5.055616031212907
1,5,3914023,3913318,Service,5.597206524620816,45.47195908818553,51.59529242151886,6.123333333333335
1,6,3913318,3914012,Service,5.717205966483877,57.31249838800274,63.44072142067874,6.128223032676004
1,7,3914012,0,Return to Base,5.6362761103436725,,,
