Operator_ID,Sequence_Rank,From_Node,To_Node,Activity_Type,Travel_Time,Start_Service,Finish_Service,Processing_Time
1,1,0,3911933,Service,11.462318779912652,0.0,10.227577412383726,10.227577412383726
1,2,3911933,3911914,Service,10.100464649001633,20.328042061385343,30.5589528071024,10.230910745717058
1,3,3911914,0,Return to Base,11.462318779912652,,,
2,1,0,3914018,Service,11.47348151869061,0.03182149143411017,10.335154824767443,10.303333333333333
2,2,3914018,3915019,Service,10.100464649001633,20.435619473769066,30.5589528071024,10.123333333333335
2,3,3915019,0,Return to Base,11.462318779912652,,,
3,1,0,3914025,Service,11.462318779912652,0.0,10.266666666666667,10.266666666666667
3,2,3914025,3912493,Service,10.11441807247408,20.381084739140746,30.521084739140747,10.14
3,3,3912493,0,Return to Base,11.462318779912652,,,
