Operator_ID,Sequence_Rank,From_Node,To_Node,Activity_Type,Travel_Time,Start_Service,Finish_Service,Processing_Time
1,1,0,3912771,Service,11.247436058436938,0.0,10.233333333333333,10.233333333333333
1,2,3912771,3912778,Service,10.195347928614286,20.42868126194763,30.662014595280965,10.233333333333334
1,3,3912778,3912437,Service,10.195347928614286,40.85736252389526,51.090695857228596,10.233333333333334
1,4,3912437,0,Return to Base,11.247436058436938,,,
2,1,0,3913437,Service,11.236273319658977,0.0,10.186666666666667,10.186666666666667
2,2,3913437,3913153,Service,10.156278342891428,20.342945009558093,30.52961167622476,10.186666666666667
2,3,3913153,3913492,Service,10.156278342891428,40.68589001911619,50.872556685782854,10.186666666666667
2,4,3913492,3913467,Service,10.156278342891428,61.02883502867428,71.21550169534095,10.186666666666667
2,5,3913467,0,Return to Base,11.236273319658977,,,
