Operator,Task,Start,Finish,Successor
1,3912917,0.0,10.193333333333333,3912573
1,3912573,20.35519304561374,30.548526378947074,3912674
1,3912674,40.71038609122748,50.90371942456081,3912631
1,3912631,61.065579136841215,71.25891247017455,3912603
1,3912603,81.42077218245495,91.61410551578828,3912585
1,3912585,101.77596522806869,111.96929856140201,3912608
1,3912608,122.13115827368242,132.32449160701574,3912615
1,3912615,142.48635131929615,152.67968465262948,3912626
1,3912626,162.84154436490988,173.0348776982432,0
