Operator_ID,Sequence_Rank,From_Node,To_Node,Activity_Type,Travel_Time,Start_Service,Finish_Service,Processing_Time
1,1,0,3913048,Service,5.851158831819387,0.0,5.366666666666666,5.366666666666666
1,2,3913048,3913041,Service,5.348835586811224,10.715502253477894,16.08216892014456,5.366666666666667
1,3,3913041,3913060,Service,5.348835586811224,21.431004506955787,26.797671173622454,5.366666666666667
1,4,3913060,3913022,Service,5.348835586811224,32.14650676043368,37.51317342710035,5.366666666666667
1,5,3913022,3913300,Service,5.348835586811224,42.862009013911575,48.24534234724491,5.383333333333333
1,6,3913300,0,Return to Base,5.837205408346938,,,
