Operator,Task,Start,Finish,Successor
1,3913242,0.0,5.64,3912355
1,3912355,11.426973083846121,17.020306417179455,3912301
1,3912301,22.807279501025576,28.40061283435891,3912353
1,3912353,34.18758591820503,39.780919251538364,0
2,3913325,0.0,5.64,3912299
2,3912299,11.426973083846121,17.020306417179455,3912306
2,3912306,22.807279501025576,28.40061283435891,3912350
2,3912350,34.18758591820503,39.780919251538364,0
