Operator_ID,Sequence_Rank,From_Node,To_Node,Activity_Type,Travel_Time,Start_Service,Finish_Service,Processing_Time
1,1,0,3912705,Service,11.331156599271631,1.7763568394002505e-15,11.053333333333335,11.053333333333333
1,2,3912705,3912730,Service,10.887437732847754,21.940771066181085,32.99410439951442,11.053333333333335
1,3,3912730,3913699,Service,10.865112255291836,43.85921665480627,55.045883321472935,11.186666666666667
1,4,3913699,0,Return to Base,10.0,,,
2,1,0,3912720,Service,11.331156599271631,1.7763568394002505e-15,11.053333333333335,11.053333333333333
2,2,3912720,3912737,Service,10.887437732847754,21.940771066181085,32.99410439951442,11.053333333333335
2,3,3912737,3913517,Service,10.837205408346938,43.831309807861345,55.007976474528014,11.17666666666667
2,4,3913517,0,Return to Base,10.0,,,
