Operator,Task,Start,Finish,Successor
1,3912858,-8.881784197001252e-16,4.999999999999999,3914026
1,3914026,10.999065120627346,17.220189066486896,3911920
1,3911920,23.205300763641787,29.423091376168003,3911927
1,3911927,35.408203073322895,41.62932701918244,3911939
1,3911939,47.63118282450428,52.63118282450428,0
2,3912216,0.0,6.391123945859548,3912463
2,3912463,12.487863030794028,18.87243582272282,3912369
2,3912369,24.949640114795887,31.30409739398877,3912838
2,3912838,46.348741256866234,52.586531869392445,0
