Operator,Task,Start,Finish,Successor
1,3912458,0.0,5.001965377980625,3911915
1,3911915,10.001965377980298,15.001965377980298,3911913
1,3911913,20.001965377980298,26.33529871131363,3912839
1,3912839,32.33994520132997,43.69671511980978,3911919
1,3911919,49.718105717993026,61.19673776264032,3914044
1,3914044,72.41347628943785,78.80865828706571,3912462
1,3912462,84.818886146471,101.13751819111829,0
