Operator,Task,Start,Finish,Successor
1,3914845,0.0,11.223333333333244,3915311
1,3915311,21.999143678401396,33.222477011734725,3915082
1,3915082,43.99828735680288,55.221620690136206,3913860
1,3913860,65.99743103520436,77.22076436853769,3913116
1,3913116,87.99657471360584,99.21990804693917,3913397
1,3913397,109.99571839200732,121.21905172534065,3914890
1,3914890,131.9948620704088,143.21819540374213,3915306
1,3915306,153.99400574881028,165.2173390821436,0
