Operator,Task,Start,Finish,Successor
1,3915034,0.0,11.223333333333333,3914881
1,3914881,21.999143678401484,33.22247701173482,3914866
1,3914866,43.99828735680297,55.221620690136305,3914990
1,3914990,65.99743103520446,77.22076436853779,3914914
1,3914914,87.99657471360594,99.21990804693927,3913204
1,3913204,109.99571839200742,121.21905172534075,3915086
1,3915086,131.99486207040889,143.21819540374221,0
