Operator,Task,Start,Finish,Successor
1,3913045,0.0,11.223333333333244,3915014
1,3915014,21.999143678401396,33.222477011734725,3913872
1,3913872,43.99828735680288,55.221620690136206,3912191
1,3912191,65.99743103520436,77.22076436853769,3912182
1,3912182,87.99657471360584,99.21990804693917,3912186
1,3912186,109.99571839200732,121.21905172534065,3913120
1,3913120,131.9948620704088,143.21819540374213,3914142
1,3914142,153.99400574881028,165.2173390821436,0
