Operator,Task,Start,Finish,Successor
1,3912277,0.0,6.223333333333334,3913213
1,3913213,11.999143678401502,18.222477011734835,3913274
1,3913274,23.998287356803004,30.221620690136337,3913685
1,3913685,35.99743103520451,42.22076436853784,0
2,3913997,0.0,6.223333333333334,3913630
2,3913630,11.999143678401502,18.222477011734835,3915176
2,3915176,23.998287356803004,30.221620690136337,3913552
2,3913552,35.99743103520451,42.22076436853784,0
