Operator,Task,Start,Finish,Successor
1,3915311,0.0,6.223333333333334,3913116
1,3913116,11.999143678401499,18.22247701173483,3913397
1,3913397,23.998287356802997,30.22162069013633,3914845
1,3914845,35.9974310352045,42.220764368537836,3913860
1,3913860,47.996574713606,54.21990804693934,3914890
1,3914890,59.995718392007504,66.21905172534083,3915306
1,3915306,71.994862070409,78.21819540374233,3915082
1,3915082,83.9940057488105,90.21733908214382,0
