Operator,Task,Start,Finish,Successor
1,3915089,0.0,6.223333333333334,3912139
1,3912139,11.999143678401502,18.222477011734835,3913299
1,3913299,23.998287356803004,30.221620690136337,0
2,3913496,0.0,6.223333333333334,3913705
2,3913705,11.999143678401502,18.222477011734835,3913869
2,3913869,23.998287356803004,30.221620690136337,0
3,3914939,0.0,6.223333333333334,3914063
3,3914063,11.999143678401502,18.222477011734835,3914869
3,3914869,23.998287356803004,30.221620690136337,0
