Operator,Task,Start,Finish,Successor
1,3913693,0.0,11.656858974358974,3914839
1,3914839,22.43266931942714,33.69286162711945,0
2,3914138,0.0,11.620000000000001,3915094
2,3915094,22.39581034506817,33.65600265276048,0
3,3913954,0.0,11.70352564102564,0
