Operator_ID,Sequence_Rank,From_Node,To_Node,Activity_Type,Travel_Time,Start_Service,Finish_Service,Processing_Time
1,1,0,3914011,Service,10.54976488481449,3.552713678800501e-15,11.473841616304627,11.473841616304624
1,2,3914011,3914036,Service,11.09115771554551,22.564999331850146,34.016656167176826,11.45165683532668
1,3,3914036,3912465,Service,11.07441360737857,45.09106977455541,56.524403107888745,11.433333333333337
1,4,3912465,0,Return to Base,10.527439407258571,,,
2,1,0,3912495,Service,10.544183515425509,-1.7763568394002505e-15,11.249999999999998,11.25
2,2,3912495,3914030,Service,11.035344021655714,22.28534402165571,33.592010688322375,11.306666666666665
2,3,3914030,3914006,Service,11.035344021655714,44.62735470997808,55.927354709978076,11.299999999999997
2,4,3914006,3914042,Service,11.038134706350203,66.96548941632828,78.27548941632828,11.310000000000002
2,5,3914042,0,Return to Base,10.544183515425509,,,
