Operator,Task,Start,Finish,Successor
1,3912301,0.0,15.593333333333334,3912350
1,3912350,21.3803064171791,31.973639750512433,3913242
1,3913242,37.76061283435857,58.40061283435857,3912355
1,3912355,64.1875859182047,74.78091925153804,0
2,3912306,0.0,5.593333333333334,3912353
2,3912353,11.380306417179469,26.973639750512802,3912299
2,3912299,32.76061283435894,38.35394616769227,3913325
2,3913325,54.140919251538406,64.7809192515384,0
