Operator_ID,Sequence_Rank,From_Node,To_Node,Activity_Type,Travel_Time,Start_Service,Finish_Service,Processing_Time
1,1,0,3912493,Service,11.462318779912652,0.0,10.14,10.14
1,2,3912493,3911914,Service,10.100464649001633,20.24046464900162,30.471375394718677,10.230910745717058
1,3,3911914,3914018,Service,10.097673964307143,40.56904935902582,50.87238269235915,10.303333333333335
1,4,3914018,3911933,Service,10.097673964307143,60.9700566566663,71.19763406905003,10.227577412383724
1,5,3911933,3914025,Service,10.100464649001633,81.29809871805165,91.56476538471831,10.266666666666666
1,6,3914025,3915019,Service,10.103255333696122,101.66802071841444,111.79135405174777,10.123333333333335
1,7,3915019,0,Return to Base,11.462318779912652,,,
