Operator,Task,Start,Finish,Successor
1,3914939,0.0,11.223333333333333,3913705
1,3913705,21.999143678401484,33.22247701173482,3912139
1,3912139,43.99828735680297,55.221620690136305,3914063
1,3914063,65.99743103520446,77.22076436853779,3913496
1,3913496,87.99657471360594,99.21990804693927,3913869
1,3913869,109.99571839200742,121.21905172534075,3913299
1,3913299,131.99486207040889,143.21819540374221,3915089
1,3915089,153.99400574881037,165.2173390821437,3914869
1,3914869,175.99314942721185,187.21648276054518,0
