Operator,Task,Start,Finish,Successor
1,3914761,0.0,5.466666666666667,3911683
1,3911683,10.466666666666667,15.466666666666667,3914728
1,3914728,20.46666666666667,25.933333333333337,3914746
1,3914746,30.933333333333337,36.400000000000006,3913480
1,3913480,41.400000000000006,46.400000000000006,3911684
1,3911684,51.400000000000006,56.400000000000006,3913674
1,3913674,61.400000000000006,66.4,0
