Operator_ID,Sequence_Rank,From_Node,To_Node,Activity_Type,Travel_Time,Start_Service,Finish_Service,Processing_Time
1,1,0,3914138,Service,6.451156041134692,0.0,6.62,6.62
1,2,3914138,3914839,Service,5.775810345068162,12.395810345068167,18.656002652760474,6.260192307692307
1,3,3914839,3915094,Service,5.775810345068162,24.43181299782864,30.692005305520947,6.260192307692307
1,4,3915094,0,Return to Base,6.199994418630611,,,
2,1,0,3913954,Service,6.470690833996121,0.0,6.7035256410256405,6.7035256410256405
2,2,3913954,3913693,Service,6.266970851298366,12.970496492324008,19.62735546668298,6.656858974358974
2,3,3913693,0,Return to Base,6.462318779912652,,,
