Operator,Task,Start,Finish,Successor
1,3912917,0.0,10.193333333333333,3912573
1,3912573,20.35519304561374,30.548526378947074,3912603
1,3912603,40.71038609122748,50.90371942456081,3912585
1,3912585,61.065579136841215,71.25891247017455,3912631
1,3912631,81.42077218245495,91.61410551578828,0
2,3912626,0.0,10.193333333333333,3912615
2,3912615,20.35519304561374,30.548526378947074,3912674
2,3912674,40.71038609122748,50.90371942456081,3912608
2,3912608,61.065579136841215,71.25891247017455,0
