Operator_ID,Sequence_Rank,From_Node,To_Node,Activity_Type,Travel_Time,Start_Service,Finish_Service,Processing_Time
1,1,0,3911794,Service,11.339528653355101,0.0,10.32,10.32
1,2,3911794,3911770,Service,10.26232436128204,20.582324361282026,30.902324361282027,10.32
1,3,3911770,3912443,Service,10.26232436128204,41.16464872256405,51.444648722564054,10.280000000000001
1,4,3912443,3911676,Service,10.26232436128204,61.70697308384608,72.02697308384609,10.320000000000007
1,5,3911676,0,Return to Base,11.339528653355101,,,
2,1,0,3912708,Service,11.445574671745712,0.0,10.383333333333333,10.383333333333333
2,2,3912708,3912664,Service,10.290231208226938,20.673564541560275,31.056897874893608,10.383333333333333
2,3,3912664,3912691,Service,10.290231208226938,61.53759373212214,71.92092706545547,10.383333333333333
2,4,3912691,0,Return to Base,11.445574671745712,,,
