Operator,Task,Start,Finish,Successor
1,3912259,0.0,11.81,3912756
1,3912756,22.823018544099803,34.0030185440998,3913628
1,3913628,44.98254887186574,56.16254887186574,3913658
1,3913658,67.14207919963165,78.34207919963166,3914050
1,3914050,89.32719089678656,100.5105242301199,3914879
1,3914879,111.47889181910783,122.64889181910783,3914966
1,3914966,133.6367942009572,144.84679420095722,3913114
1,3913114,155.859812745057,167.0364794117237,3913952
1,3913952,178.06624206399042,189.2729087306571,0
