Operator_ID,Sequence_Rank,From_Node,To_Node,Activity_Type,Travel_Time,Start_Service,Finish_Service,Processing_Time
1,1,0,3913328,Service,6.199994418630611,0.0,5.64,5.64
1,2,3913328,3912409,Service,5.519067353175101,11.159067353175104,16.81573401984177,5.656666666666666
1,3,3912409,3913964,Service,5.502323245008163,22.318057264849926,27.934723931516594,5.616666666666667
1,4,3913964,3912541,Service,5.502323245008163,33.43704717652475,39.05038050985809,5.613333333333337
1,5,3912541,3912364,Service,5.516276668480612,44.5666571783387,50.22332384500537,5.656666666666666
1,6,3912364,3912878,Service,5.516276668480612,55.73960051348598,61.332933846819316,5.593333333333334
1,7,3912878,3912394,Service,5.516276668480612,66.84921051529993,72.5058771819666,5.656666666666666
1,8,3912394,0,Return to Base,6.174878256380203,,,
