Operator,Task,Start,Finish,Successor
1,3912378,0.0,11.21,3912345
1,3912345,21.565808670657333,32.915808670657334,0
2,3912355,0.0,10.593333333333334,3912369
2,3912369,21.011936037506818,32.57307036916315,0
3,3912364,0.0,10.656666666666666,3912382
3,3912382,21.172943335147256,32.39627666848059,0
4,3912177,0.0,11.246666666666666,3912180
4,3912180,22.164801931153818,33.104801931153816,0
5,3912353,1.7763568394002505e-15,10.593333333333335,3912363
5,3912363,21.38030641717944,32.56697308384611,0
