Operator,Task,Start,Finish,Successor
1,3911921,0.0,11.292867338888074,3914003
1,3914003,22.317048621765814,33.580288756210095,0
2,3914013,1.7763568394002505e-15,11.379534005554742,3911931
2,3911931,22.400924603738005,33.617591270404674,0
3,3912345,0.0,11.416200672221407,3912477
3,3912477,22.56596276635119,32.56596276635119,0
4,3911905,1.7763568394002505e-15,11.21620067222141,3912470
4,3912470,22.248754009182637,33.54875400918264,0
