Operator,Task,Start,Finish,Successor
1,3913169,0.0,10.583333333333334,3916431
1,3916431,21.13030753345332,31.87030753345332,3913763
1,3913763,42.417281733573304,53.08061506690664,0
2,3913648,0.0,10.583333333333334,3916420
2,3916420,21.13030753345332,31.87030753345332,3916443
2,3916443,42.394956256017394,53.1349562560174,0
