Operator_ID,Sequence_Rank,From_Node,To_Node,Activity_Type,Travel_Time,Start_Service,Finish_Service,Processing_Time
1,1,0,3911829,Service,5.9627862195989785,0.0,5.346666666666667,5.346666666666667
1,2,3911829,3911740,Service,5.276277784754489,10.622944451421159,15.966277784754492,5.343333333333334
1,3,3911740,3911666,Service,5.276277784754489,21.242555569508983,26.58922223617565,5.346666666666668
1,4,3911666,3911744,Service,5.276277784754489,31.865500020930142,37.208833354263476,5.343333333333334
1,5,3911744,3911834,Service,5.276277784754489,42.48511113901797,47.83177780568463,5.346666666666664
1,6,3911834,0,Return to Base,5.9627862195989785,,,
