Operator_ID,Sequence_Rank,From_Node,To_Node,Activity_Type,Travel_Time,Start_Service,Finish_Service,Processing_Time
1,1,0,3911904,Service,20.613950632787756,0.0,10.63,10.63
1,2,3911904,3914019,Service,20.482788452146735,31.112788452146724,52.3929743381473,21.280185886000574
1,3,3914019,3912846,Service,5.834414723652448,58.227389061799755,79.4407223951331,21.21333333333334
1,4,3912846,0,Return to Base,5.6223226868712235,,,
2,1,0,3914043,Service,15.613950632787754,1.7763568394002505e-15,11.212215796413263,11.212215796413261
2,2,3914043,3912992,Service,10.837205408346938,22.049421204760208,32.77410382090557,10.724682616145365
2,3,3912992,3911431,Service,10.80650787670755,43.58061169761312,54.73061169761312,11.149999999999999
2,4,3911431,3914024,Service,5.820461300179999,60.55107299779313,76.72773966445979,16.176666666666662
2,5,3914024,0,Return to Base,5.619532002176734,,,
