Operator_ID,Sequence_Rank,From_Node,To_Node,Activity_Type,Travel_Time,Start_Service,Finish_Service,Processing_Time
1,1,0,3912623,Service,5.613950632787755,0.0,6.199231787683146,6.199231787683146
1,2,3912623,3913522,Service,5.837205408346938,12.036437196030072,17.996437196030072,5.960000000000001
1,3,3913522,3913321,Service,5.837205408346938,23.833642604377005,29.947264230032488,6.113621625655483
1,4,3913321,3913530,Service,5.837205408346938,35.78446963837941,41.744469638379414,5.960000000000001
1,5,3913530,3912479,Service,5.828833354263469,47.57330299264289,53.78253478032603,6.209231787683144
1,6,3912479,3912474,Service,5.834414723652448,59.616949503978475,65.83618129166162,6.219231787683142
1,7,3912474,3914016,Service,5.94046074204306,71.77664203370468,78.02587382138782,6.249231787683144
1,8,3914016,0,Return to Base,5.613950632787755,,,
