Operator_ID,Sequence_Rank,From_Node,To_Node,Activity_Type,Travel_Time,Start_Service,Finish_Service,Processing_Time
1,1,0,3912708,Service,11.445574671745712,0.0,10.383333333333333,10.383333333333333
1,2,3912708,3912691,Service,10.290231208226938,20.673564541560275,31.056897874893608,10.383333333333333
1,3,3912691,3912664,Service,10.290231208226938,41.347129083120535,51.73046241645387,10.383333333333333
1,4,3912664,0,Return to Base,11.445574671745712,,,
2,1,0,3912443,Service,11.339528653355101,0.0,10.28,10.28
2,2,3912443,3911770,Service,10.26232436128204,20.54232436128202,30.86232436128202,10.32
2,3,3911770,3911794,Service,10.26232436128204,41.12464872256404,51.44464872256404,10.32
2,4,3911794,3911676,Service,10.26232436128204,61.70697308384606,72.02697308384606,10.32
2,5,3911676,0,Return to Base,11.339528653355101,,,
