Operator_ID,Sequence_Rank,From_Node,To_Node,Activity_Type,Travel_Time,Start_Service,Finish_Service,Processing_Time
1,1,0,3911829,Service,10.962786219598978,-3.197442310920451e-14,10.346666666666636,10.346666666666668
1,2,3911829,3911744,Service,10.27627778475449,20.62294445142112,30.966277784754453,10.343333333333334
1,3,3911744,3911666,Service,10.27627778475449,41.24255556950894,51.5892222361756,10.346666666666664
1,4,3911666,3911740,Service,10.27627778475449,61.865500020930085,72.20883335426342,10.343333333333334
1,5,3911740,3911834,Service,10.27627778475449,82.4851111390179,92.83177780568457,10.346666666666664
1,6,3911834,0,Return to Base,10.962786219598978,,,
