Operator_ID,Sequence_Rank,From_Node,To_Node,Activity_Type,Travel_Time,Start_Service,Finish_Service,Processing_Time
1,1,0,3913693,Service,11.462318779912652,0.0,11.656858974358974,11.656858974358974
1,2,3913693,3915094,Service,10.775810345068162,22.43266931942714,33.69286162711945,11.260192307692307
1,3,3915094,3913954,Service,10.775810345068162,44.468671972187614,56.17219761321326,11.703525641025642
1,4,3913954,3914839,Service,10.775810345068162,66.94800795828142,78.20820026597373,11.260192307692307
1,5,3914839,3914138,Service,10.775810345068162,88.9840106110419,100.6040106110419,11.620000000000005
1,6,3914138,0,Return to Base,11.451156041134691,,,
