Operator_ID,Sequence_Rank,From_Node,To_Node,Activity_Type,Travel_Time,Start_Service,Finish_Service,Processing_Time
1,1,0,3913674,Service,6.199994418630611,0.0,10.0,10.0
1,2,3913674,3914746,Service,10.0,19.999999999999986,30.466666666666654,10.466666666666669
1,3,3914746,3911683,Service,5.0,35.466666666666654,50.466666666666654,15.0
1,4,3911683,0,Return to Base,6.225110580881019,,,
2,1,0,3914761,Service,11.199994418630611,0.0,5.466666666666667,5.466666666666667
2,2,3914761,3911684,Service,5.0,10.466666666666667,20.46666666666667,10.000000000000002
2,3,3911684,3914728,Service,5.0,25.46666666666667,35.93333333333334,10.466666666666669
2,4,3914728,3913480,Service,10.0,45.93333333333334,50.93333333333334,5.0
2,5,3913480,0,Return to Base,6.20836647271408,,,
