Operator,Task,Start,Finish,Successor
1,3912347,0.0,16.223333333333333,3913430
1,3913430,21.99914367840148,28.222477011734814,3914058
1,3914058,33.99828735680299,45.22162069013632,3913532
1,3913532,55.9974310352045,67.22076436853783,3913856
1,3913856,77.99657471360601,84.21990804693934,0
2,3912955,0.0,16.223333333333333,3913504
2,3913504,21.999143678401506,33.22247701173484,3913606
2,3913606,43.99828735680302,65.22162069013635,3913647
2,3913647,72.99657471360601,79.21990804693934,0
