Operator_ID,Sequence_Rank,From_Node,To_Node,Activity_Type,Travel_Time,Start_Service,Finish_Service,Processing_Time
1,1,0,3913316,Service,15.636276110343672,0.0,10.74,10.74
1,2,3913316,3913317,Service,5.605578578704285,16.3455785787043,22.065578578704297,5.719999999999999
1,3,3913317,3912618,Service,15.619532002176735,37.68511058088102,58.23177724754769,20.546666666666667
1,4,3912618,3913141,Service,5.429765442951428,63.661542690499125,84.27820935716579,20.616666666666667
1,5,3913141,3913109,Service,10.474416398063266,94.75262575522905,110.36262575522905,15.61
1,6,3913109,0,Return to Base,5.733950074650815,,,
