Operator,Task,Start,Finish,Successor
1,3913175,0.0,11.22,3913173
1,3913173,22.062786777735916,33.242786777735915,3913590
1,3913590,43.92929521258039,54.919295212580394,3913176
1,3913176,65.6560359719257,76.88936930525904,0
2,3913363,0.0,11.313333333333333,3913656
2,3913656,22.362630778461497,33.60929744512816,3913567
2,3913567,44.597199826977544,55.81719982697754,0
