Operator_ID,Sequence_Rank,From_Node,To_Node,Activity_Type,Travel_Time,Start_Service,Finish_Service,Processing_Time
1,1,0,3915034,Service,6.199994418630611,0.0,6.223333333333334,6.223333333333334
1,2,3915034,3914881,Service,5.775810345068162,11.999143678401499,18.22247701173483,6.223333333333333
1,3,3914881,3914866,Service,5.775810345068162,23.998287356802997,30.22162069013633,6.223333333333333
1,4,3914866,3914990,Service,5.775810345068162,35.9974310352045,42.220764368537836,6.223333333333336
1,5,3914990,3914914,Service,5.775810345068162,47.996574713606,54.21990804693934,6.223333333333336
1,6,3914914,3913204,Service,5.775810345068162,59.995718392007504,66.21905172534083,6.223333333333329
1,7,3913204,3915086,Service,5.775810345068162,71.994862070409,78.21819540374233,6.223333333333329
1,8,3915086,0,Return to Base,6.199994418630611,,,
