Operator_ID,Sequence_Rank,From_Node,To_Node,Activity_Type,Travel_Time,Start_Service,Finish_Service,Processing_Time
1,1,0,3916162,Service,5.0,0.0,5.123333333333333,5.123333333333333
1,2,3916162,3916152,Service,5.217673406170204,10.34100673950354,15.464340072836873,5.123333333333333
1,3,3916152,3913617,Service,5.203719982697755,20.66806005553462,25.931393388867953,5.263333333333332
1,4,3913617,3912924,Service,5.161859712280408,31.093253101148356,36.603253101148354,5.509999999999998
1,5,3912924,3913608,Service,5.161859712280408,41.76511281342876,47.02844614676209,5.263333333333335
1,6,3913608,3912950,Service,5.161859712280408,52.190305859042496,57.700305859042494,5.509999999999998
1,7,3912950,0,Return to Base,5.0,,,
