Operator_ID,Sequence_Rank,From_Node,To_Node,Activity_Type,Travel_Time,Start_Service,Finish_Service,Processing_Time
1,1,0,3914981,Service,21.19999441863061,0.0,6.223333333333334,6.223333333333334
1,2,3914981,3913983,Service,15.775810345068162,21.999143678401513,38.222477011734846,16.223333333333333
1,3,3913983,3912258,Service,5.775810345068162,43.998287356803026,50.22162069013636,6.223333333333336
1,4,3912258,3914970,Service,5.775810345068162,55.99743103520454,77.22076436853787,21.22333333333333
1,5,3914970,3912194,Service,5.775810345068162,82.99657471360605,104.21990804693938,21.22333333333333
1,6,3912194,3913694,Service,10.775810345068162,114.99571839200756,126.21905172534089,11.22333333333333
1,7,3913694,3913651,Service,5.775810345068162,131.99486207040906,153.21819540374238,21.22333333333333
1,8,3913651,0,Return to Base,6.199994418630611,,,
