Operator,Task,Start,Finish,Successor
1,3913135,0.0,11.123333333333333,3913893
1,3913893,22.013561750875567,33.0468950842089,3913988
1,3913988,43.967821033390514,55.067821033390516,0
2,3913794,1.7763568394002505e-15,11.033333333333335,3913883
2,3913883,21.968212705987412,33.00154603932074,3913184
2,3913184,43.92247198850236,55.02247198850236,0
