Operator,Task,Start,Finish,Successor
1,3912924,0.0,10.51,3913617
1,3913617,20.6718597122804,30.935193045613737,3912950
1,3912950,41.09705275789415,51.607052757894145,3913608
1,3913608,61.768912470174556,72.03224580350789,3916152
1,3916152,82.23596578620564,92.35929911953897,3916162
1,3916162,102.57697252570918,112.70030585904252,0
