Operator,Task,Start,Finish,Successor
1,3914011,0.0,11.473841616304624,3914042
1,3914042,22.56499933185013,33.874999331850134,3912495
1,3912495,44.91313403820034,56.16313403820034,3914036
1,3914036,67.20126874455053,78.65292557987722,3914006
1,3914006,89.69106028622744,100.99106028622744,3914030
1,3914030,112.02640430788314,123.33307097454981,3912465
1,3912465,134.40469389723387,145.8380272305672,0
