Operator_ID,Sequence_Rank,From_Node,To_Node,Activity_Type,Travel_Time,Start_Service,Finish_Service,Processing_Time
1,1,0,3916420,Service,5.993483751238366,0.0,10.74,10.74
1,2,3916420,3916431,Service,10.52464872256408,21.264648722564054,37.004648722564056,15.740000000000002
1,3,3916431,3913763,Service,5.546974200119999,42.551622922684075,58.21495625601741,15.663333333333334
1,4,3913763,3913648,Service,5.452090920507347,63.6670471765248,79.25038050985813,15.583333333333336
1,5,3913648,3916443,Service,20.54697420012,99.79735470997812,120.53735470997812,20.739999999999995
1,6,3916443,3913169,Service,5.546974200119999,126.08432891009814,146.66766224343147,20.58333333333333
1,7,3913169,0,Return to Base,6.2334826349644885,,,
