Operator,Task,Start,Finish,Successor
1,3915186,0.0,6.223333333333334,3914997
1,3914997,16.999143678401513,23.222477011734846,3914954
1,3914954,28.998287356803026,35.22162069013636,0
2,3913882,0.0,6.223333333333334,3913792
2,3913792,11.999143678401513,28.222477011734846,0
3,3914107,0.0,11.223333333333333,3914083
3,3914083,16.999143678401513,28.222477011734846,0
