Operator,Task,Start,Finish,Successor
1,3913952,0.0,11.206666666666667,3913628
1,3913628,17.244801373016877,23.424801373016876,3914050
1,3914050,30.080852414639796,36.26418574797313,3912756
1,3912756,42.24929744512801,48.42929744512801,0
2,3912259,0.0,6.809999999999988,3913114
2,3913114,12.823018544099781,23.999685210766447,3913658
2,3913658,30.023866493644192,36.223866493644195,0
3,3914879,0.0,16.17,3914966
3,3914966,22.157902381849382,43.36790238184938,0
