Operator,Task,Start,Finish,Successor
1,3913656,0.0,6.246666666666666,3913173
1,3913173,12.16759261584831,18.34759261584831,3913590
1,3913590,24.03410105069279,30.02410105069279,3913363
1,3913363,35.838980981483815,42.15231431481715,3913175
1,3913175,48.123472588499595,54.343472588499594,3913176
1,3913176,60.20858484379143,66.44191817712476,3913567
1,3913567,72.3070304324166,78.5270304324166,0
