Operator_ID,Sequence_Rank,From_Node,To_Node,Activity_Type,Travel_Time,Start_Service,Finish_Service,Processing_Time
1,1,0,3913893,Service,5.81208924609653,0.0,6.033333333333333,6.033333333333333
1,2,3913893,3913184,Service,5.9209259491816315,11.95425928251497,18.05425928251497,6.1
1,3,3913184,3913794,Service,5.9209259491816315,23.975185231696607,30.008518565029938,6.033333333333331
1,4,3913794,3913135,Service,5.890228417542244,35.898746982572185,42.02208031590552,6.123333333333335
1,5,3913135,3913883,Service,5.890228417542244,47.912308733447766,53.9456420667811,6.033333333333331
1,6,3913883,3913988,Service,5.9209259491816315,59.866568015962734,65.96656801596274,6.100000000000001
1,7,3913988,0,Return to Base,5.739531444039795,,,
