Operator_ID,Sequence_Rank,From_Node,To_Node,Activity_Type,Travel_Time,Start_Service,Finish_Service,Processing_Time
1,1,0,3913048,Service,10.851158831819387,0.0,10.366666666666667,10.366666666666667
1,2,3913048,3913041,Service,10.348835586811225,20.715502253477887,31.082168920144554,10.366666666666667
1,3,3913041,3913060,Service,10.348835586811225,41.43100450695577,51.79767117362244,10.366666666666667
1,4,3913060,3913022,Service,10.348835586811225,62.14650676043366,72.51317342710033,10.366666666666667
1,5,3913022,3913300,Service,10.348835586811225,82.86200901391155,93.24534234724487,10.383333333333326
1,6,3913300,0,Return to Base,10.837205408346938,,,
