Operator,Task,Start,Finish,Successor
1,3911827,0.0,10.73,3911673
1,3911673,20.863952865335513,31.163952865335514,0
2,3911829,0.0,10.346666666666668,3911675
2,3911675,20.525270487114,30.981937153780667,0
3,3911841,0.0,10.66,3911834
3,3911834,21.259997209315316,31.606663875981983,0
4,3911808,0.0,10.25,3911677
4,3911677,20.383952865335516,30.753952865335513,0
5,3911852,0.0,10.37,3911835
5,3911835,20.503952865335517,31.233952865335517,0
