Operator,Task,Start,Finish,Successor
1,3912391,0.0,11.21,3911737
1,3911737,16.21,22.073333333333334,3914072
1,3914072,32.07333333333334,43.077051282051286,3914060
1,3914060,48.077051282051286,54.02410256410257,0
