Operator,Task,Start,Finish,Successor
1,3911929,0.0,10.38977074740427,3914022
1,3914022,20.49581676579487,30.69134280171957,3912859
1,3912859,40.7945981354157,50.92126480208236,3911945
1,3911945,61.04126424394542,71.27459757727875,3911941
1,3911941,81.3694808568914,91.46614752355806,3911935
1,3911935,101.55265874908726,111.86599208242059,0
