Operator,Task,Start,Finish,Successor
1,3911905,0.0,6.216200672221407,3912345
1,3912345,12.354800027573265,18.771000699794673,3911921
1,3911921,29.915181424535476,41.20804876342355,3914003
1,3914003,52.2322300463013,63.49547018074558,0
2,3911931,0.0,11.216666666666667,3912470
2,3912470,17.240847949544417,23.540847949544418,3914013
2,3914013,29.61247087222849,50.99200487778323,3912477
2,3912477,57.013395475966476,67.01339547596648,0
