Operator_ID,Sequence_Rank,From_Node,To_Node,Activity_Type,Travel_Time,Start_Service,Finish_Service,Processing_Time
1,1,0,3911919,Service,5.488369821535714,-8.881784197001252e-16,6.4786320446472905,6.478632044647291
1,2,3911919,3912839,Service,6.021390598183264,12.500022642830551,18.85679256131036,6.356769918479809
1,3,3912839,3911913,Service,6.0046464900163254,24.861439051326684,31.194772384660016,6.333333333333332
1,4,3911913,3911915,Service,5.0,36.19477238466001,41.19477238466001,5.0
1,5,3911915,3914044,Service,5.0,46.19477238466002,52.58995438228787,6.3951819976278514
1,6,3914044,3912462,Service,6.010227859405305,58.600182241693176,64.91881428634046,6.318632044647288
1,7,3912462,3912458,Service,5.0,69.91881428634046,74.92077966432109,5.001965377980625
1,8,3912458,0,Return to Base,5.0,,,
