Operator,Task,Start,Finish,Successor
1,3912311,0.0,10.586666666666666,3912309
1,3912309,21.0694551188134,31.68612178548007,0
2,3913314,5.329070518200751e-15,10.58333333333334,3913320
2,3913320,21.068912470174578,31.77891247017458,0
3,3912440,0.0,10.616666666666667,3912313
3,3912313,21.124571281063815,31.75123794773048,0
4,3913319,0.0,11.143333333333333,0
