Operator_ID,Sequence_Rank,From_Node,To_Node,Activity_Type,Travel_Time,Start_Service,Finish_Service,Processing_Time
1,1,0,3915311,Service,6.199994418630611,0.0,6.223333333333334,6.223333333333334
1,2,3915311,3913116,Service,5.775810345068162,11.999143678401499,18.22247701173483,6.223333333333333
1,3,3913116,3913397,Service,5.775810345068162,23.998287356802997,30.22162069013633,6.223333333333333
1,4,3913397,3914845,Service,5.775810345068162,35.9974310352045,42.220764368537836,6.223333333333336
1,5,3914845,3913860,Service,5.775810345068162,47.996574713606,54.21990804693934,6.223333333333336
1,6,3913860,3914890,Service,5.775810345068162,59.995718392007504,66.21905172534083,6.223333333333329
1,7,3914890,3915306,Service,5.775810345068162,71.994862070409,78.21819540374233,6.223333333333329
1,8,3915306,3915082,Service,5.775810345068162,83.9940057488105,90.21733908214382,6.223333333333329
1,9,3915082,0,Return to Base,6.199994418630611,,,
