Operator,Task,Start,Finish,Successor
1,3911827,0.0,10.73,3912639
1,3912639,21.243485983786133,31.923485983786133,3913716
1,3913716,42.41743717471083,53.26410384137749,0
2,3911835,0.0,10.73,3913560
2,3913560,21.48906623690122,32.08573290356789,3913602
2,3913602,42.744334491467484,53.34100115813415,0
