Operator,Task,Start,Finish,Successor
1,3914949,0.0,11.223333333333244,3914129
1,3914129,16.999143678401108,28.22247701173444,3915030
1,3915030,33.99828735680265,45.22162069013598,3913727
1,3913727,50.99743103520416,67.22076436853749,3913642
1,3913642,77.99657471360567,84.219908046939,3913639
1,3913639,89.99571839200718,101.2190517253405,3914898
1,3914898,106.99486207040869,128.21819540374202,3914943
1,3914943,133.9940057488102,150.21733908214352,3915001
1,3915001,155.99314942721173,167.21648276054506,0
