Operator,Task,Start,Finish,Successor
1,3911933,0.0,10.227577412383726,3911914
1,3911914,20.328042061385343,30.5589528071024,0
2,3914018,0.03182149143411017,10.335154824767443,3915019
2,3915019,20.435619473769066,30.5589528071024,0
3,3914025,0.0,10.266666666666667,3912493
3,3912493,20.381084739140746,30.521084739140747,0
