Operator,Task,Start,Finish,Successor
1,3913169,-8.881784197001252e-16,5.583333333333332,3916431
1,3916431,11.130307533453331,16.87030753345333,3916443
1,3916443,22.39495625601741,28.134956256017407,3916420
1,3916420,33.65960497858148,39.39960497858148,3913648
1,3913648,44.94657917870148,50.52991251203481,3913763
1,3913763,55.98200343254215,61.645336765875484,0
