Operator_ID,Sequence_Rank,From_Node,To_Node,Activity_Type,Travel_Time,Start_Service,Finish_Service,Processing_Time
1,1,0,3912604,Service,5.94046074204306,0.0,5.946666666666666,5.946666666666666
1,2,3912604,3912616,Service,5.862321570597346,11.80898823726401,17.755654903930676,5.946666666666665
1,3,3912616,3912534,Service,5.862321570597346,23.61797647452802,29.564643141194686,5.946666666666665
1,4,3912534,3912583,Service,5.862321570597346,35.42696471179203,41.3736313784587,5.946666666666665
1,5,3912583,3912510,Service,5.862321570597346,47.23595294905604,53.18261961572271,5.946666666666665
1,6,3912510,0,Return to Base,5.94046074204306,,,
