Operator,Task,Start,Finish,Successor
1,3911908,0.0,10.363333333333333,3911668
1,3911668,21.012252501151156,31.37558583448449,0
2,3911987,0.0,10.25,3911667
2,3911667,21.187755870902926,31.484422537569593,0
3,3911941,0.0,10.224501124828818,3911930
3,3911930,20.358453990164335,30.800263351199952,0
4,3912132,0.0,11.223333333333333,3911660
4,3911660,21.22333333333333,32.33,0
5,3912122,0.0,11.223333333333333,3912104
5,3912104,21.22333333333333,32.33,0
