Operator_ID,Sequence_Rank,From_Node,To_Node,Activity_Type,Travel_Time,Start_Service,Finish_Service,Processing_Time
1,1,0,3913552,Service,6.199994418630611,0.0,6.223333333333334,6.223333333333334
1,2,3913552,3913274,Service,5.775810345068162,11.999143678401513,18.222477011734846,6.223333333333333
1,3,3913274,3913997,Service,5.775810345068162,23.99828735680305,30.221620690136383,6.223333333333333
1,4,3913997,3912277,Service,10.775810345068162,40.99743103520456,52.2207643685379,11.223333333333336
1,5,3912277,3913685,Service,5.775810345068162,57.99657471360608,64.21990804693941,6.223333333333329
1,6,3913685,3915176,Service,5.775810345068162,69.99571839200759,81.21905172534092,11.22333333333333
1,7,3915176,3913213,Service,5.775810345068162,86.9948620704091,103.21819540374243,16.22333333333333
1,8,3913213,3913630,Service,5.775810345068162,108.99400574881061,120.21733908214394,11.22333333333333
1,9,3913630,0,Return to Base,6.199994418630611,,,
