Operator_ID,Sequence_Rank,From_Node,To_Node,Activity_Type,Travel_Time,Start_Service,Finish_Service,Processing_Time
1,1,0,3913893,Service,10.81208924609653,0.0,6.033333333333333,6.033333333333333
1,2,3913893,3913988,Service,10.920925949181632,16.954259282514975,38.05425928251498,21.1
1,3,3913988,3913794,Service,5.9209259491816315,43.975185231696614,60.00851856502995,16.03333333333334
1,4,3913794,3913184,Service,5.9209259491816315,65.92944451421164,72.02944451421163,6.099999999999994
1,5,3913184,3913883,Service,5.9209259491816315,77.95037046339331,83.98370379672664,6.033333333333331
1,6,3913883,3913135,Service,5.890228417542244,89.87393221426888,105.99726554760221,16.123333333333335
1,7,3913135,0,Return to Base,5.756275552206734,,,
