Operator,Task,Start,Finish,Successor
1,3912604,0.0,5.946666666666666,3912616
1,3912616,11.80898823726401,17.755654903930676,3912534
1,3912534,23.61797647452802,29.564643141194686,3912583
1,3912583,35.42696471179203,41.3736313784587,3912510
1,3912510,47.23595294905604,53.18261961572271,0
