Operator,Task,Start,Finish,Successor
1,3913259,0.0,10.383333333333333,3913110
1,3913110,20.721006181366597,31.10433951469993,3913247
1,3913247,41.442012362733195,51.82534569606653,3913219
1,3913219,62.16301854409979,72.54635187743312,3913139
1,3913139,82.88402472546639,93.26735805879972,3913124
1,3913124,103.60503090683298,113.9883642401663,3913165
1,3913165,124.32603708819957,134.7093704215329,3913193
1,3913193,145.04704326956616,155.43037660289949,3913207
1,3913207,165.76804945093275,176.15138278426608,0
