Operator,Task,Start,Finish,Successor
1,3914895,0.0,6.223333333333334,3913487
1,3913487,11.999143678401499,18.22247701173483,3912132
1,3912132,23.998287356802997,30.22162069013633,3912272
1,3912272,35.9974310352045,42.220764368537836,3912166
1,3912166,47.996574713606,54.21990804693934,3913888
1,3913888,59.995718392007504,66.21905172534083,3912207
1,3912207,71.994862070409,78.21819540374233,3912268
1,3912268,83.9940057488105,90.21733908214382,3912136
1,3912136,95.99314942721199,102.21648276054532,0
