Operator_ID,Sequence_Rank,From_Node,To_Node,Activity_Type,Travel_Time,Start_Service,Finish_Service,Processing_Time
1,1,0,3914011,Service,10.54976488481449,0.0,11.473841616304624,11.473841616304624
1,2,3914011,3914042,Service,11.09115771554551,22.56499933185013,33.874999331850134,11.310000000000002
1,3,3914042,3912495,Service,11.038134706350203,44.91313403820034,56.16313403820034,11.25
1,4,3912495,3914036,Service,11.038134706350203,67.20126874455053,78.65292557987722,11.451656835326688
1,5,3914036,3914006,Service,11.038134706350203,89.69106028622744,100.99106028622744,11.299999999999997
1,6,3914006,3914030,Service,11.035344021655714,112.02640430788314,123.33307097454981,11.306666666666672
1,7,3914030,3912465,Service,11.07162292268408,134.40469389723387,145.8380272305672,11.433333333333337
1,8,3912465,0,Return to Base,10.527439407258571,,,
