Operator_ID,Sequence_Rank,From_Node,To_Node,Activity_Type,Travel_Time,Start_Service,Finish_Service,Processing_Time
1,1,0,3913602,Service,21.19999441863061,0.0,5.596666666666667,5.596666666666667
1,2,3913602,3911827,Service,5.759066236901224,11.355732903567887,27.085732903567887,15.73
1,3,3911827,3913716,Service,5.759066236901224,32.84479914046911,38.69146580713577,5.846666666666664
1,4,3913716,0,Return to Base,11.199994418630611,,,
2,1,0,3913560,Service,11.199994418630611,0.0,15.596666666666668,15.596666666666668
2,2,3913560,3911835,Service,5.759066236901224,21.355732903567887,27.085732903567887,5.73
2,3,3911835,3912639,Service,10.513485983786122,37.59921888735401,43.27921888735401,5.68
2,4,3912639,0,Return to Base,6.375807554383468,,,
