Operator_ID,Sequence_Rank,From_Node,To_Node,Activity_Type,Travel_Time,Start_Service,Finish_Service,Processing_Time
1,1,0,3913203,Service,5.887437732847754,0.0,5.413333333333333,5.413333333333333
1,2,3913203,3913137,Service,5.466044343979795,10.879377677313123,16.292711010646457,5.413333333333334
1,3,3913137,3913245,Service,5.466044343979795,21.758755354626246,27.17208868795958,5.413333333333334
1,4,3913245,3913121,Service,5.466044343979795,32.63813303193937,38.0514663652727,5.413333333333334
1,5,3913121,3913166,Service,5.466044343979795,43.51751070925249,48.930844042585825,5.413333333333334
1,6,3913166,3913154,Service,5.466044343979795,54.396888386565614,59.81022171989895,5.413333333333334
1,7,3913154,3913201,Service,5.466044343979795,65.27626606387874,70.68959939721206,5.413333333333327
1,8,3913201,3913240,Service,5.466044343979795,76.15564374119185,81.56897707452518,5.413333333333327
1,9,3913240,0,Return to Base,5.887437732847754,,,
