Operator_ID,Sequence_Rank,From_Node,To_Node,Activity_Type,Travel_Time,Start_Service,Finish_Service,Processing_Time
1,1,0,3912643,Service,11.174878256380202,0.0,11.252561077536415,11.252561077536415
1,2,3912643,3912702,Service,10.764647606290204,22.01720868382661,33.26976976136302,11.252561077536413
1,3,3912702,3913948,Service,10.764647606290204,44.03441736765322,55.24441736765322,11.21
1,4,3913948,3912591,Service,10.764647606290204,66.00906497394342,77.26162605147984,11.252561077536413
1,5,3912591,3912678,Service,10.764647606290204,88.02627365777003,99.27883473530645,11.252561077536413
1,6,3912678,3912928,Service,10.764647606290204,110.04348234159664,121.29604341913306,11.252561077536413
1,7,3912928,3913946,Service,10.764647606290204,132.06069102542324,143.27069102542325,11.210000000000008
1,8,3913946,3912932,Service,10.764647606290204,154.03533863171344,165.28789970924987,11.252561077536427
1,9,3912932,0,Return to Base,11.174878256380202,,,
