Operator_ID,Sequence_Rank,From_Node,To_Node,Activity_Type,Travel_Time,Start_Service,Finish_Service,Processing_Time
1,1,0,3914016,Service,10.613950632787754,0.0,11.249231787683145,11.249231787683145
1,2,3914016,3912474,Service,10.94046074204306,22.189692529726212,33.40892431740936,11.219231787683146
1,3,3912474,3912479,Service,10.834414723652449,44.24333904106181,55.45257082874495,11.209231787683144
1,4,3912479,3913522,Service,10.828833354263468,66.28140418300845,77.24140418300844,10.959999999999994
1,5,3913522,3912623,Service,10.837205408346938,88.07860959135537,99.27784137903852,11.199231787683146
1,6,3912623,3913530,Service,10.837205408346938,110.11504678738547,121.07504678738546,10.959999999999994
1,7,3913530,3913321,Service,10.837205408346938,131.91225219573244,143.0258738213879,11.113621625655469
1,8,3913321,0,Return to Base,10.613950632787754,,,
