Operator_ID,Sequence_Rank,From_Node,To_Node,Activity_Type,Travel_Time,Start_Service,Finish_Service,Processing_Time
1,1,0,3912604,Service,10.94046074204306,0.0,10.946666666666667,10.946666666666667
1,2,3912604,3912616,Service,10.862321570597345,21.80898823726401,32.755654903930676,10.946666666666665
1,3,3912616,3912534,Service,10.862321570597345,43.61797647452802,54.564643141194686,10.946666666666665
1,4,3912534,3912583,Service,10.862321570597345,65.42696471179204,76.37363137845871,10.946666666666673
1,5,3912583,3912510,Service,10.862321570597345,87.23595294905606,98.18261961572273,10.946666666666673
1,6,3912510,0,Return to Base,10.94046074204306,,,
