Operator_ID,Sequence_Rank,From_Node,To_Node,Activity_Type,Travel_Time,Start_Service,Finish_Service,Processing_Time
1,1,0,3914761,Service,6.199994418630611,0.0,5.466666666666667,5.466666666666667
1,2,3914761,3911683,Service,5.0,10.466666666666667,15.466666666666667,5.0
1,3,3911683,3914728,Service,5.0,20.46666666666667,25.933333333333337,5.466666666666669
1,4,3914728,3914746,Service,5.0,30.933333333333337,36.400000000000006,5.466666666666669
1,5,3914746,3913480,Service,5.0,41.400000000000006,46.400000000000006,5.0
1,6,3913480,3911684,Service,5.0,51.400000000000006,56.400000000000006,5.0
1,7,3911684,3913674,Service,5.0,61.400000000000006,66.4,5.0
1,8,3913674,0,Return to Base,6.199994418630611,,,
