Operator,Task,Start,Finish,Successor
1,3913888,0.0,11.223333333333333,3912207
1,3912207,21.999143678401484,33.22247701173482,3912132
1,3912132,43.99828735680297,55.221620690136305,3912272
1,3912272,65.99743103520446,77.22076436853779,3912166
1,3912166,87.99657471360594,99.21990804693927,3912268
1,3912268,109.99571839200742,121.21905172534075,3912136
1,3912136,131.99486207040889,143.21819540374221,3914895
1,3914895,153.99400574881037,165.2173390821437,3913487
1,3913487,175.99314942721185,187.21648276054518,0
