Operator_ID,Sequence_Rank,From_Node,To_Node,Activity_Type,Travel_Time,Start_Service,Finish_Service,Processing_Time
1,1,0,3913169,Service,6.2334826349644885,-8.881784197001252e-16,5.583333333333332,5.583333333333333
1,2,3913169,3916431,Service,5.546974200119999,11.130307533453331,16.87030753345333,5.74
1,3,3916431,3916443,Service,5.524648722564081,22.39495625601741,28.134956256017407,5.739999999999998
1,4,3916443,3916420,Service,5.524648722564081,33.65960497858148,39.39960497858148,5.740000000000002
1,5,3916420,3913648,Service,5.546974200119999,44.94657917870148,50.52991251203481,5.583333333333336
1,6,3913648,3913763,Service,5.452090920507347,55.98200343254215,61.645336765875484,5.663333333333334
1,7,3913763,0,Return to Base,6.010227859405305,,,
