Operator,Task,Start,Finish,Successor
1,3913674,0.0,10.0,3914746
1,3914746,19.999999999999986,30.466666666666654,3911683
1,3911683,35.466666666666654,50.466666666666654,0
2,3914761,0.0,5.466666666666667,3911684
2,3911684,10.466666666666667,20.46666666666667,3914728
2,3914728,25.46666666666667,35.93333333333334,3913480
2,3913480,45.93333333333334,50.93333333333334,0
