Operator_ID,Sequence_Rank,From_Node,To_Node,Activity_Type,Travel_Time,Start_Service,Finish_Service,Processing_Time
1,1,0,3912461,Service,6.462318779912652,0.0,15.113333333333333,15.113333333333333
1,2,3912461,3914002,Service,10.108836703085101,25.222170036418436,30.328836703085102,5.106666666666666
1,3,3914002,0,Return to Base,21.490225626857548,,,
2,1,0,3915103,Service,16.46231877991265,0.0,15.347314938650007,15.347314938650007
2,2,3915103,3912851,Service,5.209301352086735,20.556616290736734,30.799949624070067,10.243333333333332
2,3,3912851,3912850,Service,5.1004646490016325,35.90041427307169,41.1077292117217,5.207314938650008
2,4,3912850,0,Return to Base,16.46231877991265,,,
