Operator_ID,Sequence_Rank,From_Node,To_Node,Activity_Type,Travel_Time,Start_Service,Finish_Service,Processing_Time
1,1,0,3912363,Service,10.915344579792652,0.0,11.186666666666667,11.186666666666667
1,2,3912363,3912382,Service,11.043716075739182,22.23038274240585,33.45371607573918,11.22333333333333
1,3,3912382,3912431,Service,11.043716075739182,44.497432151478364,55.72076548481169,11.22333333333333
1,4,3912431,3912469,Service,11.043716075739182,66.76448156055088,77.9878148938842,11.22333333333333
1,5,3912469,3913020,Service,11.035344021655714,89.02315891553992,100.38315891553992,11.36
1,6,3913020,0,Return to Base,10.733950074650815,,,
