Operator_ID,Sequence_Rank,From_Node,To_Node,Activity_Type,Travel_Time,Start_Service,Finish_Service,Processing_Time
1,1,0,3912749,Service,6.174878256380203,0.0,6.21,6.21
1,2,3912749,3912763,Service,5.764647606290203,11.974647606290198,18.1846476062902,6.210000000000001
1,3,3912763,3912934,Service,5.764647606290203,23.949295212580395,30.159295212580396,6.210000000000001
1,4,3912934,3912773,Service,5.764647606290203,35.92394281887059,42.133942818870594,6.210000000000001
1,5,3912773,0,Return to Base,6.174878256380203,,,
2,1,0,3913939,Service,6.174878256380203,0.0,6.21,6.21
2,2,3913939,3912387,Service,5.764647606290203,11.974647606290198,18.1846476062902,6.210000000000001
2,3,3912387,3912729,Service,5.764647606290203,35.92394281887059,42.133942818870594,6.210000000000001
2,4,3912729,0,Return to Base,6.174878256380203,,,
