Operator_ID,Sequence_Rank,From_Node,To_Node,Activity_Type,Travel_Time,Start_Service,Finish_Service,Processing_Time
1,1,0,3914072,Service,11.423249194189793,0.0,11.003717948717949,11.003717948717949
1,2,3914072,3914060,Service,10.0,21.00371794871795,31.950769230769232,10.947051282051284
1,3,3914060,3912391,Service,10.0,41.95076923076923,53.16076923076923,11.21
1,4,3912391,3911737,Service,10.0,63.16076923076923,74.02410256410256,10.86333333333333
1,5,3911737,0,Return to Base,10.0,,,
