Operator,Task,Start,Finish,Successor
1,3913259,0.0,5.383333333333334,3913110
1,3913110,10.721006181366597,16.10433951469993,3913247
1,3913247,21.442012362733195,26.825345696066528,3913219
1,3913219,32.16301854409979,37.546351877433125,3913139
1,3913139,42.88402472546639,48.26735805879972,3913124
1,3913124,53.60503090683299,58.98836424016632,3913165
1,3913165,64.32603708819958,69.70937042153292,3913193
1,3913193,75.04704326956619,80.43037660289953,3913207
1,3913207,85.76804945093279,91.15138278426613,0
