Operator,Task,Start,Finish,Successor
1,3916162,0.0,5.123333333333333,3916152
1,3916152,10.34100673950354,15.464340072836873,3913617
1,3913617,20.66806005553462,25.931393388867953,3912924
1,3912924,31.093253101148356,36.603253101148354,3913608
1,3913608,41.76511281342876,47.02844614676209,3912950
1,3912950,52.190305859042496,57.700305859042494,0
