Operator,Task,Start,Finish,Successor
1,3912839,0.0,11.35676991847981,3911913
1,3911913,22.36141640849612,33.694749741829455,0
2,3912458,0.0,10.001965377980625,3914044
2,3914044,22.14049871661569,33.53568071424354,0
3,3911915,0.0,10.0,3911919
3,3911919,21.13301798596285,32.61165003061014,0
4,3912462,-1.7763568394002505e-15,11.31863204464729,0
