Operator_ID,Sequence_Rank,From_Node,To_Node,Activity_Type,Travel_Time,Start_Service,Finish_Service,Processing_Time
1,1,0,3912313,Service,10.613950632787754,0.0,10.626666666666667,10.626666666666667
1,2,3912313,3912309,Service,5.530230091953061,16.15689675861971,21.773563425286376,5.616666666666667
1,3,3912309,3912440,Service,10.507904614397143,32.281468039683524,47.89813470635019,15.616666666666667
1,4,3912440,3913320,Service,5.516276668480612,53.4144113748308,64.1244113748308,10.71
1,5,3913320,0,Return to Base,10.527439407258571,,,
2,1,0,3912311,Service,20.636276110343672,0.0,20.586666666666666,20.586666666666666
2,2,3912311,3913319,Service,10.717205966483878,31.30387263315056,47.44720596648389,16.14333333333333
2,3,3913319,3913314,Service,5.597206524620816,53.044412491104744,68.62774582443808,15.583333333333336
2,4,3913314,0,Return to Base,5.6362761103436725,,,
