Operator,Task,Start,Finish,Successor
1,3912185,0.0,15.986666666666666,3912171
1,3912171,22.00247589546096,37.989142562127626,3912628
1,3912628,43.87937097966986,49.82937097966986,0
2,3912193,0.0,5.986666666666666,3912659
2,3912659,11.876895084208869,17.826895084208868,3912614
2,3912614,38.68642597011174,54.636425970111745,3912645
2,3912645,60.495956856014615,66.44595685601462,0
