Operator,Task,Start,Finish,Successor
1,3911934,0.0,11.24571704320143,3911900
1,3911900,21.717342756570226,32.48808986698725,3912847
1,3912847,42.998785166078875,54.29676387541352,3912852
1,3912852,65.28187557256842,76.55640261683676,3914031
1,3914031,87.56104910685308,98.73902781618771,0
2,3911896,0.0,11.32797870933464,3912459
2,3912459,22.444252587130563,33.914137967399526,3914038
2,3914038,44.977388836000145,56.32405550266681,3914033
2,3914033,67.41521321821232,78.92521321821232,0
