Operator_ID,Sequence_Rank,From_Node,To_Node,Activity_Type,Travel_Time,Start_Service,Finish_Service,Processing_Time
1,1,0,3912487,Service,6.34790070743857,8.881784197001252e-16,5.826666666666667,5.826666666666666
1,2,3912487,3912676,Service,5.588834470537346,11.415501137204018,16.712167803870685,5.296666666666667
1,3,3912676,3912704,Service,5.248370937809591,21.96053874168028,27.257205408346948,5.296666666666667
1,4,3912704,3911669,Service,5.0,32.25720540834695,37.71053874168028,5.453333333333333
1,5,3911669,3912642,Service,5.0,42.71053874168028,48.00720540834695,5.296666666666667
1,6,3912642,3911700,Service,5.332091478644285,53.339296886991235,58.8959635536579,5.556666666666665
1,7,3911700,0,Return to Base,5.0,,,
