Operator,Task,Start,Finish,Successor
1,3913083,0.0,6.223333333333334,3914951
1,3914951,16.999143678401513,28.222477011734846,3913713
1,3913713,33.998287356803026,45.22162069013636,3913622
1,3913622,50.99743103520454,62.22076436853787,3912671
1,3912671,67.99657471360605,84.21990804693938,3913231
1,3913231,89.99571839200756,101.21905172534089,3913073
1,3913073,106.99486207040907,118.2181954037424,3913058
1,3913058,123.99400574881058,135.21733908214392,3912340
1,3912340,145.9931494272121,167.21648276054543,0
