Operator_ID,Sequence_Rank,From_Node,To_Node,Activity_Type,Travel_Time,Start_Service,Finish_Service,Processing_Time
1,1,0,3912387,Service,6.174878256380203,3.552713678800501e-15,16.210000000000004,16.21
1,2,3912387,3912749,Service,5.764647606290203,21.97464760629023,28.18464760629023,6.210000000000001
1,3,3912749,3912729,Service,5.764647606290203,33.94929521258045,40.15929521258045,6.210000000000001
1,4,3912729,3912934,Service,10.764647606290204,50.92394281887068,72.13394281887068,21.21
1,5,3912934,3912763,Service,5.764647606290203,77.8985904251609,89.10859042516091,11.210000000000008
1,6,3912763,3913939,Service,5.764647606290203,94.87323803145114,116.08323803145115,21.210000000000008
1,7,3913939,3912773,Service,5.764647606290203,121.84788563774134,143.05788563774135,21.210000000000008
1,8,3912773,0,Return to Base,6.174878256380203,,,
