Operator_ID,Sequence_Rank,From_Node,To_Node,Activity_Type,Travel_Time,Start_Service,Finish_Service,Processing_Time
1,1,0,3913693,Service,6.462318779912652,0.0,16.65685897435897,16.65685897435897
1,2,3913693,3914138,Service,6.266970851298366,22.923829825657336,39.54382982565734,16.620000000000005
1,3,3914138,0,Return to Base,6.451156041134692,,,
2,1,0,3915094,Service,21.19999441863061,0.0,11.260192307692307,11.260192307692307
2,2,3915094,3914839,Service,5.775810345068162,17.03600265276046,23.296194960452766,6.260192307692307
2,3,3914839,3913954,Service,5.775810345068162,29.072005305520918,35.77553094654656,6.703525641025642
2,4,3913954,0,Return to Base,11.470690833996121,,,
