Operator_ID,Sequence_Rank,From_Node,To_Node,Activity_Type,Travel_Time,Start_Service,Finish_Service,Processing_Time
1,1,0,3911827,Service,11.199994418630611,0.0,10.73,10.73
1,2,3911827,3912639,Service,10.513485983786122,21.243485983786133,31.923485983786133,10.68
1,3,3912639,3913716,Service,10.493951190924694,42.41743717471083,53.26410384137749,10.846666666666664
1,4,3913716,0,Return to Base,11.199994418630611,,,
2,1,0,3911835,Service,11.199994418630611,0.0,10.73,10.73
2,2,3911835,3913560,Service,10.759066236901223,21.48906623690122,32.08573290356789,10.596666666666668
2,3,3913560,3913602,Service,10.658601587899591,42.744334491467484,53.34100115813415,10.596666666666664
2,4,3913602,0,Return to Base,11.199994418630611,,,
