Operator_ID,Sequence_Rank,From_Node,To_Node,Activity_Type,Travel_Time,Start_Service,Finish_Service,Processing_Time
1,1,0,3913140,Service,5.792554453235101,8.881784197001252e-16,5.530000000000001,5.53
1,2,3913140,3913921,Service,5.332091478644285,10.862091478644292,16.185424811977626,5.323333333333334
1,3,3913921,3916302,Service,5.078139171445714,21.26356398342334,26.26356398342334,5.0
1,4,3916302,3913922,Service,5.078139171445714,31.341703154869055,36.61836982153572,5.276666666666667
1,5,3913922,3916229,Service,5.078139171445714,41.696508992981435,46.696508992981435,5.0
1,6,3916229,3913925,Service,5.452090920507347,52.14859991348878,58.095266580155446,5.946666666666665
1,7,3913925,0,Return to Base,5.742322128734285,,,
