Operator,Task,Start,Finish,Successor
1,3912459,0.0,11.469885380268964,3914038
1,3914038,17.533136248869546,23.87980291553621,3912852
1,3912852,34.83235074221316,46.106877786481505,0
2,3911900,0.0,5.7707471104170285,3911934
2,3911934,12.4476056877889,28.69332273099033,3911896
2,3911896,34.77889907714686,46.106877786481505,0
3,3914031,0.0,11.17797870933464,3914033
3,3914033,22.238438893240755,33.74843889324075,3912847
3,3912847,39.80889907714687,51.106877786481505,0
