Operator,Task,Start,Finish,Successor
1,3913017,0.0,5.2,3911717
1,3911717,10.364650396974891,15.561317063641557,3913000
1,3913000,20.72596746061645,25.925967460616448,3911746
1,3911746,31.09061785759134,36.287284524258006,3911742
1,3911742,41.4519349212329,46.64860158789956,3912511
1,3912511,51.813251984874455,57.01325198487446,3911727
1,3911727,62.17790238184935,67.37456904851602,3911722
1,3911722,72.53921944549091,77.73588611215759,3911733
1,3911733,82.90053650913248,88.09720317579915,0
