Operator,Task,Start,Finish,Successor
1,3911668,0.0,5.363333333333333,3911908
1,3911908,10.653564541560272,16.016897874893605,3913469
1,3913469,21.309919767815042,26.64658643448171,3913146
1,3913146,31.928445588625188,37.28177892195852,3913458
1,3913458,42.563638076102,47.90030474276867,3913505
1,3913505,53.18495458160664,58.521621248273306,3913527
1,3913527,63.80627108711128,69.14293775377794,3913485
1,3913485,74.42758759261591,79.76425425928258,3913508
1,3913508,85.04890409812054,90.38557076478722,0
