Operator_ID,Sequence_Rank,From_Node,To_Node,Activity_Type,Travel_Time,Start_Service,Finish_Service,Processing_Time
1,1,0,3911929,Service,11.487434942163059,0.0,10.38977074740427,10.38977074740427
1,2,3911929,3911941,Service,10.097673964307143,20.513565099697217,30.61023176636388,10.096666666666664
1,3,3911941,0,Return to Base,11.462318779912652,,,
2,1,0,3914022,Service,11.462318779912652,0.0,10.1955260359247,10.1955260359247
2,2,3914022,3911945,Service,10.117208757168571,20.312734793093284,30.54606812642662,10.233333333333334
2,3,3911945,0,Return to Base,11.487434942163059,,,
3,1,0,3912859,Service,11.462318779912652,0.0,10.126666666666667,10.126666666666667
3,2,3912859,3911935,Service,10.170231766363877,20.29689843303055,30.61023176636388,10.313333333333333
3,3,3911935,0,Return to Base,11.462318779912652,,,
