Operator,Task,Start,Finish,Successor
1,3913328,0.0,5.64,3912409
1,3912409,11.159067353175104,16.81573401984177,3913964
1,3913964,22.318057264849926,27.934723931516594,3912541
1,3912541,33.43704717652475,39.05038050985809,3912364
1,3912364,44.5666571783387,50.22332384500537,3912878
1,3912878,55.73960051348598,61.332933846819316,3912394
1,3912394,66.84921051529993,72.5058771819666,0
