Operator,Task,Start,Finish,Successor
1,3912678,0.0,16.252561077536416,3912643
1,3912643,27.017208683826667,33.26976976136308,3912932
1,3912932,39.034417367653305,45.28697844518972,3912928
1,3912928,56.05162605147994,67.30418712901636,0
2,3912591,0.0,21.252561077536416,3913948
2,3913948,27.01720868382664,33.22720868382664,3912702
2,3912702,38.991856290116864,50.24441736765328,3913946
2,3913946,56.0090649739435,72.2190649739435,0
