Operator,Task,Start,Finish,Successor
1,3914981,0.0,6.223333333333334,3913983
1,3913983,21.999143678401513,38.222477011734846,3912258
1,3912258,43.998287356803026,50.22162069013636,3914970
1,3914970,55.99743103520454,77.22076436853787,3912194
1,3912194,82.99657471360605,104.21990804693938,3913694
1,3913694,114.99571839200756,126.21905172534089,3913651
1,3913651,131.99486207040906,153.21819540374238,0
