Operator_ID,Sequence_Rank,From_Node,To_Node,Activity_Type,Travel_Time,Start_Service,Finish_Service,Processing_Time
1,1,0,3912705,Service,11.331156599271631,0.0,11.053333333333333,11.053333333333333
1,2,3912705,3913517,Service,10.837205408346938,23.14859433211939,34.32526099878606,11.176666666666666
1,3,3913517,0,Return to Base,10.0,,,
2,1,0,3912730,Service,11.331156599271631,0.0,11.053333333333333,11.053333333333333
2,2,3912730,3913699,Service,10.865112255291836,23.13859433211939,34.32526099878606,11.186666666666667
2,3,3913699,0,Return to Base,10.0,,,
3,1,0,3912720,Service,11.331156599271631,0.0,11.053333333333333,11.053333333333333
3,2,3912720,3912737,Service,10.887437732847754,21.940771066181092,32.99410439951443,11.053333333333335
3,3,3912737,0,Return to Base,11.331156599271631,,,
