Operator_ID,Sequence_Rank,From_Node,To_Node,Activity_Type,Travel_Time,Start_Service,Finish_Service,Processing_Time
1,1,0,3912458,Service,10.0,0.0,5.001965377980625,5.001965377980625
1,2,3912458,3911915,Service,5.0,10.001965377980298,15.001965377980298,5.0
1,3,3911915,3911913,Service,5.0,20.001965377980298,26.33529871131363,6.333333333333332
1,4,3911913,3912839,Service,6.0046464900163254,32.33994520132997,43.69671511980978,11.356769918479813
1,5,3912839,3911919,Service,6.021390598183264,49.718105717993026,61.19673776264032,11.478632044647291
1,6,3911919,3914044,Service,11.216738526797549,72.41347628943785,78.80865828706571,6.3951819976278586
1,7,3914044,3912462,Service,6.010227859405305,84.818886146471,101.13751819111829,16.318632044647288
1,8,3912462,0,Return to Base,10.488369821535713,,,
