Operator,Task,Start,Finish,Successor
1,3911829,0.0,5.346666666666667,3911740
1,3911740,10.622944451421159,15.966277784754492,3911666
1,3911666,21.242555569508983,26.58922223617565,3911744
1,3911744,31.865500020930142,37.208833354263476,3911834
1,3911834,42.48511113901797,47.83177780568463,0
