Operator,Task,Start,Finish,Successor
1,3913741,0.0,6.18,3912104
1,3912104,12.109298003265103,18.21596466993177,3912211
1,3912211,23.21596466993177,29.322631336598434,3912270
1,3912270,34.322631336598434,40.4292980032651,3912155
1,3912155,45.4292980032651,51.53596466993177,3912244
1,3912244,56.53596466993177,62.64263133659844,3911730
1,3911730,68.57192933986354,74.75192933986355,3913556
1,3913556,80.88215664113191,86.69548997446525,0
