Operator_ID,Sequence_Rank,From_Node,To_Node,Activity_Type,Travel_Time,Start_Service,Finish_Service,Processing_Time
1,1,0,3912391,Service,11.174878256380202,0.0,11.21,11.21
1,2,3912391,3911737,Service,5.0,16.21,22.073333333333334,5.863333333333333
1,3,3911737,3914072,Service,10.0,32.07333333333334,43.077051282051286,11.003717948717949
1,4,3914072,3914060,Service,5.0,48.077051282051286,54.02410256410257,5.947051282051284
1,5,3914060,0,Return to Base,10.0,,,
