Operator_ID,Sequence_Rank,From_Node,To_Node,Activity_Type,Travel_Time,Start_Service,Finish_Service,Processing_Time
1,1,0,3911929,Service,11.487434942163059,0.0,10.38977074740427,10.38977074740427
1,2,3911929,3914022,Service,10.106046018390613,20.49581676579487,30.69134280171957,10.1955260359247
1,3,3914022,3912859,Service,10.103255333696122,40.7945981354157,50.92126480208236,10.126666666666665
1,4,3912859,3911945,Service,10.119999441863062,61.04126424394542,71.27459757727875,10.233333333333334
1,5,3911945,3911941,Service,10.094883279612652,81.3694808568914,91.46614752355806,10.096666666666664
1,6,3911941,3911935,Service,10.086511225529184,101.55265874908726,111.86599208242059,10.313333333333333
1,7,3911935,0,Return to Base,11.462318779912652,,,
