Operator_ID,Sequence_Rank,From_Node,To_Node,Activity_Type,Travel_Time,Start_Service,Finish_Service,Processing_Time
1,1,0,3912720,Service,21.33115659927163,0.0,6.053333333333333,6.053333333333333
1,2,3912720,3913517,Service,5.837205408346938,11.890538741680306,33.06720540834697,21.176666666666666
1,3,3913517,3912730,Service,5.837205408346938,38.90441081669393,54.95774415002727,16.053333333333335
1,4,3912730,3912737,Service,5.887437732847754,60.845181882875,81.89851521620834,21.053333333333335
1,5,3912737,3912705,Service,10.887437732847754,92.78595294905611,98.83928628238944,6.0533333333333275
1,6,3912705,3913699,Service,5.8651122552918356,104.70439853768126,120.89106520434792,16.186666666666667
1,7,3913699,0,Return to Base,5.0,,,
