Operator,Task,Start,Finish,Successor
1,3914072,0.0,6.003717948717949,3911737
1,3911737,11.003717948717949,16.867051282051282,3912391
1,3912391,21.867051282051282,28.077051282051283,3914060
1,3914060,33.077051282051286,39.02410256410257,0
