Operator,Task,Start,Finish,Successor
1,3912705,0.0,11.053333333333333,3913517
1,3913517,23.14859433211939,34.32526099878606,0
2,3912730,0.0,11.053333333333333,3913699
2,3913699,23.13859433211939,34.32526099878606,0
3,3912720,0.0,11.053333333333333,3912737
3,3912737,21.940771066181092,32.99410439951443,0
