Operator,Task,Start,Finish,Successor
1,3913920,0.0,11.209999999999866,3912378
1,3912378,21.974647606290063,33.18464760629006,3913934
1,3913934,43.94929521258026,55.15929521258026,3912903
1,3912903,65.92394281887046,77.13394281887045,3912637
1,3912637,87.89859042516065,99.10859042516066,3913960
1,3913960,109.87323803145085,121.08323803145086,3913928
1,3913928,131.84788563774106,143.05788563774107,3913955
1,3913955,153.82253324403126,165.03253324403127,0
