Operator,Task,Start,Finish,Successor
1,3914724,0.0,6.223333333333322,3914091
1,3914091,16.999143678401502,23.222477011734835,3914094
1,3914094,28.998287356803015,40.22162069013635,0
2,3914714,0.0,16.223333333333333,0
3,3915132,0.0,6.223333333333334,3912222
3,3912222,11.999143678401513,33.222477011734846,0
4,3914793,0.0,6.2233333333333345,3914739
4,3914739,11.999143678401515,18.222477011734846,3913513
4,3913513,23.998287356803026,35.22162069013636,0
