Operator_ID,Sequence_Rank,From_Node,To_Node,Activity_Type,Travel_Time,Start_Service,Finish_Service,Processing_Time
1,1,0,3911683,Service,11.225110580881019,0.0,10.0,10.0
1,2,3911683,3911684,Service,10.0,20.0,30.0,10.0
1,3,3911684,3913480,Service,10.0,40.0,50.0,10.0
1,4,3913480,3913674,Service,10.0,60.0,70.0,10.0
1,5,3913674,0,Return to Base,11.199994418630611,,,
2,1,0,3914746,Service,11.199994418630611,0.0,10.466666666666667,10.466666666666667
2,2,3914746,3914728,Service,10.0,20.46666666666667,30.933333333333334,10.466666666666665
2,3,3914728,3914761,Service,10.0,40.93333333333334,51.400000000000006,10.466666666666669
2,4,3914761,0,Return to Base,11.199994418630611,,,
