Operator,Task,Start,Finish,Successor
1,3916420,0.0,10.74,3916431
1,3916431,21.264648722564054,37.004648722564056,3913763
1,3913763,42.551622922684075,58.21495625601741,3913648
1,3913648,63.6670471765248,79.25038050985813,3916443
1,3916443,99.79735470997812,120.53735470997812,3913169
1,3913169,126.08432891009814,146.66766224343147,0
