Operator,Task,Start,Finish,Successor
1,3912591,0.0,6.252561077536415,3912932
1,3912932,12.017208683826608,18.269769761363023,3913946
1,3913946,24.03441736765322,30.24441736765322,3912643
1,3912643,36.00906497394342,42.26162605147983,0
2,3912928,0.0,6.252561077536415,3912702
2,3912702,12.017208683826608,18.269769761363023,3913948
2,3913948,24.03441736765322,30.24441736765322,3912678
2,3912678,36.00906497394342,42.26162605147983,0
