Operator,Task,Start,Finish,Successor
1,3912493,0.0,10.14,3911914
1,3911914,20.24046464900162,30.471375394718677,3914018
1,3914018,40.56904935902582,50.87238269235915,3911933
1,3911933,60.9700566566663,71.19763406905003,3914025
1,3914025,81.29809871805165,91.56476538471831,3915019
1,3915019,101.66802071841444,111.79135405174777,0
