Operator,Task,Start,Finish,Successor
1,3913051,0.0,11.223333333333333,0
2,3913614,0.0,11.223333333333333,3913217
2,3913217,21.999143678401484,33.22247701173482,0
3,3912997,0.0,11.223333333333333,3913666
3,3913666,21.999143678401484,33.22247701173482,0
4,3913327,0.0,11.223333333333333,3913015
4,3913015,21.999143678401484,33.22247701173482,0
5,3912989,0.0,11.223333333333333,3912122
5,3912122,21.999143678401484,33.22247701173482,0
