Operator_ID,Sequence_Rank,From_Node,To_Node,Activity_Type,Travel_Time,Start_Service,Finish_Service,Processing_Time
1,1,0,3913262,Service,20.80650787670755,0.0,5.9666666666665265,5.9666666666665265
1,2,3913262,3913457,Service,10.898600471625713,16.865267138292268,27.731933804958935,10.866666666666667
1,3,3913457,3913428,Service,5.792554453235101,33.524488258194026,49.39115492486069,15.866666666666667
1,4,3913428,3913445,Service,5.792554453235101,55.18370937809578,61.050376044762444,5.866666666666667
1,5,3913445,3913486,Service,5.792554453235101,66.84293049799753,87.70959716466419,20.86666666666666
1,6,3913486,3913414,Service,5.792554453235101,93.50215161789927,109.36881828456595,15.866666666666674
1,7,3913414,3913472,Service,5.792554453235101,115.16137273780103,121.0280394044677,5.866666666666674
1,8,3913472,3913912,Service,5.764647606290203,126.79268701075793,137.72602034409127,10.933333333333337
1,9,3913912,0,Return to Base,5.848368147124897,,,
