Operator,Task,Start,Finish,Successor
1,3913528,0.0,11.223333333333244,3915053
1,3915053,21.999143678401396,33.222477011734725,3914801
1,3914801,43.99828735680288,55.221620690136206,3913507
1,3913507,65.99743103520436,77.22076436853769,3912726
1,3912726,87.99657471360584,99.21990804693917,3913088
1,3913088,109.99571839200732,121.21905172534065,3913615
1,3913615,131.9948620704088,143.21819540374213,3915041
1,3915041,153.99400574881028,165.2173390821436,0
