Operator_ID,Sequence_Rank,From_Node,To_Node,Activity_Type,Travel_Time,Start_Service,Finish_Service,Processing_Time
1,1,0,3913883,Service,10.81208924609653,0.0,11.033333333333333,11.033333333333333
1,2,3913883,3913988,Service,10.920925949181632,21.96363919237583,33.06363919237583,11.100000000000001
1,3,3913988,0,Return to Base,10.739531444039795,,,
2,1,0,3913794,Service,10.81208924609653,0.0,11.033333333333333,11.033333333333333
2,2,3913794,3913184,Service,10.920925949181632,21.96363919237583,33.06363919237583,11.100000000000001
2,3,3913184,0,Return to Base,10.739531444039795,,,
3,1,0,3913893,Service,10.81208924609653,0.0,11.033333333333333,11.033333333333333
3,2,3913893,3913135,Service,10.890228417542243,21.923561750875564,33.0468950842089,11.123333333333335
3,3,3913135,0,Return to Base,10.756275552206734,,,
