Operator,Task,Start,Finish,Successor
1,3913108,0.0,10.926666666666666,3913147
1,3913147,31.699686327040343,37.50548026797544,3913042
1,3913042,47.910129548676466,58.40012954867647,3912956
1,3912956,63.40012954867647,84.01894168375904,0
